device_id,device_type,location,timestamp,temperature,humidity,status
DEV001,vibration,東京,2026-04-27 00:00:00,25.5,44.5,normal
DEV002,temperature,愛知,2026-04-27 00:00:00,18.5,41.6,normal
DEV003,humidity,東京,2026-04-27 00:00:00,28.4,48.1,normal
DEV004,temperature,東京,2026-04-27 00:00:00,22.3,58.1,normal
DEV005,vibration,東京,2026-04-27 00:00:00,20.1,36.5,normal
DEV006,vibration,愛知,2026-04-27 00:00:00,29.1,38.8,normal
DEV007,vibration,東京,2026-04-27 00:00:00,27.3,31.3,normal
DEV008,vibration,大阪,2026-04-27 00:00:00,18.8,52.7,normal
DEV009,temperature,東京,2026-04-27 00:00:00,24.0,55.7,normal
DEV010,temperature,東京,2026-04-27 00:00:00,21.0,40.5,N/A
DEV011,temperature,愛知,2026-04-27 00:00:00,25.0,69.9,normal
DEV012,vibration,東京,2026-04-27 00:00:00,19.1,,normal
DEV013,vibration,東京,2026-04-27 00:00:00,19.9,53.9,normal
DEV014,vibration,愛知,2026-04-27 00:00:00,30.0,68.8,normal
DEV015,vibration,愛知,2026-04-27 00:00:00,19.4,60.0,normal
DEV016,humidity,東京,2026-04-27 00:00:00,23.2,68.2,normal
DEV017,humidity,愛知,2026-04-27 00:00:00,27.1,34.3,normal
DEV018,humidity,東京,2026-04-27 00:00:00,24.1,45.0,normal
DEV019,temperature,愛知,2026-04-27 00:00:00,27.3,30.0,normal
DEV020,humidity,大阪,2026-04-27 00:00:00,19.3,69.4,normal
DEV021,humidity,東京,2026-04-27 00:00:00,20.9,33.2,warning
DEV022,temperature,大阪,2026-04-27 00:00:00,29.7,35.0,warning
DEV023,temperature,東京,2026-04-27 00:00:00,20.0,54.3,normal
DEV024,humidity,東京,2026-04-27 00:00:00,27.1,58.5,normal
DEV025,humidity,大阪,2026-04-27 00:00:00,25.8,50.7,normal
DEV026,vibration,大阪,2026-04-27 00:00:00,18.8,N/A,critical
DEV027,temperature,愛知,2026-04-27 00:00:00,20.6,55.2,normal
DEV028,humidity,愛知,2026-04-27 00:00:00,18.4,50.6,normal
DEV029,temperature,大阪,2026-04-27 00:00:00,20.6,67.4,N/A
DEV030,temperature,愛知,2026-04-27 00:00:00,20.9,46.3,normal
DEV001,vibration,東京,2026-04-27 00:05:00,23.2,48.7,normal
DEV002,temperature,愛知,2026-04-27 00:05:00,29.8,46.1,normal
DEV003,humidity,東京,2026-04-27 00:05:00,19.3,51.5,normal
DEV004,temperature,東京,2026-04-27 00:05:00,21.3,66.9,warning
DEV005,vibration,東京,2026-04-27 00:05:00,28.3,56.1,critical
DEV006,vibration,愛知,2026-04-27 00:05:00,29.6,63.9,normal
DEV007,vibration,東京,2026-04-27 00:05:00,23.8,66.1,normal
DEV008,vibration,大阪,2026-04-27 00:05:00,29.8,61.4,warning
DEV009,temperature,東京,2026-04-27 00:05:00,26.4,61.3,warning
DEV010,temperature,東京,2026-04-27 00:05:00,21.6,53.2,critical
DEV011,temperature,愛知,2026-04-27 00:05:00,21.8,49.1,critical
DEV012,vibration,東京,2026-04-27 00:05:00,29.5,37.4,N/A
DEV013,vibration,東京,2026-04-27 00:05:00,28.3,67.7,N/A
DEV014,vibration,愛知,2026-04-27 00:05:00,25.1,46.8,N/A
DEV015,vibration,愛知,2026-04-27 00:05:00,21.8,56.8,normal
DEV016,humidity,東京,2026-04-27 00:05:00,22.7,42.0,normal
DEV017,humidity,愛知,2026-04-27 00:05:00,29.2,N/A,N/A
DEV018,humidity,東京,2026-04-27 00:05:00,30.0,38.5,normal
DEV019,temperature,愛知,2026-04-27 00:05:00,22.2,39.8,normal
DEV020,humidity,大阪,2026-04-27 00:05:00,28.0,54.5,critical
DEV021,humidity,東京,2026-04-27 00:05:00,,42.0,normal
DEV022,temperature,大阪,2026-04-27 00:05:00,19.6,34.3,critical
DEV023,temperature,東京,2026-04-27 00:05:00,21.4,43.7,normal
DEV024,humidity,東京,2026-04-27 00:05:00,21.0,32.0,normal
DEV025,humidity,大阪,2026-04-27 00:05:00,18.5,35.2,normal
DEV026,vibration,大阪,2026-04-27 00:05:00,23.3,52.4,normal
DEV027,temperature,愛知,2026-04-27 00:05:00,28.6,51.8,normal
DEV028,humidity,愛知,2026-04-27 00:05:00,19.8,42.3,normal
DEV029,temperature,大阪,2026-04-27 00:05:00,20.5,34.1,critical
DEV030,temperature,愛知,2026-04-27 00:05:00,22.9,36.2,normal
DEV001,vibration,東京,2026-04-27 00:10:00,29.7,65.3,normal
DEV002,temperature,愛知,2026-04-27 00:10:00,29.1,46.5,normal
DEV003,humidity,東京,2026-04-27 00:10:00,27.4,64.9,warning
DEV004,temperature,東京,2026-04-27 00:10:00,27.8,42.2,normal
DEV005,vibration,東京,2026-04-27 00:10:00,25.9,41.1,normal
DEV006,vibration,愛知,2026-04-27 00:10:00,21.3,46.0,critical
DEV007,vibration,東京,2026-04-27 00:10:00,18.3,40.4,N/A
DEV008,vibration,大阪,2026-04-27 00:10:00,21.2,47.4,normal
DEV009,temperature,東京,2026-04-27 00:10:00,29.8,66.0,normal
DEV010,temperature,東京,2026-04-27 00:10:00,26.5,N/A,critical
DEV011,temperature,愛知,2026-04-27 00:10:00,29.3,37.9,normal
DEV012,vibration,東京,2026-04-27 00:10:00,26.0,42.6,normal
DEV013,vibration,東京,2026-04-27 00:10:00,21.6,46.3,normal
DEV014,vibration,愛知,2026-04-27 00:10:00,24.7,56.6,normal
DEV015,vibration,愛知,2026-04-27 00:10:00,28.8,42.0,critical
DEV016,humidity,東京,2026-04-27 00:10:00,21.6,61.4,N/A
DEV017,humidity,愛知,2026-04-27 00:10:00,23.6,38.5,warning
DEV018,humidity,東京,2026-04-27 00:10:00,29.5,56.4,normal
DEV019,temperature,愛知,2026-04-27 00:10:00,25.6,62.7,normal
DEV020,humidity,大阪,2026-04-27 00:10:00,20.7,31.0,normal
DEV021,humidity,東京,2026-04-27 00:10:00,25.3,48.2,N/A
DEV022,temperature,大阪,2026-04-27 00:10:00,26.4,39.8,normal
DEV023,temperature,東京,2026-04-27 00:10:00,28.3,61.1,normal
DEV024,humidity,東京,2026-04-27 00:10:00,29.5,32.0,normal
DEV025,humidity,大阪,2026-04-27 00:10:00,19.5,48.6,critical
DEV026,vibration,大阪,2026-04-27 00:10:00,25.1,65.7,N/A
DEV027,temperature,愛知,2026-04-27 00:10:00,28.7,66.3,warning
DEV028,humidity,愛知,2026-04-27 00:10:00,26.9,40.4,normal
DEV029,temperature,大阪,2026-04-27 00:10:00,21.3,49.4,normal
DEV030,temperature,愛知,2026-04-27 00:10:00,18.9,40.9,normal
DEV001,vibration,東京,2026-04-27 00:15:00,19.0,45.3,normal
DEV002,temperature,愛知,2026-04-27 00:15:00,18.8,51.7,normal
DEV003,humidity,東京,2026-04-27 00:15:00,28.0,60.8,normal
DEV004,temperature,東京,2026-04-27 00:15:00,27.2,30.2,normal
DEV005,vibration,東京,2026-04-27 00:15:00,22.7,63.4,critical
DEV006,vibration,愛知,2026-04-27 00:15:00,24.6,38.8,normal
DEV007,vibration,東京,2026-04-27 00:15:00,23.8,56.8,normal
DEV008,vibration,大阪,2026-04-27 00:15:00,28.1,69.2,critical
DEV009,temperature,東京,2026-04-27 00:15:00,,52.6,normal
DEV010,temperature,東京,2026-04-27 00:15:00,23.1,37.3,normal
DEV011,temperature,愛知,2026-04-27 00:15:00,20.5,60.4,normal
DEV012,vibration,東京,2026-04-27 00:15:00,29.4,63.4,warning
DEV013,vibration,東京,2026-04-27 00:15:00,,70.0,normal
DEV014,vibration,愛知,2026-04-27 00:15:00,18.8,31.6,normal
DEV015,vibration,愛知,2026-04-27 00:15:00,20.4,N/A,normal
DEV016,humidity,東京,2026-04-27 00:15:00,23.7,67.9,warning
DEV017,humidity,愛知,2026-04-27 00:15:00,27.2,54.3,normal
DEV018,humidity,東京,2026-04-27 00:15:00,20.0,53.1,normal
DEV019,temperature,愛知,2026-04-27 00:15:00,28.9,67.7,normal
DEV020,humidity,大阪,2026-04-27 00:15:00,26.3,34.1,normal
DEV021,humidity,東京,2026-04-27 00:15:00,25.2,69.4,normal
DEV022,temperature,大阪,2026-04-27 00:15:00,23.1,50.2,normal
DEV023,temperature,東京,2026-04-27 00:15:00,,49.6,normal
DEV024,humidity,東京,2026-04-27 00:15:00,25.6,58.3,normal
DEV025,humidity,大阪,2026-04-27 00:15:00,24.3,54.6,critical
DEV026,vibration,大阪,2026-04-27 00:15:00,23.6,53.7,normal
DEV027,temperature,愛知,2026-04-27 00:15:00,28.0,65.3,normal
DEV028,humidity,愛知,2026-04-27 00:15:00,24.8,43.5,warning
DEV029,temperature,大阪,2026-04-27 00:15:00,20.2,61.9,normal
DEV030,temperature,愛知,2026-04-27 00:15:00,25.2,52.2,critical
DEV001,vibration,東京,2026-04-27 00:20:00,19.0,49.5,normal
DEV002,temperature,愛知,2026-04-27 00:20:00,25.8,61.7,normal
DEV003,humidity,東京,2026-04-27 00:20:00,22.9,56.6,normal
DEV004,temperature,東京,2026-04-27 00:20:00,24.4,59.8,normal
DEV005,vibration,東京,2026-04-27 00:20:00,23.4,39.2,normal
DEV006,vibration,愛知,2026-04-27 00:20:00,26.9,57.6,normal
DEV007,vibration,東京,2026-04-27 00:20:00,23.8,69.1,critical
DEV008,vibration,大阪,2026-04-27 00:20:00,29.8,41.8,normal
DEV009,temperature,東京,2026-04-27 00:20:00,18.2,41.0,normal
DEV010,temperature,東京,2026-04-27 00:20:00,26.4,64.7,warning
DEV011,temperature,愛知,2026-04-27 00:20:00,18.1,49.1,normal
DEV012,vibration,東京,2026-04-27 00:20:00,18.6,49.1,normal
DEV013,vibration,東京,2026-04-27 00:20:00,18.9,32.1,normal
DEV014,vibration,愛知,2026-04-27 00:20:00,29.4,39.9,critical
DEV015,vibration,愛知,2026-04-27 00:20:00,25.3,39.0,critical
DEV016,humidity,東京,2026-04-27 00:20:00,28.9,53.5,normal
DEV017,humidity,愛知,2026-04-27 00:20:00,25.5,59.6,normal
DEV018,humidity,東京,2026-04-27 00:20:00,21.2,39.6,critical
DEV019,temperature,愛知,2026-04-27 00:20:00,18.0,53.8,normal
DEV020,humidity,大阪,2026-04-27 00:20:00,999,41.3,warning
DEV021,humidity,東京,2026-04-27 00:20:00,20.8,61.6,N/A
DEV022,temperature,大阪,2026-04-27 00:20:00,29.2,51.8,normal
DEV023,temperature,東京,2026-04-27 00:20:00,27.9,36.6,normal
DEV024,humidity,東京,2026-04-27 00:20:00,27.9,47.6,warning
DEV025,humidity,大阪,2026-04-27 00:20:00,26.4,50.0,warning
DEV026,vibration,大阪,2026-04-27 00:20:00,25.2,59.4,N/A
DEV027,temperature,愛知,2026-04-27 00:20:00,19.1,63.4,N/A
DEV028,humidity,愛知,2026-04-27 00:20:00,18.2,62.9,N/A
DEV029,temperature,大阪,2026-04-27 00:20:00,999,48.8,warning
DEV030,temperature,愛知,2026-04-27 00:20:00,20.2,55.4,warning
DEV001,vibration,東京,2026-04-27 00:25:00,23.6,42.8,normal
DEV002,temperature,愛知,2026-04-27 00:25:00,22.0,41.5,normal
DEV003,humidity,東京,2026-04-27 00:25:00,24.6,42.6,normal
DEV004,temperature,東京,2026-04-27 00:25:00,27.3,63.0,normal
DEV005,vibration,東京,2026-04-27 00:25:00,24.5,37.5,normal
DEV006,vibration,愛知,2026-04-27 00:25:00,24.0,32.1,normal
DEV007,vibration,東京,2026-04-27 00:25:00,29.1,57.9,normal
DEV008,vibration,大阪,2026-04-27 00:25:00,,62.0,normal
DEV009,temperature,東京,2026-04-27 00:25:00,18.2,39.0,normal
DEV010,temperature,東京,2026-04-27 00:25:00,19.4,49.9,normal
DEV011,temperature,愛知,2026-04-27 00:25:00,21.3,69.2,normal
DEV012,vibration,東京,2026-04-27 00:25:00,19.7,54.0,normal
DEV013,vibration,東京,2026-04-27 00:25:00,21.3,46.6,critical
DEV014,vibration,愛知,2026-04-27 00:25:00,18.0,63.5,N/A
DEV015,vibration,愛知,2026-04-27 00:25:00,23.9,51.5,normal
DEV016,humidity,東京,2026-04-27 00:25:00,27.2,67.3,normal
DEV017,humidity,愛知,2026-04-27 00:25:00,20.9,64.2,normal
DEV018,humidity,東京,2026-04-27 00:25:00,999,58.2,normal
DEV019,temperature,愛知,2026-04-27 00:25:00,26.0,69.2,warning
DEV020,humidity,大阪,2026-04-27 00:25:00,19.5,43.3,normal
DEV021,humidity,東京,2026-04-27 00:25:00,23.3,48.3,normal
DEV022,temperature,大阪,2026-04-27 00:25:00,25.9,48.8,normal
DEV023,temperature,東京,2026-04-27 00:25:00,26.3,64.1,critical
DEV024,humidity,東京,2026-04-27 00:25:00,21.8,60.4,critical
DEV025,humidity,大阪,2026-04-27 00:25:00,999,55.2,normal
DEV026,vibration,大阪,2026-04-27 00:25:00,27.0,33.9,normal
DEV027,temperature,愛知,2026-04-27 00:25:00,26.3,31.8,normal
DEV028,humidity,愛知,2026-04-27 00:25:00,22.5,51.2,N/A
DEV029,temperature,大阪,2026-04-27 00:25:00,20.2,54.4,normal
DEV030,temperature,愛知,2026-04-27 00:25:00,20.9,35.7,warning
DEV001,vibration,東京,2026-04-27 00:30:00,23.5,66.0,warning
DEV002,temperature,愛知,2026-04-27 00:30:00,26.1,47.7,normal
DEV003,humidity,東京,2026-04-27 00:30:00,21.6,57.6,warning
DEV004,temperature,東京,2026-04-27 00:30:00,20.4,49.3,normal
DEV005,vibration,東京,2026-04-27 00:30:00,22.3,58.0,normal
DEV006,vibration,愛知,2026-04-27 00:30:00,25.9,52.6,normal
DEV007,vibration,東京,2026-04-27 00:30:00,26.9,66.1,normal
DEV008,vibration,大阪,2026-04-27 00:30:00,22.2,54.8,normal
DEV009,temperature,東京,2026-04-27 00:30:00,28.8,42.4,warning
DEV010,temperature,東京,2026-04-27 00:30:00,999,35.3,normal
DEV011,temperature,愛知,2026-04-27 00:30:00,23.0,61.5,normal
DEV012,vibration,東京,2026-04-27 00:30:00,29.0,40.3,warning
DEV013,vibration,東京,2026-04-27 00:30:00,21.5,62.2,warning
DEV014,vibration,愛知,2026-04-27 00:30:00,19.7,64.4,normal
DEV015,vibration,愛知,2026-04-27 00:30:00,27.7,61.6,normal
DEV016,humidity,東京,2026-04-27 00:30:00,19.5,60.0,normal
DEV017,humidity,愛知,2026-04-27 00:30:00,27.9,34.3,normal
DEV018,humidity,東京,2026-04-27 00:30:00,25.4,43.1,N/A
DEV019,temperature,愛知,2026-04-27 00:30:00,18.8,66.4,normal
DEV020,humidity,大阪,2026-04-27 00:30:00,19.4,,normal
DEV021,humidity,東京,2026-04-27 00:30:00,23.9,65.5,normal
DEV022,temperature,大阪,2026-04-27 00:30:00,22.5,57.9,critical
DEV023,temperature,東京,2026-04-27 00:30:00,26.9,46.6,normal
DEV024,humidity,東京,2026-04-27 00:30:00,25.4,41.2,normal
DEV025,humidity,大阪,2026-04-27 00:30:00,23.3,44.5,normal
DEV026,vibration,大阪,2026-04-27 00:30:00,29.7,45.9,normal
DEV027,temperature,愛知,2026-04-27 00:30:00,29.4,33.7,normal
DEV028,humidity,愛知,2026-04-27 00:30:00,25.2,N/A,normal
DEV029,temperature,大阪,2026-04-27 00:30:00,19.5,32.7,critical
DEV030,temperature,愛知,2026-04-27 00:30:00,20.6,43.1,normal
DEV001,vibration,東京,2026-04-27 00:35:00,25.2,69.4,normal
DEV002,temperature,愛知,2026-04-27 00:35:00,27.6,64.7,normal
DEV003,humidity,東京,2026-04-27 00:35:00,,39.5,normal
DEV004,temperature,東京,2026-04-27 00:35:00,,35.1,normal
DEV005,vibration,東京,2026-04-27 00:35:00,26.9,61.1,critical
DEV006,vibration,愛知,2026-04-27 00:35:00,23.4,54.6,critical
DEV007,vibration,東京,2026-04-27 00:35:00,25.7,,warning
DEV008,vibration,大阪,2026-04-27 00:35:00,23.1,58.5,warning
DEV009,temperature,東京,2026-04-27 00:35:00,19.0,32.6,normal
DEV010,temperature,東京,2026-04-27 00:35:00,25.0,45.2,N/A
DEV011,temperature,愛知,2026-04-27 00:35:00,23.4,34.0,normal
DEV012,vibration,東京,2026-04-27 00:35:00,25.8,58.8,normal
DEV013,vibration,東京,2026-04-27 00:35:00,28.7,63.1,normal
DEV014,vibration,愛知,2026-04-27 00:35:00,19.1,56.6,normal
DEV015,vibration,愛知,2026-04-27 00:35:00,26.2,33.6,normal
DEV016,humidity,東京,2026-04-27 00:35:00,19.2,62.5,critical
DEV017,humidity,愛知,2026-04-27 00:35:00,29.5,56.8,normal
DEV018,humidity,東京,2026-04-27 00:35:00,26.0,64.7,normal
DEV019,temperature,愛知,2026-04-27 00:35:00,25.2,53.1,normal
DEV020,humidity,大阪,2026-04-27 00:35:00,23.8,44.0,critical
DEV021,humidity,東京,2026-04-27 00:35:00,27.2,62.3,critical
DEV022,temperature,大阪,2026-04-27 00:35:00,27.8,55.7,normal
DEV023,temperature,東京,2026-04-27 00:35:00,25.9,31.2,normal
DEV024,humidity,東京,2026-04-27 00:35:00,21.7,30.2,normal
DEV025,humidity,大阪,2026-04-27 00:35:00,22.8,55.3,normal
DEV026,vibration,大阪,2026-04-27 00:35:00,24.4,48.1,normal
DEV027,temperature,愛知,2026-04-27 00:35:00,26.7,52.7,normal
DEV028,humidity,愛知,2026-04-27 00:35:00,19.9,32.0,normal
DEV029,temperature,大阪,2026-04-27 00:35:00,25.9,47.7,normal
DEV030,temperature,愛知,2026-04-27 00:35:00,24.1,34.4,N/A
DEV001,vibration,東京,2026-04-27 00:40:00,26.0,,normal
DEV002,temperature,愛知,2026-04-27 00:40:00,18.7,67.8,normal
DEV003,humidity,東京,2026-04-27 00:40:00,21.5,49.9,normal
DEV004,temperature,東京,2026-04-27 00:40:00,22.6,50.0,normal
DEV005,vibration,東京,2026-04-27 00:40:00,28.3,,normal
DEV006,vibration,愛知,2026-04-27 00:40:00,18.9,47.2,normal
DEV007,vibration,東京,2026-04-27 00:40:00,23.0,30.8,normal
DEV008,vibration,大阪,2026-04-27 00:40:00,29.4,57.6,normal
DEV009,temperature,東京,2026-04-27 00:40:00,28.1,53.6,critical
DEV010,temperature,東京,2026-04-27 00:40:00,28.4,38.9,normal
DEV011,temperature,愛知,2026-04-27 00:40:00,25.6,37.8,normal
DEV012,vibration,東京,2026-04-27 00:40:00,29.5,35.9,normal
DEV013,vibration,東京,2026-04-27 00:40:00,20.4,60.4,normal
DEV014,vibration,愛知,2026-04-27 00:40:00,27.3,60.2,N/A
DEV015,vibration,愛知,2026-04-27 00:40:00,29.1,55.4,N/A
DEV016,humidity,東京,2026-04-27 00:40:00,29.7,47.6,warning
DEV017,humidity,愛知,2026-04-27 00:40:00,21.6,32.2,critical
DEV018,humidity,東京,2026-04-27 00:40:00,23.5,,normal
DEV019,temperature,愛知,2026-04-27 00:40:00,18.9,64.2,N/A
DEV020,humidity,大阪,2026-04-27 00:40:00,22.6,68.2,normal
DEV021,humidity,東京,2026-04-27 00:40:00,27.7,42.9,warning
DEV022,temperature,大阪,2026-04-27 00:40:00,29.5,62.4,normal
DEV023,temperature,東京,2026-04-27 00:40:00,19.0,31.6,warning
DEV024,humidity,東京,2026-04-27 00:40:00,24.3,44.6,normal
DEV025,humidity,大阪,2026-04-27 00:40:00,27.3,32.1,normal
DEV026,vibration,大阪,2026-04-27 00:40:00,19.1,41.4,N/A
DEV027,temperature,愛知,2026-04-27 00:40:00,22.0,35.7,normal
DEV028,humidity,愛知,2026-04-27 00:40:00,25.9,35.2,normal
DEV029,temperature,大阪,2026-04-27 00:40:00,22.5,62.5,critical
DEV030,temperature,愛知,2026-04-27 00:40:00,26.0,30.7,normal
DEV001,vibration,東京,2026-04-27 00:45:00,20.6,49.5,normal
DEV002,temperature,愛知,2026-04-27 00:45:00,19.9,61.5,critical
DEV003,humidity,東京,2026-04-27 00:45:00,28.0,31.5,normal
DEV004,temperature,東京,2026-04-27 00:45:00,25.4,36.2,normal
DEV005,vibration,東京,2026-04-27 00:45:00,27.3,36.6,warning
DEV006,vibration,愛知,2026-04-27 00:45:00,999,58.8,warning
DEV007,vibration,東京,2026-04-27 00:45:00,27.0,39.4,normal
DEV008,vibration,大阪,2026-04-27 00:45:00,27.7,63.4,normal
DEV009,temperature,東京,2026-04-27 00:45:00,24.8,60.8,normal
DEV010,temperature,東京,2026-04-27 00:45:00,23.0,38.0,N/A
DEV011,temperature,愛知,2026-04-27 00:45:00,21.0,65.0,critical
DEV012,vibration,東京,2026-04-27 00:45:00,26.5,35.0,normal
DEV013,vibration,東京,2026-04-27 00:45:00,21.3,35.9,normal
DEV014,vibration,愛知,2026-04-27 00:45:00,28.9,65.4,normal
DEV015,vibration,愛知,2026-04-27 00:45:00,22.8,45.4,normal
DEV016,humidity,東京,2026-04-27 00:45:00,18.3,63.6,normal
DEV017,humidity,愛知,2026-04-27 00:45:00,19.7,63.2,normal
DEV018,humidity,東京,2026-04-27 00:45:00,23.6,66.2,normal
DEV019,temperature,愛知,2026-04-27 00:45:00,28.0,59.1,critical
DEV020,humidity,大阪,2026-04-27 00:45:00,27.3,34.9,normal
DEV021,humidity,東京,2026-04-27 00:45:00,27.5,34.4,warning
DEV022,temperature,大阪,2026-04-27 00:45:00,18.2,39.7,normal
DEV023,temperature,東京,2026-04-27 00:45:00,18.0,52.8,normal
DEV024,humidity,東京,2026-04-27 00:45:00,19.0,32.7,critical
DEV025,humidity,大阪,2026-04-27 00:45:00,27.4,30.8,warning
DEV026,vibration,大阪,2026-04-27 00:45:00,999,44.9,normal
DEV027,temperature,愛知,2026-04-27 00:45:00,18.8,56.3,normal
DEV028,humidity,愛知,2026-04-27 00:45:00,26.8,31.8,critical
DEV029,temperature,大阪,2026-04-27 00:45:00,25.7,57.4,warning
DEV030,temperature,愛知,2026-04-27 00:45:00,27.7,61.0,warning
DEV001,vibration,東京,2026-04-27 00:50:00,999,61.6,normal
DEV002,temperature,愛知,2026-04-27 00:50:00,21.7,62.6,warning
DEV003,humidity,東京,2026-04-27 00:50:00,27.0,44.3,normal
DEV004,temperature,東京,2026-04-27 00:50:00,22.0,44.7,normal
DEV005,vibration,東京,2026-04-27 00:50:00,28.7,68.9,warning
DEV006,vibration,愛知,2026-04-27 00:50:00,22.4,40.7,normal
DEV007,vibration,東京,2026-04-27 00:50:00,18.9,62.9,critical
DEV008,vibration,大阪,2026-04-27 00:50:00,19.2,41.8,warning
DEV009,temperature,東京,2026-04-27 00:50:00,23.1,44.1,normal
DEV010,temperature,東京,2026-04-27 00:50:00,28.9,47.4,normal
DEV011,temperature,愛知,2026-04-27 00:50:00,25.7,62.0,normal
DEV012,vibration,東京,2026-04-27 00:50:00,19.7,61.3,normal
DEV013,vibration,東京,2026-04-27 00:50:00,20.8,44.5,N/A
DEV014,vibration,愛知,2026-04-27 00:50:00,999,48.0,normal
DEV015,vibration,愛知,2026-04-27 00:50:00,27.2,51.2,normal
DEV016,humidity,東京,2026-04-27 00:50:00,21.3,31.0,normal
DEV017,humidity,愛知,2026-04-27 00:50:00,22.6,40.5,normal
DEV018,humidity,東京,2026-04-27 00:50:00,20.6,57.8,warning
DEV019,temperature,愛知,2026-04-27 00:50:00,19.6,36.9,warning
DEV020,humidity,大阪,2026-04-27 00:50:00,27.7,69.5,normal
DEV021,humidity,東京,2026-04-27 00:50:00,24.6,42.0,normal
DEV022,temperature,大阪,2026-04-27 00:50:00,29.1,61.7,critical
DEV023,temperature,東京,2026-04-27 00:50:00,29.8,39.5,warning
DEV024,humidity,東京,2026-04-27 00:50:00,,44.8,critical
DEV025,humidity,大阪,2026-04-27 00:50:00,28.6,45.9,warning
DEV026,vibration,大阪,2026-04-27 00:50:00,27.2,33.0,normal
DEV027,temperature,愛知,2026-04-27 00:50:00,23.4,43.8,critical
DEV028,humidity,愛知,2026-04-27 00:50:00,20.2,47.3,normal
DEV029,temperature,大阪,2026-04-27 00:50:00,24.2,36.5,normal
DEV030,temperature,愛知,2026-04-27 00:50:00,29.3,63.8,normal
DEV001,vibration,東京,2026-04-27 00:55:00,29.5,55.0,N/A
DEV002,temperature,愛知,2026-04-27 00:55:00,24.0,67.7,normal
DEV003,humidity,東京,2026-04-27 00:55:00,25.5,43.5,N/A
DEV004,temperature,東京,2026-04-27 00:55:00,999,33.2,N/A
DEV005,vibration,東京,2026-04-27 00:55:00,20.5,54.7,normal
DEV006,vibration,愛知,2026-04-27 00:55:00,25.5,68.3,warning
DEV007,vibration,東京,2026-04-27 00:55:00,27.7,48.1,normal
DEV008,vibration,大阪,2026-04-27 00:55:00,23.0,43.6,normal
DEV009,temperature,東京,2026-04-27 00:55:00,26.6,64.4,normal
DEV010,temperature,東京,2026-04-27 00:55:00,22.4,42.8,warning
DEV011,temperature,愛知,2026-04-27 00:55:00,23.4,32.0,normal
DEV012,vibration,東京,2026-04-27 00:55:00,23.0,66.1,normal
DEV013,vibration,東京,2026-04-27 00:55:00,26.7,36.4,critical
DEV014,vibration,愛知,2026-04-27 00:55:00,28.5,33.6,normal
DEV015,vibration,愛知,2026-04-27 00:55:00,29.6,44.1,normal
DEV016,humidity,東京,2026-04-27 00:55:00,25.2,56.9,normal
DEV017,humidity,愛知,2026-04-27 00:55:00,28.2,65.3,normal
DEV018,humidity,東京,2026-04-27 00:55:00,22.4,52.8,normal
DEV019,temperature,愛知,2026-04-27 00:55:00,21.5,48.0,critical
DEV020,humidity,大阪,2026-04-27 00:55:00,29.9,34.8,normal
DEV021,humidity,東京,2026-04-27 00:55:00,27.5,67.6,normal
DEV022,temperature,大阪,2026-04-27 00:55:00,24.1,31.8,normal
DEV023,temperature,東京,2026-04-27 00:55:00,27.6,36.0,critical
DEV024,humidity,東京,2026-04-27 00:55:00,29.2,45.7,N/A
DEV025,humidity,大阪,2026-04-27 00:55:00,21.6,63.1,critical
DEV026,vibration,大阪,2026-04-27 00:55:00,24.8,30.7,normal
DEV027,temperature,愛知,2026-04-27 00:55:00,29.8,61.9,normal
DEV028,humidity,愛知,2026-04-27 00:55:00,21.2,68.9,N/A
DEV029,temperature,大阪,2026-04-27 00:55:00,26.7,36.8,N/A
DEV030,temperature,愛知,2026-04-27 00:55:00,22.6,39.7,N/A
DEV001,vibration,東京,2026-04-27 01:00:00,19.3,N/A,normal
DEV002,temperature,愛知,2026-04-27 01:00:00,23.0,50.1,N/A
DEV003,humidity,東京,2026-04-27 01:00:00,28.5,32.5,normal
DEV004,temperature,東京,2026-04-27 01:00:00,24.7,49.1,normal
DEV005,vibration,東京,2026-04-27 01:00:00,20.1,43.7,normal
DEV006,vibration,愛知,2026-04-27 01:00:00,28.4,62.1,normal
DEV007,vibration,東京,2026-04-27 01:00:00,20.3,52.3,normal
DEV008,vibration,大阪,2026-04-27 01:00:00,29.8,58.2,warning
DEV009,temperature,東京,2026-04-27 01:00:00,22.2,61.8,normal
DEV010,temperature,東京,2026-04-27 01:00:00,24.9,65.8,normal
DEV011,temperature,愛知,2026-04-27 01:00:00,29.5,41.6,normal
DEV012,vibration,東京,2026-04-27 01:00:00,18.9,56.2,warning
DEV013,vibration,東京,2026-04-27 01:00:00,27.9,52.5,normal
DEV014,vibration,愛知,2026-04-27 01:00:00,25.4,39.7,critical
DEV015,vibration,愛知,2026-04-27 01:00:00,20.8,43.2,warning
DEV016,humidity,東京,2026-04-27 01:00:00,27.2,N/A,critical
DEV017,humidity,愛知,2026-04-27 01:00:00,19.9,65.2,warning
DEV018,humidity,東京,2026-04-27 01:00:00,20.4,42.8,normal
DEV019,temperature,愛知,2026-04-27 01:00:00,19.1,51.4,normal
DEV020,humidity,大阪,2026-04-27 01:00:00,20.1,37.0,normal
DEV021,humidity,東京,2026-04-27 01:00:00,22.8,67.5,normal
DEV022,temperature,大阪,2026-04-27 01:00:00,18.1,34.3,normal
DEV023,temperature,東京,2026-04-27 01:00:00,29.9,49.8,normal
DEV024,humidity,東京,2026-04-27 01:00:00,23.6,34.5,normal
DEV025,humidity,大阪,2026-04-27 01:00:00,25.8,30.6,normal
DEV026,vibration,大阪,2026-04-27 01:00:00,24.8,37.0,normal
DEV027,temperature,愛知,2026-04-27 01:00:00,24.2,56.8,normal
DEV028,humidity,愛知,2026-04-27 01:00:00,23.7,30.3,normal
DEV029,temperature,大阪,2026-04-27 01:00:00,27.0,42.1,N/A
DEV030,temperature,愛知,2026-04-27 01:00:00,,57.7,normal
DEV001,vibration,東京,2026-04-27 01:05:00,23.6,57.4,normal
DEV002,temperature,愛知,2026-04-27 01:05:00,25.7,44.7,normal
DEV003,humidity,東京,2026-04-27 01:05:00,19.6,59.9,N/A
DEV004,temperature,東京,2026-04-27 01:05:00,26.4,60.3,normal
DEV005,vibration,東京,2026-04-27 01:05:00,26.2,61.5,critical
DEV006,vibration,愛知,2026-04-27 01:05:00,26.4,52.6,normal
DEV007,vibration,東京,2026-04-27 01:05:00,28.8,51.5,normal
DEV008,vibration,大阪,2026-04-27 01:05:00,24.2,38.2,N/A
DEV009,temperature,東京,2026-04-27 01:05:00,28.8,32.2,normal
DEV010,temperature,東京,2026-04-27 01:05:00,23.5,48.5,normal
DEV011,temperature,愛知,2026-04-27 01:05:00,22.8,59.8,N/A
DEV012,vibration,東京,2026-04-27 01:05:00,23.1,51.6,normal
DEV013,vibration,東京,2026-04-27 01:05:00,18.8,31.3,normal
DEV014,vibration,愛知,2026-04-27 01:05:00,19.6,59.2,normal
DEV015,vibration,愛知,2026-04-27 01:05:00,28.7,66.7,normal
DEV016,humidity,東京,2026-04-27 01:05:00,26.2,51.6,normal
DEV017,humidity,愛知,2026-04-27 01:05:00,29.9,35.1,normal
DEV018,humidity,東京,2026-04-27 01:05:00,27.1,48.5,critical
DEV019,temperature,愛知,2026-04-27 01:05:00,22.6,48.4,normal
DEV020,humidity,大阪,2026-04-27 01:05:00,29.2,34.5,normal
DEV021,humidity,東京,2026-04-27 01:05:00,29.2,39.6,normal
DEV022,temperature,大阪,2026-04-27 01:05:00,18.4,58.1,normal
DEV023,temperature,東京,2026-04-27 01:05:00,18.5,51.6,normal
DEV024,humidity,東京,2026-04-27 01:05:00,29.9,66.7,N/A
DEV025,humidity,大阪,2026-04-27 01:05:00,25.2,42.8,normal
DEV026,vibration,大阪,2026-04-27 01:05:00,29.8,46.5,normal
DEV027,temperature,愛知,2026-04-27 01:05:00,29.4,66.5,normal
DEV028,humidity,愛知,2026-04-27 01:05:00,18.6,55.7,normal
DEV029,temperature,大阪,2026-04-27 01:05:00,21.8,36.0,normal
DEV030,temperature,愛知,2026-04-27 01:05:00,24.5,39.0,normal
DEV001,vibration,東京,2026-04-27 01:10:00,29.0,68.7,critical
DEV002,temperature,愛知,2026-04-27 01:10:00,22.7,43.2,normal
DEV003,humidity,東京,2026-04-27 01:10:00,28.2,59.0,normal
DEV004,temperature,東京,2026-04-27 01:10:00,22.5,31.6,normal
DEV005,vibration,東京,2026-04-27 01:10:00,27.1,52.4,warning
DEV006,vibration,愛知,2026-04-27 01:10:00,28.9,66.4,normal
DEV007,vibration,東京,2026-04-27 01:10:00,29.5,70.0,warning
DEV008,vibration,大阪,2026-04-27 01:10:00,26.3,45.9,normal
DEV009,temperature,東京,2026-04-27 01:10:00,27.3,51.3,normal
DEV010,temperature,東京,2026-04-27 01:10:00,22.3,48.6,warning
DEV011,temperature,愛知,2026-04-27 01:10:00,21.8,42.5,normal
DEV012,vibration,東京,2026-04-27 01:10:00,20.7,40.4,N/A
DEV013,vibration,東京,2026-04-27 01:10:00,23.0,43.2,normal
DEV014,vibration,愛知,2026-04-27 01:10:00,20.9,67.7,normal
DEV015,vibration,愛知,2026-04-27 01:10:00,27.9,55.7,warning
DEV016,humidity,東京,2026-04-27 01:10:00,26.8,35.6,critical
DEV017,humidity,愛知,2026-04-27 01:10:00,29.0,55.7,normal
DEV018,humidity,東京,2026-04-27 01:10:00,28.1,62.7,normal
DEV019,temperature,愛知,2026-04-27 01:10:00,22.9,39.3,normal
DEV020,humidity,大阪,2026-04-27 01:10:00,,44.9,N/A
DEV021,humidity,東京,2026-04-27 01:10:00,29.2,56.4,normal
DEV022,temperature,大阪,2026-04-27 01:10:00,,30.5,critical
DEV023,temperature,東京,2026-04-27 01:10:00,24.4,50.1,normal
DEV024,humidity,東京,2026-04-27 01:10:00,28.9,33.9,normal
DEV025,humidity,大阪,2026-04-27 01:10:00,25.4,44.2,normal
DEV026,vibration,大阪,2026-04-27 01:10:00,29.5,39.7,normal
DEV027,temperature,愛知,2026-04-27 01:10:00,27.9,69.7,normal
DEV028,humidity,愛知,2026-04-27 01:10:00,22.6,32.2,normal
DEV029,temperature,大阪,2026-04-27 01:10:00,19.0,55.8,normal
DEV030,temperature,愛知,2026-04-27 01:10:00,28.3,51.1,normal
DEV001,vibration,東京,2026-04-27 01:15:00,28.8,52.7,normal
DEV002,temperature,愛知,2026-04-27 01:15:00,999,67.0,critical
DEV003,humidity,東京,2026-04-27 01:15:00,18.4,42.6,normal
DEV004,temperature,東京,2026-04-27 01:15:00,27.0,45.9,normal
DEV005,vibration,東京,2026-04-27 01:15:00,24.8,64.0,critical
DEV006,vibration,愛知,2026-04-27 01:15:00,27.1,69.5,normal
DEV007,vibration,東京,2026-04-27 01:15:00,29.7,47.5,normal
DEV008,vibration,大阪,2026-04-27 01:15:00,27.2,45.9,normal
DEV009,temperature,東京,2026-04-27 01:15:00,,69.7,warning
DEV010,temperature,東京,2026-04-27 01:15:00,24.6,37.4,N/A
DEV011,temperature,愛知,2026-04-27 01:15:00,19.0,61.9,normal
DEV012,vibration,東京,2026-04-27 01:15:00,19.9,55.4,normal
DEV013,vibration,東京,2026-04-27 01:15:00,19.3,N/A,normal
DEV014,vibration,愛知,2026-04-27 01:15:00,27.1,33.5,normal
DEV015,vibration,愛知,2026-04-27 01:15:00,24.7,31.1,normal
DEV016,humidity,東京,2026-04-27 01:15:00,25.2,64.5,normal
DEV017,humidity,愛知,2026-04-27 01:15:00,22.7,66.0,normal
DEV018,humidity,東京,2026-04-27 01:15:00,20.0,35.6,normal
DEV019,temperature,愛知,2026-04-27 01:15:00,19.8,41.0,normal
DEV020,humidity,大阪,2026-04-27 01:15:00,18.9,39.9,warning
DEV021,humidity,東京,2026-04-27 01:15:00,20.3,42.2,normal
DEV022,temperature,大阪,2026-04-27 01:15:00,25.4,43.2,normal
DEV023,temperature,東京,2026-04-27 01:15:00,27.9,53.8,normal
DEV024,humidity,東京,2026-04-27 01:15:00,29.4,42.6,normal
DEV025,humidity,大阪,2026-04-27 01:15:00,21.5,49.6,N/A
DEV026,vibration,大阪,2026-04-27 01:15:00,21.9,61.4,normal
DEV027,temperature,愛知,2026-04-27 01:15:00,24.8,51.8,critical
DEV028,humidity,愛知,2026-04-27 01:15:00,,67.7,normal
DEV029,temperature,大阪,2026-04-27 01:15:00,21.5,62.8,normal
DEV030,temperature,愛知,2026-04-27 01:15:00,19.7,40.1,normal
DEV001,vibration,東京,2026-04-27 01:20:00,27.5,69.6,warning
DEV002,temperature,愛知,2026-04-27 01:20:00,24.4,64.8,normal
DEV003,humidity,東京,2026-04-27 01:20:00,27.5,65.8,critical
DEV004,temperature,東京,2026-04-27 01:20:00,29.0,39.9,normal
DEV005,vibration,東京,2026-04-27 01:20:00,25.4,55.8,normal
DEV006,vibration,愛知,2026-04-27 01:20:00,22.0,34.2,normal
DEV007,vibration,東京,2026-04-27 01:20:00,24.1,53.2,N/A
DEV008,vibration,大阪,2026-04-27 01:20:00,22.5,57.2,critical
DEV009,temperature,東京,2026-04-27 01:20:00,30.0,41.8,normal
DEV010,temperature,東京,2026-04-27 01:20:00,29.3,42.5,warning
DEV011,temperature,愛知,2026-04-27 01:20:00,24.3,33.9,warning
DEV012,vibration,東京,2026-04-27 01:20:00,21.6,34.6,normal
DEV013,vibration,東京,2026-04-27 01:20:00,26.1,69.4,normal
DEV014,vibration,愛知,2026-04-27 01:20:00,24.6,47.1,warning
DEV015,vibration,愛知,2026-04-27 01:20:00,22.9,55.6,normal
DEV016,humidity,東京,2026-04-27 01:20:00,26.8,48.0,normal
DEV017,humidity,愛知,2026-04-27 01:20:00,26.5,60.1,normal
DEV018,humidity,東京,2026-04-27 01:20:00,27.6,44.6,normal
DEV019,temperature,愛知,2026-04-27 01:20:00,21.1,51.1,normal
DEV020,humidity,大阪,2026-04-27 01:20:00,25.3,43.9,warning
DEV021,humidity,東京,2026-04-27 01:20:00,27.8,41.9,N/A
DEV022,temperature,大阪,2026-04-27 01:20:00,26.1,39.5,normal
DEV023,temperature,東京,2026-04-27 01:20:00,26.3,46.7,normal
DEV024,humidity,東京,2026-04-27 01:20:00,23.1,51.5,normal
DEV025,humidity,大阪,2026-04-27 01:20:00,23.9,42.6,warning
DEV026,vibration,大阪,2026-04-27 01:20:00,28.4,49.4,normal
DEV027,temperature,愛知,2026-04-27 01:20:00,29.6,49.8,warning
DEV028,humidity,愛知,2026-04-27 01:20:00,28.1,33.3,normal
DEV029,temperature,大阪,2026-04-27 01:20:00,20.6,,normal
DEV030,temperature,愛知,2026-04-27 01:20:00,20.0,59.7,warning
DEV001,vibration,東京,2026-04-27 01:25:00,19.4,61.0,normal
DEV002,temperature,愛知,2026-04-27 01:25:00,27.1,47.7,normal
DEV003,humidity,東京,2026-04-27 01:25:00,19.2,60.1,normal
DEV004,temperature,東京,2026-04-27 01:25:00,18.4,64.5,normal
DEV005,vibration,東京,2026-04-27 01:25:00,29.9,39.5,N/A
DEV006,vibration,愛知,2026-04-27 01:25:00,28.3,47.1,N/A
DEV007,vibration,東京,2026-04-27 01:25:00,20.5,32.4,normal
DEV008,vibration,大阪,2026-04-27 01:25:00,25.2,69.2,normal
DEV009,temperature,東京,2026-04-27 01:25:00,21.2,69.4,normal
DEV010,temperature,東京,2026-04-27 01:25:00,27.0,32.4,normal
DEV011,temperature,愛知,2026-04-27 01:25:00,19.5,40.0,normal
DEV012,vibration,東京,2026-04-27 01:25:00,27.1,49.6,N/A
DEV013,vibration,東京,2026-04-27 01:25:00,25.5,33.0,normal
DEV014,vibration,愛知,2026-04-27 01:25:00,27.0,65.1,warning
DEV015,vibration,愛知,2026-04-27 01:25:00,21.9,N/A,normal
DEV016,humidity,東京,2026-04-27 01:25:00,23.5,44.3,normal
DEV017,humidity,愛知,2026-04-27 01:25:00,22.8,63.0,warning
DEV018,humidity,東京,2026-04-27 01:25:00,27.9,53.1,N/A
DEV019,temperature,愛知,2026-04-27 01:25:00,27.5,60.5,normal
DEV020,humidity,大阪,2026-04-27 01:25:00,27.4,35.0,normal
DEV021,humidity,東京,2026-04-27 01:25:00,18.0,38.1,normal
DEV022,temperature,大阪,2026-04-27 01:25:00,21.6,65.1,normal
DEV023,temperature,東京,2026-04-27 01:25:00,21.0,66.2,normal
DEV024,humidity,東京,2026-04-27 01:25:00,25.5,60.2,normal
DEV025,humidity,大阪,2026-04-27 01:25:00,26.4,N/A,warning
DEV026,vibration,大阪,2026-04-27 01:25:00,25.1,47.8,normal
DEV027,temperature,愛知,2026-04-27 01:25:00,27.8,46.9,normal
DEV028,humidity,愛知,2026-04-27 01:25:00,20.7,62.2,normal
DEV029,temperature,大阪,2026-04-27 01:25:00,28.6,60.9,normal
DEV030,temperature,愛知,2026-04-27 01:25:00,26.1,52.5,N/A
DEV001,vibration,東京,2026-04-27 01:30:00,23.3,55.1,normal
DEV002,temperature,愛知,2026-04-27 01:30:00,25.4,38.7,normal
DEV003,humidity,東京,2026-04-27 01:30:00,19.5,44.1,normal
DEV004,temperature,東京,2026-04-27 01:30:00,19.7,33.4,critical
DEV005,vibration,東京,2026-04-27 01:30:00,26.7,67.7,normal
DEV006,vibration,愛知,2026-04-27 01:30:00,25.9,50.7,critical
DEV007,vibration,東京,2026-04-27 01:30:00,22.7,61.4,normal
DEV008,vibration,大阪,2026-04-27 01:30:00,19.4,53.8,critical
DEV009,temperature,東京,2026-04-27 01:30:00,18.1,42.7,normal
DEV010,temperature,東京,2026-04-27 01:30:00,24.8,57.3,warning
DEV011,temperature,愛知,2026-04-27 01:30:00,27.2,N/A,normal
DEV012,vibration,東京,2026-04-27 01:30:00,,66.9,normal
DEV013,vibration,東京,2026-04-27 01:30:00,25.5,46.6,normal
DEV014,vibration,愛知,2026-04-27 01:30:00,24.4,41.1,normal
DEV015,vibration,愛知,2026-04-27 01:30:00,29.1,36.2,normal
DEV016,humidity,東京,2026-04-27 01:30:00,25.6,57.2,normal
DEV017,humidity,愛知,2026-04-27 01:30:00,23.2,39.5,normal
DEV018,humidity,東京,2026-04-27 01:30:00,23.2,54.4,normal
DEV019,temperature,愛知,2026-04-27 01:30:00,25.9,30.5,normal
DEV020,humidity,大阪,2026-04-27 01:30:00,20.0,50.9,normal
DEV021,humidity,東京,2026-04-27 01:30:00,19.5,40.8,normal
DEV022,temperature,大阪,2026-04-27 01:30:00,18.4,40.9,normal
DEV023,temperature,東京,2026-04-27 01:30:00,29.7,49.8,critical
DEV024,humidity,東京,2026-04-27 01:30:00,24.0,44.7,normal
DEV025,humidity,大阪,2026-04-27 01:30:00,28.7,34.6,critical
DEV026,vibration,大阪,2026-04-27 01:30:00,,30.5,normal
DEV027,temperature,愛知,2026-04-27 01:30:00,22.6,67.2,normal
DEV028,humidity,愛知,2026-04-27 01:30:00,29.0,46.8,normal
DEV029,temperature,大阪,2026-04-27 01:30:00,29.0,63.0,N/A
DEV030,temperature,愛知,2026-04-27 01:30:00,24.0,37.2,critical
DEV001,vibration,東京,2026-04-27 01:35:00,29.4,48.6,normal
DEV002,temperature,愛知,2026-04-27 01:35:00,21.7,48.3,normal
DEV003,humidity,東京,2026-04-27 01:35:00,24.8,54.9,warning
DEV004,temperature,東京,2026-04-27 01:35:00,29.7,61.0,critical
DEV005,vibration,東京,2026-04-27 01:35:00,20.9,N/A,normal
DEV006,vibration,愛知,2026-04-27 01:35:00,,55.4,normal
DEV007,vibration,東京,2026-04-27 01:35:00,18.0,64.0,normal
DEV008,vibration,大阪,2026-04-27 01:35:00,24.4,49.7,normal
DEV009,temperature,東京,2026-04-27 01:35:00,19.7,31.8,normal
DEV010,temperature,東京,2026-04-27 01:35:00,24.2,44.9,normal
DEV011,temperature,愛知,2026-04-27 01:35:00,24.1,45.8,N/A
DEV012,vibration,東京,2026-04-27 01:35:00,23.2,39.5,normal
DEV013,vibration,東京,2026-04-27 01:35:00,29.1,63.3,normal
DEV014,vibration,愛知,2026-04-27 01:35:00,21.3,38.1,N/A
DEV015,vibration,愛知,2026-04-27 01:35:00,19.3,42.6,normal
DEV016,humidity,東京,2026-04-27 01:35:00,29.6,42.3,normal
DEV017,humidity,愛知,2026-04-27 01:35:00,19.1,42.2,N/A
DEV018,humidity,東京,2026-04-27 01:35:00,999,43.1,normal
DEV019,temperature,愛知,2026-04-27 01:35:00,29.6,32.0,normal
DEV020,humidity,大阪,2026-04-27 01:35:00,29.9,,normal
DEV021,humidity,東京,2026-04-27 01:35:00,24.7,33.8,normal
DEV022,temperature,大阪,2026-04-27 01:35:00,19.7,N/A,normal
DEV023,temperature,東京,2026-04-27 01:35:00,27.9,55.2,normal
DEV024,humidity,東京,2026-04-27 01:35:00,21.1,30.9,normal
DEV025,humidity,大阪,2026-04-27 01:35:00,25.8,33.7,normal
DEV026,vibration,大阪,2026-04-27 01:35:00,29.3,67.0,normal
DEV027,temperature,愛知,2026-04-27 01:35:00,22.7,N/A,normal
DEV028,humidity,愛知,2026-04-27 01:35:00,20.6,41.2,normal
DEV029,temperature,大阪,2026-04-27 01:35:00,999,39.8,normal
DEV030,temperature,愛知,2026-04-27 01:35:00,28.6,33.5,normal
DEV001,vibration,東京,2026-04-27 01:40:00,20.4,51.0,critical
DEV002,temperature,愛知,2026-04-27 01:40:00,29.9,44.4,critical
DEV003,humidity,東京,2026-04-27 01:40:00,22.1,42.9,normal
DEV004,temperature,東京,2026-04-27 01:40:00,21.8,65.8,normal
DEV005,vibration,東京,2026-04-27 01:40:00,29.9,60.7,normal
DEV006,vibration,愛知,2026-04-27 01:40:00,19.2,40.7,normal
DEV007,vibration,東京,2026-04-27 01:40:00,29.4,69.3,normal
DEV008,vibration,大阪,2026-04-27 01:40:00,28.1,37.0,N/A
DEV009,temperature,東京,2026-04-27 01:40:00,26.9,53.7,normal
DEV010,temperature,東京,2026-04-27 01:40:00,24.8,37.5,warning
DEV011,temperature,愛知,2026-04-27 01:40:00,20.1,,normal
DEV012,vibration,東京,2026-04-27 01:40:00,20.6,30.0,N/A
DEV013,vibration,東京,2026-04-27 01:40:00,19.6,66.8,normal
DEV014,vibration,愛知,2026-04-27 01:40:00,19.8,35.7,normal
DEV015,vibration,愛知,2026-04-27 01:40:00,28.3,44.9,normal
DEV016,humidity,東京,2026-04-27 01:40:00,22.0,69.0,normal
DEV017,humidity,愛知,2026-04-27 01:40:00,29.5,37.0,critical
DEV018,humidity,東京,2026-04-27 01:40:00,29.1,38.9,N/A
DEV019,temperature,愛知,2026-04-27 01:40:00,22.5,41.8,normal
DEV020,humidity,大阪,2026-04-27 01:40:00,29.4,45.7,N/A
DEV021,humidity,東京,2026-04-27 01:40:00,999,66.8,N/A
DEV022,temperature,大阪,2026-04-27 01:40:00,24.8,35.6,normal
DEV023,temperature,東京,2026-04-27 01:40:00,29.8,65.4,normal
DEV024,humidity,東京,2026-04-27 01:40:00,26.0,43.4,normal
DEV025,humidity,大阪,2026-04-27 01:40:00,21.0,40.3,normal
DEV026,vibration,大阪,2026-04-27 01:40:00,18.6,46.8,normal
DEV027,temperature,愛知,2026-04-27 01:40:00,23.9,51.8,normal
DEV028,humidity,愛知,2026-04-27 01:40:00,27.5,60.3,normal
DEV029,temperature,大阪,2026-04-27 01:40:00,18.9,41.8,normal
DEV030,temperature,愛知,2026-04-27 01:40:00,19.3,65.5,normal
DEV001,vibration,東京,2026-04-27 01:45:00,24.6,33.7,N/A
DEV002,temperature,愛知,2026-04-27 01:45:00,28.7,47.3,normal
DEV003,humidity,東京,2026-04-27 01:45:00,23.2,43.2,normal
DEV004,temperature,東京,2026-04-27 01:45:00,24.6,51.6,normal
DEV005,vibration,東京,2026-04-27 01:45:00,19.2,52.0,warning
DEV006,vibration,愛知,2026-04-27 01:45:00,22.3,41.8,N/A
DEV007,vibration,東京,2026-04-27 01:45:00,19.2,55.5,normal
DEV008,vibration,大阪,2026-04-27 01:45:00,19.4,48.8,normal
DEV009,temperature,東京,2026-04-27 01:45:00,24.5,65.4,normal
DEV010,temperature,東京,2026-04-27 01:45:00,18.5,40.5,normal
DEV011,temperature,愛知,2026-04-27 01:45:00,19.8,33.9,normal
DEV012,vibration,東京,2026-04-27 01:45:00,23.0,39.1,normal
DEV013,vibration,東京,2026-04-27 01:45:00,27.8,51.4,warning
DEV014,vibration,愛知,2026-04-27 01:45:00,20.8,45.8,normal
DEV015,vibration,愛知,2026-04-27 01:45:00,28.8,57.1,N/A
DEV016,humidity,東京,2026-04-27 01:45:00,29.4,68.0,normal
DEV017,humidity,愛知,2026-04-27 01:45:00,27.7,46.9,normal
DEV018,humidity,東京,2026-04-27 01:45:00,27.9,53.8,normal
DEV019,temperature,愛知,2026-04-27 01:45:00,29.0,45.5,normal
DEV020,humidity,大阪,2026-04-27 01:45:00,28.3,66.7,normal
DEV021,humidity,東京,2026-04-27 01:45:00,25.5,46.8,normal
DEV022,temperature,大阪,2026-04-27 01:45:00,24.8,68.6,normal
DEV023,temperature,東京,2026-04-27 01:45:00,24.8,41.4,critical
DEV024,humidity,東京,2026-04-27 01:45:00,28.5,56.2,N/A
DEV025,humidity,大阪,2026-04-27 01:45:00,18.4,35.8,N/A
DEV026,vibration,大阪,2026-04-27 01:45:00,22.8,65.2,normal
DEV027,temperature,愛知,2026-04-27 01:45:00,999,40.7,normal
DEV028,humidity,愛知,2026-04-27 01:45:00,,42.1,normal
DEV029,temperature,大阪,2026-04-27 01:45:00,28.3,68.9,normal
DEV030,temperature,愛知,2026-04-27 01:45:00,29.7,63.0,normal
DEV001,vibration,東京,2026-04-27 01:50:00,25.3,47.7,normal
DEV002,temperature,愛知,2026-04-27 01:50:00,27.1,62.8,critical
DEV003,humidity,東京,2026-04-27 01:50:00,18.8,46.1,critical
DEV004,temperature,東京,2026-04-27 01:50:00,18.3,63.3,normal
DEV005,vibration,東京,2026-04-27 01:50:00,23.5,58.2,normal
DEV006,vibration,愛知,2026-04-27 01:50:00,23.6,66.9,normal
DEV007,vibration,東京,2026-04-27 01:50:00,23.9,68.4,warning
DEV008,vibration,大阪,2026-04-27 01:50:00,22.2,65.8,normal
DEV009,temperature,東京,2026-04-27 01:50:00,22.6,52.9,normal
DEV010,temperature,東京,2026-04-27 01:50:00,25.8,40.8,normal
DEV011,temperature,愛知,2026-04-27 01:50:00,28.4,57.3,warning
DEV012,vibration,東京,2026-04-27 01:50:00,25.8,30.3,normal
DEV013,vibration,東京,2026-04-27 01:50:00,29.3,58.4,normal
DEV014,vibration,愛知,2026-04-27 01:50:00,22.5,40.1,warning
DEV015,vibration,愛知,2026-04-27 01:50:00,24.2,53.4,normal
DEV016,humidity,東京,2026-04-27 01:50:00,25.9,45.0,N/A
DEV017,humidity,愛知,2026-04-27 01:50:00,21.6,32.6,normal
DEV018,humidity,東京,2026-04-27 01:50:00,28.3,58.4,normal
DEV019,temperature,愛知,2026-04-27 01:50:00,24.2,32.3,N/A
DEV020,humidity,大阪,2026-04-27 01:50:00,21.8,31.0,warning
DEV021,humidity,東京,2026-04-27 01:50:00,21.1,45.5,normal
DEV022,temperature,大阪,2026-04-27 01:50:00,29.9,43.7,normal
DEV023,temperature,東京,2026-04-27 01:50:00,25.7,67.6,normal
DEV024,humidity,東京,2026-04-27 01:50:00,28.1,65.1,normal
DEV025,humidity,大阪,2026-04-27 01:50:00,23.6,59.0,critical
DEV026,vibration,大阪,2026-04-27 01:50:00,20.2,43.4,normal
DEV027,temperature,愛知,2026-04-27 01:50:00,20.7,46.8,normal
DEV028,humidity,愛知,2026-04-27 01:50:00,25.0,34.7,normal
DEV029,temperature,大阪,2026-04-27 01:50:00,25.0,32.8,normal
DEV030,temperature,愛知,2026-04-27 01:50:00,28.4,41.9,normal
DEV001,vibration,東京,2026-04-27 01:55:00,19.8,43.7,N/A
DEV002,temperature,愛知,2026-04-27 01:55:00,29.8,64.5,normal
DEV003,humidity,東京,2026-04-27 01:55:00,23.9,37.1,normal
DEV004,temperature,東京,2026-04-27 01:55:00,,60.4,normal
DEV005,vibration,東京,2026-04-27 01:55:00,19.9,61.2,normal
DEV006,vibration,愛知,2026-04-27 01:55:00,25.6,68.6,normal
DEV007,vibration,東京,2026-04-27 01:55:00,,59.2,normal
DEV008,vibration,大阪,2026-04-27 01:55:00,27.1,30.7,normal
DEV009,temperature,東京,2026-04-27 01:55:00,21.0,43.8,normal
DEV010,temperature,東京,2026-04-27 01:55:00,24.0,32.6,normal
DEV011,temperature,愛知,2026-04-27 01:55:00,21.5,53.9,normal
DEV012,vibration,東京,2026-04-27 01:55:00,26.2,69.8,warning
DEV013,vibration,東京,2026-04-27 01:55:00,20.3,66.7,normal
DEV014,vibration,愛知,2026-04-27 01:55:00,,69.4,normal
DEV015,vibration,愛知,2026-04-27 01:55:00,25.1,44.7,normal
DEV016,humidity,東京,2026-04-27 01:55:00,25.7,54.9,N/A
DEV017,humidity,愛知,2026-04-27 01:55:00,25.9,30.8,normal
DEV018,humidity,東京,2026-04-27 01:55:00,22.6,49.0,normal
DEV019,temperature,愛知,2026-04-27 01:55:00,26.2,N/A,normal
DEV020,humidity,大阪,2026-04-27 01:55:00,25.9,54.2,normal
DEV021,humidity,東京,2026-04-27 01:55:00,28.8,54.7,normal
DEV022,temperature,大阪,2026-04-27 01:55:00,19.3,38.0,normal
DEV023,temperature,東京,2026-04-27 01:55:00,29.7,46.4,normal
DEV024,humidity,東京,2026-04-27 01:55:00,999,38.3,warning
DEV025,humidity,大阪,2026-04-27 01:55:00,18.0,66.3,N/A
DEV026,vibration,大阪,2026-04-27 01:55:00,19.8,50.5,normal
DEV027,temperature,愛知,2026-04-27 01:55:00,25.7,69.1,normal
DEV028,humidity,愛知,2026-04-27 01:55:00,19.2,31.6,normal
DEV029,temperature,大阪,2026-04-27 01:55:00,26.1,34.6,normal
DEV030,temperature,愛知,2026-04-27 01:55:00,,55.9,normal
DEV001,vibration,東京,2026-04-27 02:00:00,23.3,65.1,normal
DEV002,temperature,愛知,2026-04-27 02:00:00,22.1,46.0,warning
DEV003,humidity,東京,2026-04-27 02:00:00,22.6,62.0,normal
DEV004,temperature,東京,2026-04-27 02:00:00,26.4,67.7,normal
DEV005,vibration,東京,2026-04-27 02:00:00,28.9,52.8,warning
DEV006,vibration,愛知,2026-04-27 02:00:00,22.6,31.2,normal
DEV007,vibration,東京,2026-04-27 02:00:00,23.9,47.6,normal
DEV008,vibration,大阪,2026-04-27 02:00:00,21.8,57.1,N/A
DEV009,temperature,東京,2026-04-27 02:00:00,20.7,64.9,critical
DEV010,temperature,東京,2026-04-27 02:00:00,26.4,56.5,normal
DEV011,temperature,愛知,2026-04-27 02:00:00,26.0,35.9,critical
DEV012,vibration,東京,2026-04-27 02:00:00,25.4,N/A,normal
DEV013,vibration,東京,2026-04-27 02:00:00,23.6,36.6,warning
DEV014,vibration,愛知,2026-04-27 02:00:00,22.0,50.3,critical
DEV015,vibration,愛知,2026-04-27 02:00:00,22.8,48.4,N/A
DEV016,humidity,東京,2026-04-27 02:00:00,28.3,34.7,warning
DEV017,humidity,愛知,2026-04-27 02:00:00,18.2,31.4,critical
DEV018,humidity,東京,2026-04-27 02:00:00,,54.2,N/A
DEV019,temperature,愛知,2026-04-27 02:00:00,28.7,56.2,warning
DEV020,humidity,大阪,2026-04-27 02:00:00,22.4,38.9,warning
DEV021,humidity,東京,2026-04-27 02:00:00,27.2,58.7,normal
DEV022,temperature,大阪,2026-04-27 02:00:00,19.4,38.9,normal
DEV023,temperature,東京,2026-04-27 02:00:00,25.6,51.9,normal
DEV024,humidity,東京,2026-04-27 02:00:00,18.5,35.6,normal
DEV025,humidity,大阪,2026-04-27 02:00:00,25.3,67.2,normal
DEV026,vibration,大阪,2026-04-27 02:00:00,27.9,43.5,normal
DEV027,temperature,愛知,2026-04-27 02:00:00,999,56.9,normal
DEV028,humidity,愛知,2026-04-27 02:00:00,23.4,68.2,normal
DEV029,temperature,大阪,2026-04-27 02:00:00,18.1,52.1,normal
DEV030,temperature,愛知,2026-04-27 02:00:00,23.8,66.8,normal
DEV001,vibration,東京,2026-04-27 02:05:00,20.1,34.1,N/A
DEV002,temperature,愛知,2026-04-27 02:05:00,21.9,46.7,N/A
DEV003,humidity,東京,2026-04-27 02:05:00,27.1,68.5,normal
DEV004,temperature,東京,2026-04-27 02:05:00,19.6,58.0,critical
DEV005,vibration,東京,2026-04-27 02:05:00,26.4,58.5,critical
DEV006,vibration,愛知,2026-04-27 02:05:00,20.4,41.6,normal
DEV007,vibration,東京,2026-04-27 02:05:00,19.6,69.0,normal
DEV008,vibration,大阪,2026-04-27 02:05:00,26.3,34.6,normal
DEV009,temperature,東京,2026-04-27 02:05:00,25.0,58.4,critical
DEV010,temperature,東京,2026-04-27 02:05:00,28.2,50.9,normal
DEV011,temperature,愛知,2026-04-27 02:05:00,18.6,40.7,normal
DEV012,vibration,東京,2026-04-27 02:05:00,26.2,32.5,normal
DEV013,vibration,東京,2026-04-27 02:05:00,24.5,48.1,N/A
DEV014,vibration,愛知,2026-04-27 02:05:00,26.9,59.7,critical
DEV015,vibration,愛知,2026-04-27 02:05:00,24.1,57.8,normal
DEV016,humidity,東京,2026-04-27 02:05:00,22.7,69.0,normal
DEV017,humidity,愛知,2026-04-27 02:05:00,18.6,38.1,warning
DEV018,humidity,東京,2026-04-27 02:05:00,28.9,55.9,N/A
DEV019,temperature,愛知,2026-04-27 02:05:00,25.2,68.6,normal
DEV020,humidity,大阪,2026-04-27 02:05:00,29.8,68.5,critical
DEV021,humidity,東京,2026-04-27 02:05:00,18.5,40.6,normal
DEV022,temperature,大阪,2026-04-27 02:05:00,21.1,58.4,normal
DEV023,temperature,東京,2026-04-27 02:05:00,999,53.9,N/A
DEV024,humidity,東京,2026-04-27 02:05:00,21.6,52.0,normal
DEV025,humidity,大阪,2026-04-27 02:05:00,21.8,37.4,normal
DEV026,vibration,大阪,2026-04-27 02:05:00,19.9,46.1,normal
DEV027,temperature,愛知,2026-04-27 02:05:00,20.6,44.4,normal
DEV028,humidity,愛知,2026-04-27 02:05:00,25.4,52.5,normal
DEV029,temperature,大阪,2026-04-27 02:05:00,22.2,55.7,N/A
DEV030,temperature,愛知,2026-04-27 02:05:00,18.5,45.3,normal
DEV001,vibration,東京,2026-04-27 02:10:00,24.5,66.5,normal
DEV002,temperature,愛知,2026-04-27 02:10:00,24.1,41.9,normal
DEV003,humidity,東京,2026-04-27 02:10:00,19.0,68.9,critical
DEV004,temperature,東京,2026-04-27 02:10:00,25.5,55.2,normal
DEV005,vibration,東京,2026-04-27 02:10:00,23.1,51.5,normal
DEV006,vibration,愛知,2026-04-27 02:10:00,29.3,36.2,warning
DEV007,vibration,東京,2026-04-27 02:10:00,18.5,37.1,normal
DEV008,vibration,大阪,2026-04-27 02:10:00,24.9,40.3,normal
DEV009,temperature,東京,2026-04-27 02:10:00,22.9,45.6,normal
DEV010,temperature,東京,2026-04-27 02:10:00,25.7,60.2,N/A
DEV011,temperature,愛知,2026-04-27 02:10:00,999,44.3,critical
DEV012,vibration,東京,2026-04-27 02:10:00,27.4,33.5,warning
DEV013,vibration,東京,2026-04-27 02:10:00,27.9,,normal
DEV014,vibration,愛知,2026-04-27 02:10:00,19.6,61.9,critical
DEV015,vibration,愛知,2026-04-27 02:10:00,25.6,65.5,normal
DEV016,humidity,東京,2026-04-27 02:10:00,18.1,35.7,normal
DEV017,humidity,愛知,2026-04-27 02:10:00,,51.5,normal
DEV018,humidity,東京,2026-04-27 02:10:00,27.0,43.8,normal
DEV019,temperature,愛知,2026-04-27 02:10:00,28.2,37.4,N/A
DEV020,humidity,大阪,2026-04-27 02:10:00,20.3,62.0,normal
DEV021,humidity,東京,2026-04-27 02:10:00,29.2,48.5,critical
DEV022,temperature,大阪,2026-04-27 02:10:00,26.1,37.9,N/A
DEV023,temperature,東京,2026-04-27 02:10:00,22.0,56.2,normal
DEV024,humidity,東京,2026-04-27 02:10:00,18.8,49.4,normal
DEV025,humidity,大阪,2026-04-27 02:10:00,21.7,52.6,normal
DEV026,vibration,大阪,2026-04-27 02:10:00,29.5,42.5,normal
DEV027,temperature,愛知,2026-04-27 02:10:00,25.7,44.4,normal
DEV028,humidity,愛知,2026-04-27 02:10:00,23.6,42.2,critical
DEV029,temperature,大阪,2026-04-27 02:10:00,25.7,41.2,normal
DEV030,temperature,愛知,2026-04-27 02:10:00,20.4,55.1,normal
DEV001,vibration,東京,2026-04-27 02:15:00,28.2,62.5,N/A
DEV002,temperature,愛知,2026-04-27 02:15:00,25.1,52.1,critical
DEV003,humidity,東京,2026-04-27 02:15:00,24.5,35.9,normal
DEV004,temperature,東京,2026-04-27 02:15:00,27.3,41.6,warning
DEV005,vibration,東京,2026-04-27 02:15:00,19.1,30.4,normal
DEV006,vibration,愛知,2026-04-27 02:15:00,27.7,36.6,critical
DEV007,vibration,東京,2026-04-27 02:15:00,19.9,52.6,normal
DEV008,vibration,大阪,2026-04-27 02:15:00,23.8,38.8,warning
DEV009,temperature,東京,2026-04-27 02:15:00,21.2,56.7,critical
DEV010,temperature,東京,2026-04-27 02:15:00,22.3,48.2,normal
DEV011,temperature,愛知,2026-04-27 02:15:00,999,34.1,critical
DEV012,vibration,東京,2026-04-27 02:15:00,21.3,53.1,N/A
DEV013,vibration,東京,2026-04-27 02:15:00,25.8,56.1,normal
DEV014,vibration,愛知,2026-04-27 02:15:00,22.5,50.7,normal
DEV015,vibration,愛知,2026-04-27 02:15:00,22.1,65.5,normal
DEV016,humidity,東京,2026-04-27 02:15:00,19.7,33.1,normal
DEV017,humidity,愛知,2026-04-27 02:15:00,20.2,58.7,normal
DEV018,humidity,東京,2026-04-27 02:15:00,23.0,34.5,warning
DEV019,temperature,愛知,2026-04-27 02:15:00,25.1,46.4,normal
DEV020,humidity,大阪,2026-04-27 02:15:00,999,36.4,critical
DEV021,humidity,東京,2026-04-27 02:15:00,999,32.2,normal
DEV022,temperature,大阪,2026-04-27 02:15:00,24.2,68.8,normal
DEV023,temperature,東京,2026-04-27 02:15:00,26.7,67.9,normal
DEV024,humidity,東京,2026-04-27 02:15:00,29.9,36.8,normal
DEV025,humidity,大阪,2026-04-27 02:15:00,27.5,37.3,critical
DEV026,vibration,大阪,2026-04-27 02:15:00,26.7,48.1,N/A
DEV027,temperature,愛知,2026-04-27 02:15:00,22.5,30.7,critical
DEV028,humidity,愛知,2026-04-27 02:15:00,24.1,36.0,normal
DEV029,temperature,大阪,2026-04-27 02:15:00,28.8,65.1,critical
DEV030,temperature,愛知,2026-04-27 02:15:00,19.4,35.2,N/A
DEV001,vibration,東京,2026-04-27 02:20:00,18.0,57.1,normal
DEV002,temperature,愛知,2026-04-27 02:20:00,22.4,,critical
DEV003,humidity,東京,2026-04-27 02:20:00,29.3,60.7,normal
DEV004,temperature,東京,2026-04-27 02:20:00,26.9,57.9,normal
DEV005,vibration,東京,2026-04-27 02:20:00,21.1,66.4,normal
DEV006,vibration,愛知,2026-04-27 02:20:00,28.5,37.6,normal
DEV007,vibration,東京,2026-04-27 02:20:00,19.4,N/A,normal
DEV008,vibration,大阪,2026-04-27 02:20:00,21.8,36.2,N/A
DEV009,temperature,東京,2026-04-27 02:20:00,28.3,44.6,normal
DEV010,temperature,東京,2026-04-27 02:20:00,22.8,52.1,critical
DEV011,temperature,愛知,2026-04-27 02:20:00,22.4,40.2,normal
DEV012,vibration,東京,2026-04-27 02:20:00,27.3,35.5,normal
DEV013,vibration,東京,2026-04-27 02:20:00,23.4,36.5,normal
DEV014,vibration,愛知,2026-04-27 02:20:00,27.4,54.6,normal
DEV015,vibration,愛知,2026-04-27 02:20:00,29.6,N/A,normal
DEV016,humidity,東京,2026-04-27 02:20:00,23.7,33.5,normal
DEV017,humidity,愛知,2026-04-27 02:20:00,19.0,,normal
DEV018,humidity,東京,2026-04-27 02:20:00,22.8,41.5,N/A
DEV019,temperature,愛知,2026-04-27 02:20:00,27.3,49.8,normal
DEV020,humidity,大阪,2026-04-27 02:20:00,25.9,41.4,normal
DEV021,humidity,東京,2026-04-27 02:20:00,24.1,54.6,normal
DEV022,temperature,大阪,2026-04-27 02:20:00,25.9,33.5,normal
DEV023,temperature,東京,2026-04-27 02:20:00,22.2,53.4,critical
DEV024,humidity,東京,2026-04-27 02:20:00,,66.8,critical
DEV025,humidity,大阪,2026-04-27 02:20:00,28.0,43.9,normal
DEV026,vibration,大阪,2026-04-27 02:20:00,29.6,46.2,normal
DEV027,temperature,愛知,2026-04-27 02:20:00,22.9,32.9,normal
DEV028,humidity,愛知,2026-04-27 02:20:00,19.4,40.3,critical
DEV029,temperature,大阪,2026-04-27 02:20:00,24.9,68.6,N/A
DEV030,temperature,愛知,2026-04-27 02:20:00,20.9,61.0,warning
DEV001,vibration,東京,2026-04-27 02:25:00,28.3,40.3,normal
DEV002,temperature,愛知,2026-04-27 02:25:00,29.9,39.2,normal
DEV003,humidity,東京,2026-04-27 02:25:00,22.2,58.0,normal
DEV004,temperature,東京,2026-04-27 02:25:00,19.1,62.8,normal
DEV005,vibration,東京,2026-04-27 02:25:00,20.1,38.7,N/A
DEV006,vibration,愛知,2026-04-27 02:25:00,29.4,66.4,warning
DEV007,vibration,東京,2026-04-27 02:25:00,20.8,40.6,normal
DEV008,vibration,大阪,2026-04-27 02:25:00,21.0,36.2,normal
DEV009,temperature,東京,2026-04-27 02:25:00,18.9,49.7,normal
DEV010,temperature,東京,2026-04-27 02:25:00,24.5,,warning
DEV011,temperature,愛知,2026-04-27 02:25:00,21.8,65.2,N/A
DEV012,vibration,東京,2026-04-27 02:25:00,23.9,66.6,normal
DEV013,vibration,東京,2026-04-27 02:25:00,27.0,51.0,normal
DEV014,vibration,愛知,2026-04-27 02:25:00,24.5,45.7,normal
DEV015,vibration,愛知,2026-04-27 02:25:00,19.4,42.6,normal
DEV016,humidity,東京,2026-04-27 02:25:00,,53.2,normal
DEV017,humidity,愛知,2026-04-27 02:25:00,28.3,40.5,normal
DEV018,humidity,東京,2026-04-27 02:25:00,25.4,50.0,normal
DEV019,temperature,愛知,2026-04-27 02:25:00,27.0,46.0,warning
DEV020,humidity,大阪,2026-04-27 02:25:00,19.6,39.1,normal
DEV021,humidity,東京,2026-04-27 02:25:00,27.6,64.3,normal
DEV022,temperature,大阪,2026-04-27 02:25:00,29.5,62.2,normal
DEV023,temperature,東京,2026-04-27 02:25:00,19.6,55.2,critical
DEV024,humidity,東京,2026-04-27 02:25:00,27.4,52.5,N/A
DEV025,humidity,大阪,2026-04-27 02:25:00,999,36.5,normal
DEV026,vibration,大阪,2026-04-27 02:25:00,23.7,48.0,normal
DEV027,temperature,愛知,2026-04-27 02:25:00,22.3,62.4,normal
DEV028,humidity,愛知,2026-04-27 02:25:00,,64.7,N/A
DEV029,temperature,大阪,2026-04-27 02:25:00,24.9,37.0,normal
DEV030,temperature,愛知,2026-04-27 02:25:00,26.1,59.5,normal
DEV001,vibration,東京,2026-04-27 02:30:00,21.4,35.8,normal
DEV002,temperature,愛知,2026-04-27 02:30:00,29.1,54.5,normal
DEV003,humidity,東京,2026-04-27 02:30:00,18.9,39.1,normal
DEV004,temperature,東京,2026-04-27 02:30:00,26.5,45.8,warning
DEV005,vibration,東京,2026-04-27 02:30:00,29.3,50.8,warning
DEV006,vibration,愛知,2026-04-27 02:30:00,20.2,N/A,normal
DEV007,vibration,東京,2026-04-27 02:30:00,29.3,33.2,normal
DEV008,vibration,大阪,2026-04-27 02:30:00,19.1,48.9,normal
DEV009,temperature,東京,2026-04-27 02:30:00,,60.6,normal
DEV010,temperature,東京,2026-04-27 02:30:00,25.4,67.3,normal
DEV011,temperature,愛知,2026-04-27 02:30:00,21.0,55.1,normal
DEV012,vibration,東京,2026-04-27 02:30:00,20.0,,normal
DEV013,vibration,東京,2026-04-27 02:30:00,21.9,69.0,critical
DEV014,vibration,愛知,2026-04-27 02:30:00,24.6,67.9,critical
DEV015,vibration,愛知,2026-04-27 02:30:00,25.2,55.4,N/A
DEV016,humidity,東京,2026-04-27 02:30:00,25.7,66.4,warning
DEV017,humidity,愛知,2026-04-27 02:30:00,27.7,44.6,normal
DEV018,humidity,東京,2026-04-27 02:30:00,18.1,60.3,normal
DEV019,temperature,愛知,2026-04-27 02:30:00,23.6,N/A,warning
DEV020,humidity,大阪,2026-04-27 02:30:00,23.7,N/A,normal
DEV021,humidity,東京,2026-04-27 02:30:00,25.2,51.9,normal
DEV022,temperature,大阪,2026-04-27 02:30:00,24.7,36.5,normal
DEV023,temperature,東京,2026-04-27 02:30:00,20.6,55.0,critical
DEV024,humidity,東京,2026-04-27 02:30:00,28.9,57.4,normal
DEV025,humidity,大阪,2026-04-27 02:30:00,24.4,37.5,normal
DEV026,vibration,大阪,2026-04-27 02:30:00,21.5,54.7,normal
DEV027,temperature,愛知,2026-04-27 02:30:00,23.9,36.1,critical
DEV028,humidity,愛知,2026-04-27 02:30:00,,41.3,normal
DEV029,temperature,大阪,2026-04-27 02:30:00,26.7,36.0,warning
DEV030,temperature,愛知,2026-04-27 02:30:00,23.0,49.9,normal
DEV001,vibration,東京,2026-04-27 02:35:00,27.5,63.7,normal
DEV002,temperature,愛知,2026-04-27 02:35:00,27.3,48.8,normal
DEV003,humidity,東京,2026-04-27 02:35:00,21.0,30.5,normal
DEV004,temperature,東京,2026-04-27 02:35:00,29.7,69.8,normal
DEV005,vibration,東京,2026-04-27 02:35:00,27.3,69.3,warning
DEV006,vibration,愛知,2026-04-27 02:35:00,29.5,36.3,normal
DEV007,vibration,東京,2026-04-27 02:35:00,24.6,49.2,normal
DEV008,vibration,大阪,2026-04-27 02:35:00,28.7,38.7,normal
DEV009,temperature,東京,2026-04-27 02:35:00,23.2,N/A,normal
DEV010,temperature,東京,2026-04-27 02:35:00,22.7,68.8,N/A
DEV011,temperature,愛知,2026-04-27 02:35:00,23.7,44.9,normal
DEV012,vibration,東京,2026-04-27 02:35:00,24.0,43.5,normal
DEV013,vibration,東京,2026-04-27 02:35:00,25.7,61.7,normal
DEV014,vibration,愛知,2026-04-27 02:35:00,21.8,55.8,normal
DEV015,vibration,愛知,2026-04-27 02:35:00,23.3,57.6,normal
DEV016,humidity,東京,2026-04-27 02:35:00,21.0,,warning
DEV017,humidity,愛知,2026-04-27 02:35:00,24.5,52.7,critical
DEV018,humidity,東京,2026-04-27 02:35:00,26.8,63.3,critical
DEV019,temperature,愛知,2026-04-27 02:35:00,24.4,62.8,critical
DEV020,humidity,大阪,2026-04-27 02:35:00,18.0,45.2,normal
DEV021,humidity,東京,2026-04-27 02:35:00,25.4,54.8,normal
DEV022,temperature,大阪,2026-04-27 02:35:00,25.9,45.5,critical
DEV023,temperature,東京,2026-04-27 02:35:00,27.2,41.3,normal
DEV024,humidity,東京,2026-04-27 02:35:00,19.3,32.7,normal
DEV025,humidity,大阪,2026-04-27 02:35:00,18.4,37.7,normal
DEV026,vibration,大阪,2026-04-27 02:35:00,28.0,51.0,N/A
DEV027,temperature,愛知,2026-04-27 02:35:00,22.4,32.8,normal
DEV028,humidity,愛知,2026-04-27 02:35:00,29.1,48.7,normal
DEV029,temperature,大阪,2026-04-27 02:35:00,26.9,62.9,normal
DEV030,temperature,愛知,2026-04-27 02:35:00,21.2,,normal
DEV001,vibration,東京,2026-04-27 02:40:00,18.9,50.8,normal
DEV002,temperature,愛知,2026-04-27 02:40:00,24.4,51.0,normal
DEV003,humidity,東京,2026-04-27 02:40:00,29.4,52.3,normal
DEV004,temperature,東京,2026-04-27 02:40:00,24.9,58.1,normal
DEV005,vibration,東京,2026-04-27 02:40:00,20.0,46.1,normal
DEV006,vibration,愛知,2026-04-27 02:40:00,24.4,67.3,normal
DEV007,vibration,東京,2026-04-27 02:40:00,30.0,46.5,normal
DEV008,vibration,大阪,2026-04-27 02:40:00,21.9,51.8,normal
DEV009,temperature,東京,2026-04-27 02:40:00,29.1,68.5,warning
DEV010,temperature,東京,2026-04-27 02:40:00,18.0,,normal
DEV011,temperature,愛知,2026-04-27 02:40:00,24.2,42.1,normal
DEV012,vibration,東京,2026-04-27 02:40:00,20.6,60.9,normal
DEV013,vibration,東京,2026-04-27 02:40:00,24.1,52.9,normal
DEV014,vibration,愛知,2026-04-27 02:40:00,999,35.5,normal
DEV015,vibration,愛知,2026-04-27 02:40:00,21.0,42.0,N/A
DEV016,humidity,東京,2026-04-27 02:40:00,29.0,58.9,warning
DEV017,humidity,愛知,2026-04-27 02:40:00,27.9,53.0,normal
DEV018,humidity,東京,2026-04-27 02:40:00,21.6,53.1,normal
DEV019,temperature,愛知,2026-04-27 02:40:00,29.1,65.2,normal
DEV020,humidity,大阪,2026-04-27 02:40:00,28.4,39.1,N/A
DEV021,humidity,東京,2026-04-27 02:40:00,25.6,32.2,critical
DEV022,temperature,大阪,2026-04-27 02:40:00,999,36.0,critical
DEV023,temperature,東京,2026-04-27 02:40:00,19.8,69.9,warning
DEV024,humidity,東京,2026-04-27 02:40:00,24.9,47.3,normal
DEV025,humidity,大阪,2026-04-27 02:40:00,22.0,59.8,critical
DEV026,vibration,大阪,2026-04-27 02:40:00,19.0,61.0,normal
DEV027,temperature,愛知,2026-04-27 02:40:00,23.8,45.8,N/A
DEV028,humidity,愛知,2026-04-27 02:40:00,25.4,39.8,normal
DEV029,temperature,大阪,2026-04-27 02:40:00,23.2,53.0,normal
DEV030,temperature,愛知,2026-04-27 02:40:00,23.1,42.8,N/A
DEV001,vibration,東京,2026-04-27 02:45:00,27.2,44.0,warning
DEV002,temperature,愛知,2026-04-27 02:45:00,23.3,39.3,normal
DEV003,humidity,東京,2026-04-27 02:45:00,26.7,59.6,normal
DEV004,temperature,東京,2026-04-27 02:45:00,29.1,62.8,normal
DEV005,vibration,東京,2026-04-27 02:45:00,27.7,48.8,normal
DEV006,vibration,愛知,2026-04-27 02:45:00,24.5,50.9,normal
DEV007,vibration,東京,2026-04-27 02:45:00,25.5,57.8,normal
DEV008,vibration,大阪,2026-04-27 02:45:00,28.9,40.2,normal
DEV009,temperature,東京,2026-04-27 02:45:00,27.5,32.1,normal
DEV010,temperature,東京,2026-04-27 02:45:00,25.9,66.5,normal
DEV011,temperature,愛知,2026-04-27 02:45:00,18.2,56.0,normal
DEV012,vibration,東京,2026-04-27 02:45:00,24.1,66.2,warning
DEV013,vibration,東京,2026-04-27 02:45:00,24.4,50.0,warning
DEV014,vibration,愛知,2026-04-27 02:45:00,26.5,,critical
DEV015,vibration,愛知,2026-04-27 02:45:00,23.9,30.7,normal
DEV016,humidity,東京,2026-04-27 02:45:00,21.6,69.1,normal
DEV017,humidity,愛知,2026-04-27 02:45:00,25.5,65.6,normal
DEV018,humidity,東京,2026-04-27 02:45:00,29.4,43.7,normal
DEV019,temperature,愛知,2026-04-27 02:45:00,19.1,68.4,N/A
DEV020,humidity,大阪,2026-04-27 02:45:00,26.2,52.9,normal
DEV021,humidity,東京,2026-04-27 02:45:00,28.9,51.7,normal
DEV022,temperature,大阪,2026-04-27 02:45:00,25.0,38.1,normal
DEV023,temperature,東京,2026-04-27 02:45:00,26.5,35.4,normal
DEV024,humidity,東京,2026-04-27 02:45:00,24.8,32.7,critical
DEV025,humidity,大阪,2026-04-27 02:45:00,19.4,65.2,normal
DEV026,vibration,大阪,2026-04-27 02:45:00,28.6,46.5,warning
DEV027,temperature,愛知,2026-04-27 02:45:00,27.9,59.5,normal
DEV028,humidity,愛知,2026-04-27 02:45:00,19.3,60.5,N/A
DEV029,temperature,大阪,2026-04-27 02:45:00,25.3,53.9,normal
DEV030,temperature,愛知,2026-04-27 02:45:00,22.3,49.1,critical
DEV001,vibration,東京,2026-04-27 02:50:00,23.6,37.4,normal
DEV002,temperature,愛知,2026-04-27 02:50:00,19.7,31.3,normal
DEV003,humidity,東京,2026-04-27 02:50:00,29.4,56.9,normal
DEV004,temperature,東京,2026-04-27 02:50:00,18.8,69.4,N/A
DEV005,vibration,東京,2026-04-27 02:50:00,21.9,39.9,normal
DEV006,vibration,愛知,2026-04-27 02:50:00,25.3,58.8,normal
DEV007,vibration,東京,2026-04-27 02:50:00,26.9,51.0,normal
DEV008,vibration,大阪,2026-04-27 02:50:00,23.4,31.7,normal
DEV009,temperature,東京,2026-04-27 02:50:00,22.7,52.3,critical
DEV010,temperature,東京,2026-04-27 02:50:00,29.6,47.6,normal
DEV011,temperature,愛知,2026-04-27 02:50:00,21.4,41.8,normal
DEV012,vibration,東京,2026-04-27 02:50:00,28.8,55.8,normal
DEV013,vibration,東京,2026-04-27 02:50:00,19.4,67.5,critical
DEV014,vibration,愛知,2026-04-27 02:50:00,23.0,37.2,N/A
DEV015,vibration,愛知,2026-04-27 02:50:00,28.7,33.6,normal
DEV016,humidity,東京,2026-04-27 02:50:00,28.9,58.7,normal
DEV017,humidity,愛知,2026-04-27 02:50:00,26.5,33.4,normal
DEV018,humidity,東京,2026-04-27 02:50:00,29.7,36.4,critical
DEV019,temperature,愛知,2026-04-27 02:50:00,27.2,52.6,normal
DEV020,humidity,大阪,2026-04-27 02:50:00,19.7,32.1,normal
DEV021,humidity,東京,2026-04-27 02:50:00,27.2,55.1,normal
DEV022,temperature,大阪,2026-04-27 02:50:00,29.5,N/A,normal
DEV023,temperature,東京,2026-04-27 02:50:00,,49.9,normal
DEV024,humidity,東京,2026-04-27 02:50:00,23.9,56.4,warning
DEV025,humidity,大阪,2026-04-27 02:50:00,19.0,39.8,critical
DEV026,vibration,大阪,2026-04-27 02:50:00,25.5,38.3,normal
DEV027,temperature,愛知,2026-04-27 02:50:00,25.8,,normal
DEV028,humidity,愛知,2026-04-27 02:50:00,28.1,66.8,normal
DEV029,temperature,大阪,2026-04-27 02:50:00,29.9,41.4,N/A
DEV030,temperature,愛知,2026-04-27 02:50:00,24.7,60.0,normal
DEV001,vibration,東京,2026-04-27 02:55:00,19.1,44.7,normal
DEV002,temperature,愛知,2026-04-27 02:55:00,27.1,32.6,warning
DEV003,humidity,東京,2026-04-27 02:55:00,26.3,51.1,critical
DEV004,temperature,東京,2026-04-27 02:55:00,20.5,52.9,critical
DEV005,vibration,東京,2026-04-27 02:55:00,23.8,67.4,normal
DEV006,vibration,愛知,2026-04-27 02:55:00,28.2,53.0,N/A
DEV007,vibration,東京,2026-04-27 02:55:00,19.6,50.8,warning
DEV008,vibration,大阪,2026-04-27 02:55:00,20.2,58.3,normal
DEV009,temperature,東京,2026-04-27 02:55:00,,N/A,normal
DEV010,temperature,東京,2026-04-27 02:55:00,20.5,46.6,normal
DEV011,temperature,愛知,2026-04-27 02:55:00,24.7,30.5,normal
DEV012,vibration,東京,2026-04-27 02:55:00,21.1,42.0,critical
DEV013,vibration,東京,2026-04-27 02:55:00,18.1,43.7,N/A
DEV014,vibration,愛知,2026-04-27 02:55:00,18.3,43.2,normal
DEV015,vibration,愛知,2026-04-27 02:55:00,23.7,31.4,normal
DEV016,humidity,東京,2026-04-27 02:55:00,25.5,51.5,normal
DEV017,humidity,愛知,2026-04-27 02:55:00,27.8,32.2,critical
DEV018,humidity,東京,2026-04-27 02:55:00,26.7,51.4,normal
DEV019,temperature,愛知,2026-04-27 02:55:00,22.0,61.8,normal
DEV020,humidity,大阪,2026-04-27 02:55:00,21.4,,normal
DEV021,humidity,東京,2026-04-27 02:55:00,28.1,45.6,N/A
DEV022,temperature,大阪,2026-04-27 02:55:00,27.4,64.3,normal
DEV023,temperature,東京,2026-04-27 02:55:00,19.0,44.9,normal
DEV024,humidity,東京,2026-04-27 02:55:00,21.6,61.4,normal
DEV025,humidity,大阪,2026-04-27 02:55:00,23.3,N/A,warning
DEV026,vibration,大阪,2026-04-27 02:55:00,19.8,49.3,critical
DEV027,temperature,愛知,2026-04-27 02:55:00,21.9,33.9,critical
DEV028,humidity,愛知,2026-04-27 02:55:00,19.6,48.4,critical
DEV029,temperature,大阪,2026-04-27 02:55:00,21.7,,N/A
DEV030,temperature,愛知,2026-04-27 02:55:00,22.0,34.1,normal
DEV001,vibration,東京,2026-04-27 03:00:00,,55.6,normal
DEV002,temperature,愛知,2026-04-27 03:00:00,20.3,42.8,warning
DEV003,humidity,東京,2026-04-27 03:00:00,21.3,34.6,N/A
DEV004,temperature,東京,2026-04-27 03:00:00,19.2,52.0,normal
DEV005,vibration,東京,2026-04-27 03:00:00,26.5,39.8,normal
DEV006,vibration,愛知,2026-04-27 03:00:00,28.7,32.0,normal
DEV007,vibration,東京,2026-04-27 03:00:00,26.1,32.2,normal
DEV008,vibration,大阪,2026-04-27 03:00:00,26.5,55.2,warning
DEV009,temperature,東京,2026-04-27 03:00:00,21.7,58.5,critical
DEV010,temperature,東京,2026-04-27 03:00:00,29.1,52.7,normal
DEV011,temperature,愛知,2026-04-27 03:00:00,29.0,48.2,warning
DEV012,vibration,東京,2026-04-27 03:00:00,29.4,65.8,normal
DEV013,vibration,東京,2026-04-27 03:00:00,22.7,56.6,normal
DEV014,vibration,愛知,2026-04-27 03:00:00,18.4,44.1,warning
DEV015,vibration,愛知,2026-04-27 03:00:00,21.4,53.0,critical
DEV016,humidity,東京,2026-04-27 03:00:00,27.8,43.0,normal
DEV017,humidity,愛知,2026-04-27 03:00:00,24.4,46.5,N/A
DEV018,humidity,東京,2026-04-27 03:00:00,19.9,32.6,normal
DEV019,temperature,愛知,2026-04-27 03:00:00,25.1,47.4,normal
DEV020,humidity,大阪,2026-04-27 03:00:00,20.8,33.1,N/A
DEV021,humidity,東京,2026-04-27 03:00:00,19.4,43.0,normal
DEV022,temperature,大阪,2026-04-27 03:00:00,20.1,32.8,normal
DEV023,temperature,東京,2026-04-27 03:00:00,25.2,43.1,normal
DEV024,humidity,東京,2026-04-27 03:00:00,27.8,66.1,normal
DEV025,humidity,大阪,2026-04-27 03:00:00,25.9,41.7,N/A
DEV026,vibration,大阪,2026-04-27 03:00:00,20.3,42.7,N/A
DEV027,temperature,愛知,2026-04-27 03:00:00,26.2,67.5,normal
DEV028,humidity,愛知,2026-04-27 03:00:00,25.0,50.4,normal
DEV029,temperature,大阪,2026-04-27 03:00:00,18.7,68.7,normal
DEV030,temperature,愛知,2026-04-27 03:00:00,27.8,64.4,normal
DEV001,vibration,東京,2026-04-27 03:05:00,26.4,42.7,normal
DEV002,temperature,愛知,2026-04-27 03:05:00,23.2,36.9,normal
DEV003,humidity,東京,2026-04-27 03:05:00,22.6,63.6,normal
DEV004,temperature,東京,2026-04-27 03:05:00,28.5,30.5,normal
DEV005,vibration,東京,2026-04-27 03:05:00,28.6,69.0,normal
DEV006,vibration,愛知,2026-04-27 03:05:00,25.7,48.2,N/A
DEV007,vibration,東京,2026-04-27 03:05:00,25.5,47.0,warning
DEV008,vibration,大阪,2026-04-27 03:05:00,20.7,30.3,warning
DEV009,temperature,東京,2026-04-27 03:05:00,20.8,46.4,critical
DEV010,temperature,東京,2026-04-27 03:05:00,18.4,,warning
DEV011,temperature,愛知,2026-04-27 03:05:00,19.4,57.6,normal
DEV012,vibration,東京,2026-04-27 03:05:00,24.3,60.0,normal
DEV013,vibration,東京,2026-04-27 03:05:00,18.9,33.5,warning
DEV014,vibration,愛知,2026-04-27 03:05:00,26.0,57.4,critical
DEV015,vibration,愛知,2026-04-27 03:05:00,21.7,43.7,normal
DEV016,humidity,東京,2026-04-27 03:05:00,24.2,59.4,normal
DEV017,humidity,愛知,2026-04-27 03:05:00,29.7,36.7,N/A
DEV018,humidity,東京,2026-04-27 03:05:00,26.7,32.5,warning
DEV019,temperature,愛知,2026-04-27 03:05:00,24.9,41.7,N/A
DEV020,humidity,大阪,2026-04-27 03:05:00,,35.1,normal
DEV021,humidity,東京,2026-04-27 03:05:00,21.3,41.2,normal
DEV022,temperature,大阪,2026-04-27 03:05:00,,37.0,N/A
DEV023,temperature,東京,2026-04-27 03:05:00,25.9,37.0,normal
DEV024,humidity,東京,2026-04-27 03:05:00,27.6,43.7,normal
DEV025,humidity,大阪,2026-04-27 03:05:00,25.1,63.5,normal
DEV026,vibration,大阪,2026-04-27 03:05:00,20.9,55.5,normal
DEV027,temperature,愛知,2026-04-27 03:05:00,28.1,40.6,normal
DEV028,humidity,愛知,2026-04-27 03:05:00,23.6,49.1,critical
DEV029,temperature,大阪,2026-04-27 03:05:00,26.2,40.5,critical
DEV030,temperature,愛知,2026-04-27 03:05:00,18.1,48.0,normal
DEV001,vibration,東京,2026-04-27 03:10:00,26.2,,critical
DEV002,temperature,愛知,2026-04-27 03:10:00,29.5,66.7,normal
DEV003,humidity,東京,2026-04-27 03:10:00,21.2,56.2,normal
DEV004,temperature,東京,2026-04-27 03:10:00,26.1,56.9,normal
DEV005,vibration,東京,2026-04-27 03:10:00,26.1,42.5,normal
DEV006,vibration,愛知,2026-04-27 03:10:00,28.0,N/A,normal
DEV007,vibration,東京,2026-04-27 03:10:00,26.2,59.0,normal
DEV008,vibration,大阪,2026-04-27 03:10:00,18.3,67.5,normal
DEV009,temperature,東京,2026-04-27 03:10:00,25.7,34.8,N/A
DEV010,temperature,東京,2026-04-27 03:10:00,25.9,52.6,normal
DEV011,temperature,愛知,2026-04-27 03:10:00,26.3,48.7,normal
DEV012,vibration,東京,2026-04-27 03:10:00,29.1,47.1,normal
DEV013,vibration,東京,2026-04-27 03:10:00,27.4,32.5,normal
DEV014,vibration,愛知,2026-04-27 03:10:00,18.7,40.6,warning
DEV015,vibration,愛知,2026-04-27 03:10:00,29.8,45.7,warning
DEV016,humidity,東京,2026-04-27 03:10:00,24.5,54.6,normal
DEV017,humidity,愛知,2026-04-27 03:10:00,26.6,32.9,N/A
DEV018,humidity,東京,2026-04-27 03:10:00,27.3,N/A,warning
DEV019,temperature,愛知,2026-04-27 03:10:00,25.7,56.6,normal
DEV020,humidity,大阪,2026-04-27 03:10:00,22.0,30.1,warning
DEV021,humidity,東京,2026-04-27 03:10:00,22.8,62.5,normal
DEV022,temperature,大阪,2026-04-27 03:10:00,18.0,62.7,warning
DEV023,temperature,東京,2026-04-27 03:10:00,24.4,43.3,normal
DEV024,humidity,東京,2026-04-27 03:10:00,25.6,33.6,critical
DEV025,humidity,大阪,2026-04-27 03:10:00,22.1,60.4,normal
DEV026,vibration,大阪,2026-04-27 03:10:00,20.1,,normal
DEV027,temperature,愛知,2026-04-27 03:10:00,21.6,34.3,normal
DEV028,humidity,愛知,2026-04-27 03:10:00,28.6,37.6,normal
DEV029,temperature,大阪,2026-04-27 03:10:00,26.6,49.6,normal
DEV030,temperature,愛知,2026-04-27 03:10:00,25.7,68.6,warning
DEV001,vibration,東京,2026-04-27 03:15:00,18.2,43.5,normal
DEV002,temperature,愛知,2026-04-27 03:15:00,20.5,50.9,critical
DEV003,humidity,東京,2026-04-27 03:15:00,25.0,31.5,normal
DEV004,temperature,東京,2026-04-27 03:15:00,18.2,54.7,normal
DEV005,vibration,東京,2026-04-27 03:15:00,19.6,32.0,normal
DEV006,vibration,愛知,2026-04-27 03:15:00,19.2,63.4,normal
DEV007,vibration,東京,2026-04-27 03:15:00,19.3,62.0,normal
DEV008,vibration,大阪,2026-04-27 03:15:00,20.4,63.4,normal
DEV009,temperature,東京,2026-04-27 03:15:00,29.7,35.5,normal
DEV010,temperature,東京,2026-04-27 03:15:00,25.1,34.8,normal
DEV011,temperature,愛知,2026-04-27 03:15:00,20.0,36.6,normal
DEV012,vibration,東京,2026-04-27 03:15:00,18.5,63.9,N/A
DEV013,vibration,東京,2026-04-27 03:15:00,19.9,33.2,normal
DEV014,vibration,愛知,2026-04-27 03:15:00,19.1,65.5,normal
DEV015,vibration,愛知,2026-04-27 03:15:00,27.5,35.1,normal
DEV016,humidity,東京,2026-04-27 03:15:00,24.3,67.5,N/A
DEV017,humidity,愛知,2026-04-27 03:15:00,25.2,54.5,normal
DEV018,humidity,東京,2026-04-27 03:15:00,27.4,30.2,normal
DEV019,temperature,愛知,2026-04-27 03:15:00,29.8,54.8,critical
DEV020,humidity,大阪,2026-04-27 03:15:00,23.6,38.3,normal
DEV021,humidity,東京,2026-04-27 03:15:00,27.6,68.7,warning
DEV022,temperature,大阪,2026-04-27 03:15:00,19.9,32.2,normal
DEV023,temperature,東京,2026-04-27 03:15:00,23.2,62.2,warning
DEV024,humidity,東京,2026-04-27 03:15:00,999,67.0,normal
DEV025,humidity,大阪,2026-04-27 03:15:00,18.3,32.8,normal
DEV026,vibration,大阪,2026-04-27 03:15:00,25.1,38.0,normal
DEV027,temperature,愛知,2026-04-27 03:15:00,19.3,39.5,normal
DEV028,humidity,愛知,2026-04-27 03:15:00,22.5,48.8,warning
DEV029,temperature,大阪,2026-04-27 03:15:00,23.2,54.4,normal
DEV030,temperature,愛知,2026-04-27 03:15:00,19.6,55.3,normal
DEV001,vibration,東京,2026-04-27 03:20:00,19.5,32.4,normal
DEV002,temperature,愛知,2026-04-27 03:20:00,23.6,60.4,normal
DEV003,humidity,東京,2026-04-27 03:20:00,25.2,55.5,N/A
DEV004,temperature,東京,2026-04-27 03:20:00,24.9,39.2,normal
DEV005,vibration,東京,2026-04-27 03:20:00,23.9,53.7,warning
DEV006,vibration,愛知,2026-04-27 03:20:00,26.8,39.9,normal
DEV007,vibration,東京,2026-04-27 03:20:00,20.7,67.9,N/A
DEV008,vibration,大阪,2026-04-27 03:20:00,23.0,,warning
DEV009,temperature,東京,2026-04-27 03:20:00,24.1,45.8,normal
DEV010,temperature,東京,2026-04-27 03:20:00,20.9,30.5,normal
DEV011,temperature,愛知,2026-04-27 03:20:00,19.6,55.9,normal
DEV012,vibration,東京,2026-04-27 03:20:00,,36.5,warning
DEV013,vibration,東京,2026-04-27 03:20:00,27.0,N/A,warning
DEV014,vibration,愛知,2026-04-27 03:20:00,19.7,37.4,normal
DEV015,vibration,愛知,2026-04-27 03:20:00,26.4,N/A,normal
DEV016,humidity,東京,2026-04-27 03:20:00,26.3,41.9,normal
DEV017,humidity,愛知,2026-04-27 03:20:00,25.4,38.3,normal
DEV018,humidity,東京,2026-04-27 03:20:00,22.0,50.6,normal
DEV019,temperature,愛知,2026-04-27 03:20:00,19.3,54.8,normal
DEV020,humidity,大阪,2026-04-27 03:20:00,25.8,52.4,normal
DEV021,humidity,東京,2026-04-27 03:20:00,22.0,56.0,N/A
DEV022,temperature,大阪,2026-04-27 03:20:00,26.4,60.4,normal
DEV023,temperature,東京,2026-04-27 03:20:00,21.2,41.1,normal
DEV024,humidity,東京,2026-04-27 03:20:00,23.4,63.2,warning
DEV025,humidity,大阪,2026-04-27 03:20:00,26.1,41.7,N/A
DEV026,vibration,大阪,2026-04-27 03:20:00,26.1,69.1,normal
DEV027,temperature,愛知,2026-04-27 03:20:00,28.6,45.6,normal
DEV028,humidity,愛知,2026-04-27 03:20:00,29.5,41.0,normal
DEV029,temperature,大阪,2026-04-27 03:20:00,28.5,55.1,normal
DEV030,temperature,愛知,2026-04-27 03:20:00,26.2,49.0,normal
DEV001,vibration,東京,2026-04-27 03:25:00,25.7,32.5,normal
DEV002,temperature,愛知,2026-04-27 03:25:00,24.2,53.1,normal
DEV003,humidity,東京,2026-04-27 03:25:00,26.0,51.9,warning
DEV004,temperature,東京,2026-04-27 03:25:00,19.6,36.9,normal
DEV005,vibration,東京,2026-04-27 03:25:00,22.5,63.8,normal
DEV006,vibration,愛知,2026-04-27 03:25:00,23.5,67.0,critical
DEV007,vibration,東京,2026-04-27 03:25:00,29.7,57.7,normal
DEV008,vibration,大阪,2026-04-27 03:25:00,19.4,53.0,warning
DEV009,temperature,東京,2026-04-27 03:25:00,20.2,31.4,normal
DEV010,temperature,東京,2026-04-27 03:25:00,19.8,69.0,critical
DEV011,temperature,愛知,2026-04-27 03:25:00,29.0,50.0,normal
DEV012,vibration,東京,2026-04-27 03:25:00,29.1,68.8,critical
DEV013,vibration,東京,2026-04-27 03:25:00,22.0,49.0,normal
DEV014,vibration,愛知,2026-04-27 03:25:00,27.0,56.7,N/A
DEV015,vibration,愛知,2026-04-27 03:25:00,29.1,34.5,warning
DEV016,humidity,東京,2026-04-27 03:25:00,19.7,42.3,normal
DEV017,humidity,愛知,2026-04-27 03:25:00,20.6,43.1,N/A
DEV018,humidity,東京,2026-04-27 03:25:00,25.0,67.4,normal
DEV019,temperature,愛知,2026-04-27 03:25:00,19.0,57.1,normal
DEV020,humidity,大阪,2026-04-27 03:25:00,22.7,54.1,critical
DEV021,humidity,東京,2026-04-27 03:25:00,28.9,35.9,normal
DEV022,temperature,大阪,2026-04-27 03:25:00,22.5,44.1,warning
DEV023,temperature,東京,2026-04-27 03:25:00,19.1,47.8,normal
DEV024,humidity,東京,2026-04-27 03:25:00,21.5,68.8,normal
DEV025,humidity,大阪,2026-04-27 03:25:00,23.0,53.9,normal
DEV026,vibration,大阪,2026-04-27 03:25:00,23.7,69.5,normal
DEV027,temperature,愛知,2026-04-27 03:25:00,25.1,30.3,normal
DEV028,humidity,愛知,2026-04-27 03:25:00,24.7,60.2,normal
DEV029,temperature,大阪,2026-04-27 03:25:00,28.0,49.6,normal
DEV030,temperature,愛知,2026-04-27 03:25:00,21.6,48.5,normal
DEV001,vibration,東京,2026-04-27 03:30:00,19.8,55.6,warning
DEV002,temperature,愛知,2026-04-27 03:30:00,26.0,37.2,normal
DEV003,humidity,東京,2026-04-27 03:30:00,,49.7,normal
DEV004,temperature,東京,2026-04-27 03:30:00,22.3,47.4,normal
DEV005,vibration,東京,2026-04-27 03:30:00,23.7,34.8,critical
DEV006,vibration,愛知,2026-04-27 03:30:00,18.2,53.3,normal
DEV007,vibration,東京,2026-04-27 03:30:00,28.5,36.5,normal
DEV008,vibration,大阪,2026-04-27 03:30:00,25.6,31.9,normal
DEV009,temperature,東京,2026-04-27 03:30:00,29.2,60.7,normal
DEV010,temperature,東京,2026-04-27 03:30:00,25.2,42.9,normal
DEV011,temperature,愛知,2026-04-27 03:30:00,26.2,57.4,normal
DEV012,vibration,東京,2026-04-27 03:30:00,25.0,30.5,critical
DEV013,vibration,東京,2026-04-27 03:30:00,27.3,66.8,normal
DEV014,vibration,愛知,2026-04-27 03:30:00,19.9,37.5,critical
DEV015,vibration,愛知,2026-04-27 03:30:00,28.0,51.3,critical
DEV016,humidity,東京,2026-04-27 03:30:00,27.6,66.6,normal
DEV017,humidity,愛知,2026-04-27 03:30:00,29.1,42.5,normal
DEV018,humidity,東京,2026-04-27 03:30:00,23.3,50.9,normal
DEV019,temperature,愛知,2026-04-27 03:30:00,21.7,34.7,normal
DEV020,humidity,大阪,2026-04-27 03:30:00,19.7,35.0,normal
DEV021,humidity,東京,2026-04-27 03:30:00,23.1,34.5,normal
DEV022,temperature,大阪,2026-04-27 03:30:00,27.1,,normal
DEV023,temperature,東京,2026-04-27 03:30:00,999,53.7,warning
DEV024,humidity,東京,2026-04-27 03:30:00,21.0,56.7,normal
DEV025,humidity,大阪,2026-04-27 03:30:00,29.0,66.0,normal
DEV026,vibration,大阪,2026-04-27 03:30:00,18.4,59.8,normal
DEV027,temperature,愛知,2026-04-27 03:30:00,22.2,50.0,N/A
DEV028,humidity,愛知,2026-04-27 03:30:00,24.8,53.1,normal
DEV029,temperature,大阪,2026-04-27 03:30:00,26.6,36.9,critical
DEV030,temperature,愛知,2026-04-27 03:30:00,,67.0,critical
DEV001,vibration,東京,2026-04-27 03:35:00,23.7,37.4,normal
DEV002,temperature,愛知,2026-04-27 03:35:00,22.3,38.6,normal
DEV003,humidity,東京,2026-04-27 03:35:00,27.1,48.6,critical
DEV004,temperature,東京,2026-04-27 03:35:00,27.1,52.3,normal
DEV005,vibration,東京,2026-04-27 03:35:00,23.9,48.3,normal
DEV006,vibration,愛知,2026-04-27 03:35:00,28.1,46.3,normal
DEV007,vibration,東京,2026-04-27 03:35:00,18.8,49.0,normal
DEV008,vibration,大阪,2026-04-27 03:35:00,30.0,34.2,warning
DEV009,temperature,東京,2026-04-27 03:35:00,26.1,45.8,N/A
DEV010,temperature,東京,2026-04-27 03:35:00,26.9,36.7,normal
DEV011,temperature,愛知,2026-04-27 03:35:00,22.1,69.6,normal
DEV012,vibration,東京,2026-04-27 03:35:00,23.1,60.6,N/A
DEV013,vibration,東京,2026-04-27 03:35:00,27.1,67.7,normal
DEV014,vibration,愛知,2026-04-27 03:35:00,25.2,49.4,normal
DEV015,vibration,愛知,2026-04-27 03:35:00,23.5,49.6,normal
DEV016,humidity,東京,2026-04-27 03:35:00,19.6,32.1,normal
DEV017,humidity,愛知,2026-04-27 03:35:00,18.3,54.2,normal
DEV018,humidity,東京,2026-04-27 03:35:00,25.5,33.1,critical
DEV019,temperature,愛知,2026-04-27 03:35:00,27.5,56.5,warning
DEV020,humidity,大阪,2026-04-27 03:35:00,24.5,51.6,normal
DEV021,humidity,東京,2026-04-27 03:35:00,18.4,66.6,normal
DEV022,temperature,大阪,2026-04-27 03:35:00,28.2,31.4,normal
DEV023,temperature,東京,2026-04-27 03:35:00,28.3,58.2,warning
DEV024,humidity,東京,2026-04-27 03:35:00,21.7,60.6,N/A
DEV025,humidity,大阪,2026-04-27 03:35:00,25.9,52.9,warning
DEV026,vibration,大阪,2026-04-27 03:35:00,19.9,40.5,N/A
DEV027,temperature,愛知,2026-04-27 03:35:00,25.4,69.1,normal
DEV028,humidity,愛知,2026-04-27 03:35:00,25.1,44.7,N/A
DEV029,temperature,大阪,2026-04-27 03:35:00,,43.7,normal
DEV030,temperature,愛知,2026-04-27 03:35:00,29.9,32.3,normal
DEV001,vibration,東京,2026-04-27 03:40:00,25.8,66.4,normal
DEV002,temperature,愛知,2026-04-27 03:40:00,19.4,51.5,normal
DEV003,humidity,東京,2026-04-27 03:40:00,28.4,66.1,normal
DEV004,temperature,東京,2026-04-27 03:40:00,,30.9,normal
DEV005,vibration,東京,2026-04-27 03:40:00,22.7,62.3,normal
DEV006,vibration,愛知,2026-04-27 03:40:00,20.5,62.5,normal
DEV007,vibration,東京,2026-04-27 03:40:00,21.6,38.1,normal
DEV008,vibration,大阪,2026-04-27 03:40:00,24.4,31.9,N/A
DEV009,temperature,東京,2026-04-27 03:40:00,20.7,33.7,N/A
DEV010,temperature,東京,2026-04-27 03:40:00,22.0,62.0,warning
DEV011,temperature,愛知,2026-04-27 03:40:00,22.2,62.9,critical
DEV012,vibration,東京,2026-04-27 03:40:00,23.2,38.0,normal
DEV013,vibration,東京,2026-04-27 03:40:00,24.2,51.9,normal
DEV014,vibration,愛知,2026-04-27 03:40:00,24.2,50.0,warning
DEV015,vibration,愛知,2026-04-27 03:40:00,25.7,64.1,normal
DEV016,humidity,東京,2026-04-27 03:40:00,26.7,38.0,warning
DEV017,humidity,愛知,2026-04-27 03:40:00,19.8,42.0,normal
DEV018,humidity,東京,2026-04-27 03:40:00,28.3,55.4,normal
DEV019,temperature,愛知,2026-04-27 03:40:00,21.4,57.5,normal
DEV020,humidity,大阪,2026-04-27 03:40:00,19.4,39.8,normal
DEV021,humidity,東京,2026-04-27 03:40:00,24.7,55.9,normal
DEV022,temperature,大阪,2026-04-27 03:40:00,21.3,N/A,normal
DEV023,temperature,東京,2026-04-27 03:40:00,20.1,68.6,warning
DEV024,humidity,東京,2026-04-27 03:40:00,18.7,42.6,normal
DEV025,humidity,大阪,2026-04-27 03:40:00,28.8,44.5,normal
DEV026,vibration,大阪,2026-04-27 03:40:00,28.1,39.4,N/A
DEV027,temperature,愛知,2026-04-27 03:40:00,29.2,63.2,critical
DEV028,humidity,愛知,2026-04-27 03:40:00,28.6,34.9,normal
DEV029,temperature,大阪,2026-04-27 03:40:00,25.0,59.9,normal
DEV030,temperature,愛知,2026-04-27 03:40:00,20.6,38.6,normal
DEV001,vibration,東京,2026-04-27 03:45:00,21.1,49.6,normal
DEV002,temperature,愛知,2026-04-27 03:45:00,19.4,49.0,normal
DEV003,humidity,東京,2026-04-27 03:45:00,28.6,44.5,normal
DEV004,temperature,東京,2026-04-27 03:45:00,18.3,54.2,normal
DEV005,vibration,東京,2026-04-27 03:45:00,27.5,52.1,normal
DEV006,vibration,愛知,2026-04-27 03:45:00,26.4,57.4,critical
DEV007,vibration,東京,2026-04-27 03:45:00,28.3,66.4,normal
DEV008,vibration,大阪,2026-04-27 03:45:00,29.0,67.5,normal
DEV009,temperature,東京,2026-04-27 03:45:00,28.3,47.6,normal
DEV010,temperature,東京,2026-04-27 03:45:00,27.2,31.4,normal
DEV011,temperature,愛知,2026-04-27 03:45:00,29.3,46.5,normal
DEV012,vibration,東京,2026-04-27 03:45:00,28.5,63.0,normal
DEV013,vibration,東京,2026-04-27 03:45:00,22.2,62.5,normal
DEV014,vibration,愛知,2026-04-27 03:45:00,18.3,55.7,warning
DEV015,vibration,愛知,2026-04-27 03:45:00,19.6,55.1,normal
DEV016,humidity,東京,2026-04-27 03:45:00,19.3,58.5,normal
DEV017,humidity,愛知,2026-04-27 03:45:00,26.2,42.8,warning
DEV018,humidity,東京,2026-04-27 03:45:00,19.6,53.7,normal
DEV019,temperature,愛知,2026-04-27 03:45:00,20.4,37.3,normal
DEV020,humidity,大阪,2026-04-27 03:45:00,28.6,67.9,critical
DEV021,humidity,東京,2026-04-27 03:45:00,25.5,69.0,normal
DEV022,temperature,大阪,2026-04-27 03:45:00,28.2,,N/A
DEV023,temperature,東京,2026-04-27 03:45:00,21.1,44.7,N/A
DEV024,humidity,東京,2026-04-27 03:45:00,26.6,66.8,warning
DEV025,humidity,大阪,2026-04-27 03:45:00,23.9,38.1,normal
DEV026,vibration,大阪,2026-04-27 03:45:00,23.9,64.3,N/A
DEV027,temperature,愛知,2026-04-27 03:45:00,27.9,37.6,normal
DEV028,humidity,愛知,2026-04-27 03:45:00,19.8,40.5,N/A
DEV029,temperature,大阪,2026-04-27 03:45:00,21.0,55.9,normal
DEV030,temperature,愛知,2026-04-27 03:45:00,,42.9,normal
DEV001,vibration,東京,2026-04-27 03:50:00,26.6,59.4,normal
DEV002,temperature,愛知,2026-04-27 03:50:00,24.7,67.2,warning
DEV003,humidity,東京,2026-04-27 03:50:00,30.0,68.7,N/A
DEV004,temperature,東京,2026-04-27 03:50:00,27.7,N/A,critical
DEV005,vibration,東京,2026-04-27 03:50:00,21.6,44.8,critical
DEV006,vibration,愛知,2026-04-27 03:50:00,999,36.8,warning
DEV007,vibration,東京,2026-04-27 03:50:00,28.5,42.7,critical
DEV008,vibration,大阪,2026-04-27 03:50:00,21.1,69.1,warning
DEV009,temperature,東京,2026-04-27 03:50:00,28.0,67.0,normal
DEV010,temperature,東京,2026-04-27 03:50:00,21.2,67.1,critical
DEV011,temperature,愛知,2026-04-27 03:50:00,28.7,69.8,normal
DEV012,vibration,東京,2026-04-27 03:50:00,29.1,47.6,normal
DEV013,vibration,東京,2026-04-27 03:50:00,20.8,,normal
DEV014,vibration,愛知,2026-04-27 03:50:00,23.6,65.8,warning
DEV015,vibration,愛知,2026-04-27 03:50:00,999,58.4,warning
DEV016,humidity,東京,2026-04-27 03:50:00,19.3,35.9,normal
DEV017,humidity,愛知,2026-04-27 03:50:00,28.4,36.7,critical
DEV018,humidity,東京,2026-04-27 03:50:00,24.8,38.5,normal
DEV019,temperature,愛知,2026-04-27 03:50:00,24.8,33.1,warning
DEV020,humidity,大阪,2026-04-27 03:50:00,28.6,N/A,normal
DEV021,humidity,東京,2026-04-27 03:50:00,25.1,63.5,normal
DEV022,temperature,大阪,2026-04-27 03:50:00,,58.3,warning
DEV023,temperature,東京,2026-04-27 03:50:00,29.5,30.2,normal
DEV024,humidity,東京,2026-04-27 03:50:00,29.4,59.3,N/A
DEV025,humidity,大阪,2026-04-27 03:50:00,28.4,41.3,normal
DEV026,vibration,大阪,2026-04-27 03:50:00,24.6,33.7,normal
DEV027,temperature,愛知,2026-04-27 03:50:00,29.6,33.6,normal
DEV028,humidity,愛知,2026-04-27 03:50:00,27.4,60.1,normal
DEV029,temperature,大阪,2026-04-27 03:50:00,23.9,62.3,normal
DEV030,temperature,愛知,2026-04-27 03:50:00,25.2,33.8,normal
DEV001,vibration,東京,2026-04-27 03:55:00,23.9,49.1,N/A
DEV002,temperature,愛知,2026-04-27 03:55:00,19.1,44.7,normal
DEV003,humidity,東京,2026-04-27 03:55:00,23.1,,normal
DEV004,temperature,東京,2026-04-27 03:55:00,26.1,58.5,warning
DEV005,vibration,東京,2026-04-27 03:55:00,25.8,48.7,normal
DEV006,vibration,愛知,2026-04-27 03:55:00,23.7,35.1,normal
DEV007,vibration,東京,2026-04-27 03:55:00,24.3,31.9,normal
DEV008,vibration,大阪,2026-04-27 03:55:00,24.2,46.5,warning
DEV009,temperature,東京,2026-04-27 03:55:00,24.8,40.2,normal
DEV010,temperature,東京,2026-04-27 03:55:00,18.2,48.5,normal
DEV011,temperature,愛知,2026-04-27 03:55:00,18.5,58.2,normal
DEV012,vibration,東京,2026-04-27 03:55:00,23.5,55.0,normal
DEV013,vibration,東京,2026-04-27 03:55:00,29.0,38.4,normal
DEV014,vibration,愛知,2026-04-27 03:55:00,25.2,34.3,critical
DEV015,vibration,愛知,2026-04-27 03:55:00,,30.5,warning
DEV016,humidity,東京,2026-04-27 03:55:00,22.9,59.8,warning
DEV017,humidity,愛知,2026-04-27 03:55:00,27.8,57.6,normal
DEV018,humidity,東京,2026-04-27 03:55:00,19.1,37.6,normal
DEV019,temperature,愛知,2026-04-27 03:55:00,20.3,N/A,warning
DEV020,humidity,大阪,2026-04-27 03:55:00,25.8,55.0,critical
DEV021,humidity,東京,2026-04-27 03:55:00,21.6,49.0,normal
DEV022,temperature,大阪,2026-04-27 03:55:00,28.8,47.8,warning
DEV023,temperature,東京,2026-04-27 03:55:00,28.3,38.1,N/A
DEV024,humidity,東京,2026-04-27 03:55:00,22.7,34.1,normal
DEV025,humidity,大阪,2026-04-27 03:55:00,28.2,53.8,critical
DEV026,vibration,大阪,2026-04-27 03:55:00,18.4,50.5,N/A
DEV027,temperature,愛知,2026-04-27 03:55:00,28.9,39.3,normal
DEV028,humidity,愛知,2026-04-27 03:55:00,23.1,32.5,normal
DEV029,temperature,大阪,2026-04-27 03:55:00,19.4,55.8,warning
DEV030,temperature,愛知,2026-04-27 03:55:00,18.2,37.7,normal
DEV001,vibration,東京,2026-04-27 04:00:00,24.1,57.4,N/A
DEV002,temperature,愛知,2026-04-27 04:00:00,26.6,65.3,normal
DEV003,humidity,東京,2026-04-27 04:00:00,28.0,59.4,warning
DEV004,temperature,東京,2026-04-27 04:00:00,28.1,41.3,normal
DEV005,vibration,東京,2026-04-27 04:00:00,19.5,54.2,normal
DEV006,vibration,愛知,2026-04-27 04:00:00,29.3,39.4,critical
DEV007,vibration,東京,2026-04-27 04:00:00,999,N/A,normal
DEV008,vibration,大阪,2026-04-27 04:00:00,19.9,65.8,normal
DEV009,temperature,東京,2026-04-27 04:00:00,22.1,39.1,critical
DEV010,temperature,東京,2026-04-27 04:00:00,21.1,44.2,normal
DEV011,temperature,愛知,2026-04-27 04:00:00,24.7,64.1,critical
DEV012,vibration,東京,2026-04-27 04:00:00,19.2,67.9,warning
DEV013,vibration,東京,2026-04-27 04:00:00,27.1,61.3,N/A
DEV014,vibration,愛知,2026-04-27 04:00:00,29.4,31.7,normal
DEV015,vibration,愛知,2026-04-27 04:00:00,19.4,44.5,normal
DEV016,humidity,東京,2026-04-27 04:00:00,27.1,64.8,normal
DEV017,humidity,愛知,2026-04-27 04:00:00,22.0,63.9,warning
DEV018,humidity,東京,2026-04-27 04:00:00,27.2,N/A,warning
DEV019,temperature,愛知,2026-04-27 04:00:00,24.1,44.9,normal
DEV020,humidity,大阪,2026-04-27 04:00:00,26.0,60.1,normal
DEV021,humidity,東京,2026-04-27 04:00:00,19.7,66.7,warning
DEV022,temperature,大阪,2026-04-27 04:00:00,24.2,67.7,warning
DEV023,temperature,東京,2026-04-27 04:00:00,18.1,67.7,normal
DEV024,humidity,東京,2026-04-27 04:00:00,22.8,47.4,normal
DEV025,humidity,大阪,2026-04-27 04:00:00,25.9,66.1,normal
DEV026,vibration,大阪,2026-04-27 04:00:00,29.8,65.0,normal
DEV027,temperature,愛知,2026-04-27 04:00:00,28.6,64.9,normal
DEV028,humidity,愛知,2026-04-27 04:00:00,18.1,51.1,normal
DEV029,temperature,大阪,2026-04-27 04:00:00,23.4,51.8,N/A
DEV030,temperature,愛知,2026-04-27 04:00:00,26.4,61.3,normal
DEV001,vibration,東京,2026-04-27 04:05:00,28.6,51.5,normal
DEV002,temperature,愛知,2026-04-27 04:05:00,26.9,69.7,normal
DEV003,humidity,東京,2026-04-27 04:05:00,24.1,43.6,normal
DEV004,temperature,東京,2026-04-27 04:05:00,,51.6,normal
DEV005,vibration,東京,2026-04-27 04:05:00,27.3,69.5,normal
DEV006,vibration,愛知,2026-04-27 04:05:00,28.1,50.3,normal
DEV007,vibration,東京,2026-04-27 04:05:00,999,35.0,normal
DEV008,vibration,大阪,2026-04-27 04:05:00,18.1,39.4,N/A
DEV009,temperature,東京,2026-04-27 04:05:00,28.7,51.3,N/A
DEV010,temperature,東京,2026-04-27 04:05:00,21.6,62.6,N/A
DEV011,temperature,愛知,2026-04-27 04:05:00,26.6,39.9,normal
DEV012,vibration,東京,2026-04-27 04:05:00,20.3,48.2,normal
DEV013,vibration,東京,2026-04-27 04:05:00,27.9,32.5,normal
DEV014,vibration,愛知,2026-04-27 04:05:00,23.4,51.1,N/A
DEV015,vibration,愛知,2026-04-27 04:05:00,27.3,53.4,normal
DEV016,humidity,東京,2026-04-27 04:05:00,26.3,59.3,normal
DEV017,humidity,愛知,2026-04-27 04:05:00,19.7,58.4,normal
DEV018,humidity,東京,2026-04-27 04:05:00,24.2,57.8,warning
DEV019,temperature,愛知,2026-04-27 04:05:00,27.0,44.8,normal
DEV020,humidity,大阪,2026-04-27 04:05:00,22.9,52.9,normal
DEV021,humidity,東京,2026-04-27 04:05:00,19.4,45.0,normal
DEV022,temperature,大阪,2026-04-27 04:05:00,27.5,53.6,normal
DEV023,temperature,東京,2026-04-27 04:05:00,21.7,37.3,warning
DEV024,humidity,東京,2026-04-27 04:05:00,,32.7,normal
DEV025,humidity,大阪,2026-04-27 04:05:00,24.9,66.0,normal
DEV026,vibration,大阪,2026-04-27 04:05:00,26.6,60.5,critical
DEV027,temperature,愛知,2026-04-27 04:05:00,27.1,36.0,normal
DEV028,humidity,愛知,2026-04-27 04:05:00,25.5,45.5,normal
DEV029,temperature,大阪,2026-04-27 04:05:00,18.5,47.7,normal
DEV030,temperature,愛知,2026-04-27 04:05:00,28.4,52.9,normal
DEV001,vibration,東京,2026-04-27 04:10:00,19.5,37.7,N/A
DEV002,temperature,愛知,2026-04-27 04:10:00,27.1,50.9,warning
DEV003,humidity,東京,2026-04-27 04:10:00,18.2,51.3,normal
DEV004,temperature,東京,2026-04-27 04:10:00,20.5,63.6,N/A
DEV005,vibration,東京,2026-04-27 04:10:00,27.7,46.1,normal
DEV006,vibration,愛知,2026-04-27 04:10:00,29.2,37.2,normal
DEV007,vibration,東京,2026-04-27 04:10:00,21.8,34.6,normal
DEV008,vibration,大阪,2026-04-27 04:10:00,21.4,60.7,normal
DEV009,temperature,東京,2026-04-27 04:10:00,22.9,54.6,normal
DEV010,temperature,東京,2026-04-27 04:10:00,26.6,33.9,normal
DEV011,temperature,愛知,2026-04-27 04:10:00,21.9,63.1,normal
DEV012,vibration,東京,2026-04-27 04:10:00,20.9,39.5,critical
DEV013,vibration,東京,2026-04-27 04:10:00,22.6,32.4,warning
DEV014,vibration,愛知,2026-04-27 04:10:00,18.8,N/A,normal
DEV015,vibration,愛知,2026-04-27 04:10:00,18.2,53.4,normal
DEV016,humidity,東京,2026-04-27 04:10:00,24.7,42.2,normal
DEV017,humidity,愛知,2026-04-27 04:10:00,28.2,61.3,normal
DEV018,humidity,東京,2026-04-27 04:10:00,29.8,51.5,normal
DEV019,temperature,愛知,2026-04-27 04:10:00,24.7,,warning
DEV020,humidity,大阪,2026-04-27 04:10:00,25.4,36.7,normal
DEV021,humidity,東京,2026-04-27 04:10:00,23.8,63.6,normal
DEV022,temperature,大阪,2026-04-27 04:10:00,28.1,63.6,normal
DEV023,temperature,東京,2026-04-27 04:10:00,999,52.5,normal
DEV024,humidity,東京,2026-04-27 04:10:00,26.4,59.0,normal
DEV025,humidity,大阪,2026-04-27 04:10:00,20.5,62.1,normal
DEV026,vibration,大阪,2026-04-27 04:10:00,29.8,40.9,normal
DEV027,temperature,愛知,2026-04-27 04:10:00,23.5,30.6,normal
DEV028,humidity,愛知,2026-04-27 04:10:00,18.0,66.1,normal
DEV029,temperature,大阪,2026-04-27 04:10:00,28.7,60.5,critical
DEV030,temperature,愛知,2026-04-27 04:10:00,28.5,51.5,warning
DEV001,vibration,東京,2026-04-27 04:15:00,22.2,63.1,normal
DEV002,temperature,愛知,2026-04-27 04:15:00,28.1,69.4,normal
DEV003,humidity,東京,2026-04-27 04:15:00,29.2,38.9,normal
DEV004,temperature,東京,2026-04-27 04:15:00,26.2,37.7,N/A
DEV005,vibration,東京,2026-04-27 04:15:00,27.7,69.2,normal
DEV006,vibration,愛知,2026-04-27 04:15:00,999,58.2,N/A
DEV007,vibration,東京,2026-04-27 04:15:00,20.4,45.8,normal
DEV008,vibration,大阪,2026-04-27 04:15:00,23.9,56.4,N/A
DEV009,temperature,東京,2026-04-27 04:15:00,25.2,53.5,normal
DEV010,temperature,東京,2026-04-27 04:15:00,29.2,65.2,normal
DEV011,temperature,愛知,2026-04-27 04:15:00,26.1,57.7,critical
DEV012,vibration,東京,2026-04-27 04:15:00,26.2,30.1,normal
DEV013,vibration,東京,2026-04-27 04:15:00,29.3,67.6,normal
DEV014,vibration,愛知,2026-04-27 04:15:00,22.9,50.7,warning
DEV015,vibration,愛知,2026-04-27 04:15:00,27.1,39.0,normal
DEV016,humidity,東京,2026-04-27 04:15:00,24.4,45.7,normal
DEV017,humidity,愛知,2026-04-27 04:15:00,24.9,N/A,normal
DEV018,humidity,東京,2026-04-27 04:15:00,23.1,40.0,normal
DEV019,temperature,愛知,2026-04-27 04:15:00,18.8,31.1,normal
DEV020,humidity,大阪,2026-04-27 04:15:00,25.1,43.4,normal
DEV021,humidity,東京,2026-04-27 04:15:00,23.7,63.3,normal
DEV022,temperature,大阪,2026-04-27 04:15:00,20.8,54.0,warning
DEV023,temperature,東京,2026-04-27 04:15:00,25.5,33.4,normal
DEV024,humidity,東京,2026-04-27 04:15:00,22.5,57.7,normal
DEV025,humidity,大阪,2026-04-27 04:15:00,27.6,54.4,normal
DEV026,vibration,大阪,2026-04-27 04:15:00,26.1,41.8,normal
DEV027,temperature,愛知,2026-04-27 04:15:00,25.4,64.6,N/A
DEV028,humidity,愛知,2026-04-27 04:15:00,,61.8,N/A
DEV029,temperature,大阪,2026-04-27 04:15:00,22.1,61.3,warning
DEV030,temperature,愛知,2026-04-27 04:15:00,25.1,30.5,normal
DEV001,vibration,東京,2026-04-27 04:20:00,28.1,35.0,critical
DEV002,temperature,愛知,2026-04-27 04:20:00,23.1,47.8,normal
DEV003,humidity,東京,2026-04-27 04:20:00,18.5,53.4,critical
DEV004,temperature,東京,2026-04-27 04:20:00,27.1,65.4,normal
DEV005,vibration,東京,2026-04-27 04:20:00,21.7,44.8,normal
DEV006,vibration,愛知,2026-04-27 04:20:00,25.9,39.5,critical
DEV007,vibration,東京,2026-04-27 04:20:00,23.1,38.0,normal
DEV008,vibration,大阪,2026-04-27 04:20:00,22.1,57.8,warning
DEV009,temperature,東京,2026-04-27 04:20:00,22.0,68.5,N/A
DEV010,temperature,東京,2026-04-27 04:20:00,21.9,65.0,normal
DEV011,temperature,愛知,2026-04-27 04:20:00,29.0,57.7,warning
DEV012,vibration,東京,2026-04-27 04:20:00,20.9,68.1,normal
DEV013,vibration,東京,2026-04-27 04:20:00,22.5,63.0,normal
DEV014,vibration,愛知,2026-04-27 04:20:00,18.9,,normal
DEV015,vibration,愛知,2026-04-27 04:20:00,23.3,66.5,normal
DEV016,humidity,東京,2026-04-27 04:20:00,999,N/A,normal
DEV017,humidity,愛知,2026-04-27 04:20:00,20.6,37.0,critical
DEV018,humidity,東京,2026-04-27 04:20:00,20.4,40.5,normal
DEV019,temperature,愛知,2026-04-27 04:20:00,,45.2,normal
DEV020,humidity,大阪,2026-04-27 04:20:00,20.5,44.8,normal
DEV021,humidity,東京,2026-04-27 04:20:00,29.3,69.9,normal
DEV022,temperature,大阪,2026-04-27 04:20:00,18.8,67.0,normal
DEV023,temperature,東京,2026-04-27 04:20:00,22.5,54.0,normal
DEV024,humidity,東京,2026-04-27 04:20:00,27.2,64.2,normal
DEV025,humidity,大阪,2026-04-27 04:20:00,21.9,61.8,normal
DEV026,vibration,大阪,2026-04-27 04:20:00,29.6,38.4,normal
DEV027,temperature,愛知,2026-04-27 04:20:00,27.5,36.7,normal
DEV028,humidity,愛知,2026-04-27 04:20:00,25.7,49.9,warning
DEV029,temperature,大阪,2026-04-27 04:20:00,26.5,49.3,warning
DEV030,temperature,愛知,2026-04-27 04:20:00,25.0,61.6,normal
DEV001,vibration,東京,2026-04-27 04:25:00,28.7,39.4,normal
DEV002,temperature,愛知,2026-04-27 04:25:00,28.7,67.4,normal
DEV003,humidity,東京,2026-04-27 04:25:00,19.0,41.8,critical
DEV004,temperature,東京,2026-04-27 04:25:00,25.0,54.8,normal
DEV005,vibration,東京,2026-04-27 04:25:00,23.2,49.9,normal
DEV006,vibration,愛知,2026-04-27 04:25:00,20.2,55.8,normal
DEV007,vibration,東京,2026-04-27 04:25:00,21.5,51.9,normal
DEV008,vibration,大阪,2026-04-27 04:25:00,29.1,32.9,normal
DEV009,temperature,東京,2026-04-27 04:25:00,22.0,40.0,normal
DEV010,temperature,東京,2026-04-27 04:25:00,25.2,64.2,critical
DEV011,temperature,愛知,2026-04-27 04:25:00,18.1,62.9,normal
DEV012,vibration,東京,2026-04-27 04:25:00,27.9,30.5,critical
DEV013,vibration,東京,2026-04-27 04:25:00,29.4,39.1,normal
DEV014,vibration,愛知,2026-04-27 04:25:00,24.2,60.3,warning
DEV015,vibration,愛知,2026-04-27 04:25:00,19.0,47.2,normal
DEV016,humidity,東京,2026-04-27 04:25:00,23.4,45.0,N/A
DEV017,humidity,愛知,2026-04-27 04:25:00,21.7,50.0,normal
DEV018,humidity,東京,2026-04-27 04:25:00,23.0,46.1,critical
DEV019,temperature,愛知,2026-04-27 04:25:00,25.0,31.3,normal
DEV020,humidity,大阪,2026-04-27 04:25:00,29.4,55.2,N/A
DEV021,humidity,東京,2026-04-27 04:25:00,24.9,45.3,normal
DEV022,temperature,大阪,2026-04-27 04:25:00,22.6,43.2,warning
DEV023,temperature,東京,2026-04-27 04:25:00,21.7,57.0,normal
DEV024,humidity,東京,2026-04-27 04:25:00,999,49.5,normal
DEV025,humidity,大阪,2026-04-27 04:25:00,28.9,38.2,normal
DEV026,vibration,大阪,2026-04-27 04:25:00,18.8,50.7,normal
DEV027,temperature,愛知,2026-04-27 04:25:00,28.9,69.6,normal
DEV028,humidity,愛知,2026-04-27 04:25:00,23.7,68.2,normal
DEV029,temperature,大阪,2026-04-27 04:25:00,20.5,58.4,warning
DEV030,temperature,愛知,2026-04-27 04:25:00,24.9,38.1,warning
DEV001,vibration,東京,2026-04-27 04:30:00,18.1,32.6,normal
DEV002,temperature,愛知,2026-04-27 04:30:00,21.0,52.8,warning
DEV003,humidity,東京,2026-04-27 04:30:00,24.9,41.5,warning
DEV004,temperature,東京,2026-04-27 04:30:00,28.1,45.6,normal
DEV005,vibration,東京,2026-04-27 04:30:00,20.2,47.3,normal
DEV006,vibration,愛知,2026-04-27 04:30:00,20.2,45.7,normal
DEV007,vibration,東京,2026-04-27 04:30:00,28.4,55.1,normal
DEV008,vibration,大阪,2026-04-27 04:30:00,18.8,66.1,warning
DEV009,temperature,東京,2026-04-27 04:30:00,27.1,44.7,normal
DEV010,temperature,東京,2026-04-27 04:30:00,27.4,36.6,normal
DEV011,temperature,愛知,2026-04-27 04:30:00,23.5,57.8,warning
DEV012,vibration,東京,2026-04-27 04:30:00,27.0,45.9,normal
DEV013,vibration,東京,2026-04-27 04:30:00,26.5,56.8,warning
DEV014,vibration,愛知,2026-04-27 04:30:00,18.8,39.7,warning
DEV015,vibration,愛知,2026-04-27 04:30:00,27.8,36.8,normal
DEV016,humidity,東京,2026-04-27 04:30:00,20.1,59.7,normal
DEV017,humidity,愛知,2026-04-27 04:30:00,27.2,36.1,normal
DEV018,humidity,東京,2026-04-27 04:30:00,26.6,51.3,warning
DEV019,temperature,愛知,2026-04-27 04:30:00,28.0,55.6,normal
DEV020,humidity,大阪,2026-04-27 04:30:00,21.7,30.2,normal
DEV021,humidity,東京,2026-04-27 04:30:00,29.1,39.5,normal
DEV022,temperature,大阪,2026-04-27 04:30:00,,N/A,normal
DEV023,temperature,東京,2026-04-27 04:30:00,20.3,38.8,normal
DEV024,humidity,東京,2026-04-27 04:30:00,28.0,36.7,normal
DEV025,humidity,大阪,2026-04-27 04:30:00,27.8,55.1,N/A
DEV026,vibration,大阪,2026-04-27 04:30:00,24.5,34.8,normal
DEV027,temperature,愛知,2026-04-27 04:30:00,21.9,N/A,normal
DEV028,humidity,愛知,2026-04-27 04:30:00,,38.8,normal
DEV029,temperature,大阪,2026-04-27 04:30:00,22.4,38.7,normal
DEV030,temperature,愛知,2026-04-27 04:30:00,24.0,58.5,N/A
DEV001,vibration,東京,2026-04-27 04:35:00,29.5,69.3,normal
DEV002,temperature,愛知,2026-04-27 04:35:00,29.7,43.3,normal
DEV003,humidity,東京,2026-04-27 04:35:00,26.0,30.7,N/A
DEV004,temperature,東京,2026-04-27 04:35:00,24.1,50.1,normal
DEV005,vibration,東京,2026-04-27 04:35:00,25.4,42.4,normal
DEV006,vibration,愛知,2026-04-27 04:35:00,25.4,45.0,normal
DEV007,vibration,東京,2026-04-27 04:35:00,22.5,39.5,N/A
DEV008,vibration,大阪,2026-04-27 04:35:00,23.3,35.4,normal
DEV009,temperature,東京,2026-04-27 04:35:00,27.1,69.1,normal
DEV010,temperature,東京,2026-04-27 04:35:00,20.7,43.7,normal
DEV011,temperature,愛知,2026-04-27 04:35:00,28.9,39.9,normal
DEV012,vibration,東京,2026-04-27 04:35:00,22.6,47.7,normal
DEV013,vibration,東京,2026-04-27 04:35:00,23.9,32.1,normal
DEV014,vibration,愛知,2026-04-27 04:35:00,19.5,52.0,normal
DEV015,vibration,愛知,2026-04-27 04:35:00,18.9,42.5,normal
DEV016,humidity,東京,2026-04-27 04:35:00,20.1,41.4,warning
DEV017,humidity,愛知,2026-04-27 04:35:00,20.4,49.2,normal
DEV018,humidity,東京,2026-04-27 04:35:00,20.0,50.2,normal
DEV019,temperature,愛知,2026-04-27 04:35:00,27.8,30.8,normal
DEV020,humidity,大阪,2026-04-27 04:35:00,19.0,42.0,critical
DEV021,humidity,東京,2026-04-27 04:35:00,26.7,48.5,warning
DEV022,temperature,大阪,2026-04-27 04:35:00,24.7,43.3,warning
DEV023,temperature,東京,2026-04-27 04:35:00,29.0,N/A,critical
DEV024,humidity,東京,2026-04-27 04:35:00,22.5,46.6,normal
DEV025,humidity,大阪,2026-04-27 04:35:00,22.5,55.6,N/A
DEV026,vibration,大阪,2026-04-27 04:35:00,28.6,35.0,N/A
DEV027,temperature,愛知,2026-04-27 04:35:00,27.2,60.9,normal
DEV028,humidity,愛知,2026-04-27 04:35:00,23.9,57.9,normal
DEV029,temperature,大阪,2026-04-27 04:35:00,26.8,31.4,normal
DEV030,temperature,愛知,2026-04-27 04:35:00,26.1,55.8,normal
DEV001,vibration,東京,2026-04-27 04:40:00,29.3,39.9,N/A
DEV002,temperature,愛知,2026-04-27 04:40:00,28.1,N/A,normal
DEV003,humidity,東京,2026-04-27 04:40:00,29.0,53.4,normal
DEV004,temperature,東京,2026-04-27 04:40:00,20.3,63.2,normal
DEV005,vibration,東京,2026-04-27 04:40:00,24.0,65.5,N/A
DEV006,vibration,愛知,2026-04-27 04:40:00,22.9,59.1,normal
DEV007,vibration,東京,2026-04-27 04:40:00,24.9,62.6,normal
DEV008,vibration,大阪,2026-04-27 04:40:00,29.2,42.3,normal
DEV009,temperature,東京,2026-04-27 04:40:00,18.0,57.9,critical
DEV010,temperature,東京,2026-04-27 04:40:00,21.5,37.1,normal
DEV011,temperature,愛知,2026-04-27 04:40:00,20.4,67.9,warning
DEV012,vibration,東京,2026-04-27 04:40:00,20.6,60.0,normal
DEV013,vibration,東京,2026-04-27 04:40:00,28.8,55.1,N/A
DEV014,vibration,愛知,2026-04-27 04:40:00,25.6,33.4,normal
DEV015,vibration,愛知,2026-04-27 04:40:00,22.1,49.1,normal
DEV016,humidity,東京,2026-04-27 04:40:00,,68.2,N/A
DEV017,humidity,愛知,2026-04-27 04:40:00,18.5,61.7,normal
DEV018,humidity,東京,2026-04-27 04:40:00,29.8,67.3,warning
DEV019,temperature,愛知,2026-04-27 04:40:00,25.3,57.3,normal
DEV020,humidity,大阪,2026-04-27 04:40:00,27.8,56.6,normal
DEV021,humidity,東京,2026-04-27 04:40:00,29.7,62.3,normal
DEV022,temperature,大阪,2026-04-27 04:40:00,26.4,65.5,normal
DEV023,temperature,東京,2026-04-27 04:40:00,,51.2,normal
DEV024,humidity,東京,2026-04-27 04:40:00,25.4,49.0,normal
DEV025,humidity,大阪,2026-04-27 04:40:00,18.0,67.7,normal
DEV026,vibration,大阪,2026-04-27 04:40:00,,31.8,normal
DEV027,temperature,愛知,2026-04-27 04:40:00,20.8,59.6,normal
DEV028,humidity,愛知,2026-04-27 04:40:00,29.3,49.0,normal
DEV029,temperature,大阪,2026-04-27 04:40:00,21.5,35.7,critical
DEV030,temperature,愛知,2026-04-27 04:40:00,27.4,31.3,warning
DEV001,vibration,東京,2026-04-27 04:45:00,21.6,51.9,warning
DEV002,temperature,愛知,2026-04-27 04:45:00,23.4,56.5,normal
DEV003,humidity,東京,2026-04-27 04:45:00,20.0,58.0,normal
DEV004,temperature,東京,2026-04-27 04:45:00,26.6,67.2,normal
DEV005,vibration,東京,2026-04-27 04:45:00,20.6,49.1,normal
DEV006,vibration,愛知,2026-04-27 04:45:00,29.1,49.7,normal
DEV007,vibration,東京,2026-04-27 04:45:00,29.2,54.0,normal
DEV008,vibration,大阪,2026-04-27 04:45:00,26.6,45.3,critical
DEV009,temperature,東京,2026-04-27 04:45:00,23.2,40.4,normal
DEV010,temperature,東京,2026-04-27 04:45:00,19.1,67.5,normal
DEV011,temperature,愛知,2026-04-27 04:45:00,19.5,45.2,normal
DEV012,vibration,東京,2026-04-27 04:45:00,25.1,45.5,normal
DEV013,vibration,東京,2026-04-27 04:45:00,22.4,61.9,critical
DEV014,vibration,愛知,2026-04-27 04:45:00,25.1,30.4,warning
DEV015,vibration,愛知,2026-04-27 04:45:00,27.8,38.8,warning
DEV016,humidity,東京,2026-04-27 04:45:00,21.4,64.0,normal
DEV017,humidity,愛知,2026-04-27 04:45:00,21.7,34.9,N/A
DEV018,humidity,東京,2026-04-27 04:45:00,27.9,58.2,normal
DEV019,temperature,愛知,2026-04-27 04:45:00,27.7,58.7,normal
DEV020,humidity,大阪,2026-04-27 04:45:00,18.6,37.2,warning
DEV021,humidity,東京,2026-04-27 04:45:00,21.6,66.5,normal
DEV022,temperature,大阪,2026-04-27 04:45:00,24.6,57.1,normal
DEV023,temperature,東京,2026-04-27 04:45:00,22.7,41.3,normal
DEV024,humidity,東京,2026-04-27 04:45:00,24.6,42.9,N/A
DEV025,humidity,大阪,2026-04-27 04:45:00,18.6,42.2,normal
DEV026,vibration,大阪,2026-04-27 04:45:00,23.3,65.9,normal
DEV027,temperature,愛知,2026-04-27 04:45:00,27.0,30.4,N/A
DEV028,humidity,愛知,2026-04-27 04:45:00,27.4,45.1,normal
DEV029,temperature,大阪,2026-04-27 04:45:00,20.0,44.2,warning
DEV030,temperature,愛知,2026-04-27 04:45:00,18.6,56.0,N/A
DEV001,vibration,東京,2026-04-27 04:50:00,19.8,39.8,normal
DEV002,temperature,愛知,2026-04-27 04:50:00,23.9,68.2,normal
DEV003,humidity,東京,2026-04-27 04:50:00,29.9,33.6,warning
DEV004,temperature,東京,2026-04-27 04:50:00,25.8,56.1,normal
DEV005,vibration,東京,2026-04-27 04:50:00,,34.9,critical
DEV006,vibration,愛知,2026-04-27 04:50:00,25.0,49.2,normal
DEV007,vibration,東京,2026-04-27 04:50:00,20.2,55.8,normal
DEV008,vibration,大阪,2026-04-27 04:50:00,19.5,58.6,critical
DEV009,temperature,東京,2026-04-27 04:50:00,27.8,N/A,critical
DEV010,temperature,東京,2026-04-27 04:50:00,27.4,32.6,N/A
DEV011,temperature,愛知,2026-04-27 04:50:00,27.8,60.1,normal
DEV012,vibration,東京,2026-04-27 04:50:00,28.8,54.0,normal
DEV013,vibration,東京,2026-04-27 04:50:00,,42.6,normal
DEV014,vibration,愛知,2026-04-27 04:50:00,20.5,52.5,normal
DEV015,vibration,愛知,2026-04-27 04:50:00,19.5,68.7,normal
DEV016,humidity,東京,2026-04-27 04:50:00,29.3,N/A,normal
DEV017,humidity,愛知,2026-04-27 04:50:00,999,66.2,normal
DEV018,humidity,東京,2026-04-27 04:50:00,23.3,57.8,critical
DEV019,temperature,愛知,2026-04-27 04:50:00,30.0,50.4,normal
DEV020,humidity,大阪,2026-04-27 04:50:00,18.5,,normal
DEV021,humidity,東京,2026-04-27 04:50:00,28.0,54.1,normal
DEV022,temperature,大阪,2026-04-27 04:50:00,21.3,46.9,critical
DEV023,temperature,東京,2026-04-27 04:50:00,22.6,46.0,normal
DEV024,humidity,東京,2026-04-27 04:50:00,26.1,35.7,normal
DEV025,humidity,大阪,2026-04-27 04:50:00,26.8,57.9,normal
DEV026,vibration,大阪,2026-04-27 04:50:00,24.8,50.5,normal
DEV027,temperature,愛知,2026-04-27 04:50:00,19.8,47.3,normal
DEV028,humidity,愛知,2026-04-27 04:50:00,21.0,51.3,critical
DEV029,temperature,大阪,2026-04-27 04:50:00,22.0,66.4,normal
DEV030,temperature,愛知,2026-04-27 04:50:00,27.6,33.9,normal
DEV001,vibration,東京,2026-04-27 04:55:00,19.3,37.0,normal
DEV002,temperature,愛知,2026-04-27 04:55:00,27.7,44.0,N/A
DEV003,humidity,東京,2026-04-27 04:55:00,24.6,65.9,normal
DEV004,temperature,東京,2026-04-27 04:55:00,27.0,62.2,critical
DEV005,vibration,東京,2026-04-27 04:55:00,28.6,53.7,normal
DEV006,vibration,愛知,2026-04-27 04:55:00,,36.2,normal
DEV007,vibration,東京,2026-04-27 04:55:00,24.8,66.7,normal
DEV008,vibration,大阪,2026-04-27 04:55:00,21.0,58.3,normal
DEV009,temperature,東京,2026-04-27 04:55:00,22.2,41.5,normal
DEV010,temperature,東京,2026-04-27 04:55:00,26.6,39.2,normal
DEV011,temperature,愛知,2026-04-27 04:55:00,22.9,33.6,normal
DEV012,vibration,東京,2026-04-27 04:55:00,20.9,53.0,normal
DEV013,vibration,東京,2026-04-27 04:55:00,24.6,65.0,normal
DEV014,vibration,愛知,2026-04-27 04:55:00,29.2,49.9,critical
DEV015,vibration,愛知,2026-04-27 04:55:00,22.9,66.4,normal
DEV016,humidity,東京,2026-04-27 04:55:00,26.4,39.8,critical
DEV017,humidity,愛知,2026-04-27 04:55:00,18.5,36.7,critical
DEV018,humidity,東京,2026-04-27 04:55:00,20.1,35.3,normal
DEV019,temperature,愛知,2026-04-27 04:55:00,23.1,44.9,normal
DEV020,humidity,大阪,2026-04-27 04:55:00,26.1,64.0,normal
DEV021,humidity,東京,2026-04-27 04:55:00,23.8,30.1,N/A
DEV022,temperature,大阪,2026-04-27 04:55:00,29.1,68.4,critical
DEV023,temperature,東京,2026-04-27 04:55:00,18.4,54.7,warning
DEV024,humidity,東京,2026-04-27 04:55:00,18.1,41.9,normal
DEV025,humidity,大阪,2026-04-27 04:55:00,,37.4,normal
DEV026,vibration,大阪,2026-04-27 04:55:00,,37.9,critical
DEV027,temperature,愛知,2026-04-27 04:55:00,19.8,49.5,normal
DEV028,humidity,愛知,2026-04-27 04:55:00,21.0,45.0,normal
DEV029,temperature,大阪,2026-04-27 04:55:00,20.2,34.3,warning
DEV030,temperature,愛知,2026-04-27 04:55:00,23.3,59.9,normal
DEV001,vibration,東京,2026-04-27 05:00:00,28.4,37.6,normal
DEV002,temperature,愛知,2026-04-27 05:00:00,23.1,31.3,normal
DEV003,humidity,東京,2026-04-27 05:00:00,29.5,34.8,warning
DEV004,temperature,東京,2026-04-27 05:00:00,27.6,43.0,normal
DEV005,vibration,東京,2026-04-27 05:00:00,29.1,45.6,normal
DEV006,vibration,愛知,2026-04-27 05:00:00,27.5,43.8,normal
DEV007,vibration,東京,2026-04-27 05:00:00,20.8,43.7,N/A
DEV008,vibration,大阪,2026-04-27 05:00:00,23.2,49.4,normal
DEV009,temperature,東京,2026-04-27 05:00:00,19.8,40.0,normal
DEV010,temperature,東京,2026-04-27 05:00:00,29.9,62.8,normal
DEV011,temperature,愛知,2026-04-27 05:00:00,27.4,59.2,N/A
DEV012,vibration,東京,2026-04-27 05:00:00,29.9,55.4,normal
DEV013,vibration,東京,2026-04-27 05:00:00,22.8,37.7,normal
DEV014,vibration,愛知,2026-04-27 05:00:00,25.4,32.0,normal
DEV015,vibration,愛知,2026-04-27 05:00:00,26.4,38.9,normal
DEV016,humidity,東京,2026-04-27 05:00:00,24.1,42.2,normal
DEV017,humidity,愛知,2026-04-27 05:00:00,29.3,39.9,normal
DEV018,humidity,東京,2026-04-27 05:00:00,18.0,42.9,normal
DEV019,temperature,愛知,2026-04-27 05:00:00,28.9,37.4,warning
DEV020,humidity,大阪,2026-04-27 05:00:00,21.7,30.5,critical
DEV021,humidity,東京,2026-04-27 05:00:00,19.6,62.4,N/A
DEV022,temperature,大阪,2026-04-27 05:00:00,22.5,38.4,normal
DEV023,temperature,東京,2026-04-27 05:00:00,19.3,54.1,normal
DEV024,humidity,東京,2026-04-27 05:00:00,28.9,37.6,warning
DEV025,humidity,大阪,2026-04-27 05:00:00,18.9,43.7,warning
DEV026,vibration,大阪,2026-04-27 05:00:00,20.4,31.8,normal
DEV027,temperature,愛知,2026-04-27 05:00:00,26.5,60.4,critical
DEV028,humidity,愛知,2026-04-27 05:00:00,28.7,58.7,normal
DEV029,temperature,大阪,2026-04-27 05:00:00,23.0,50.2,normal
DEV030,temperature,愛知,2026-04-27 05:00:00,21.3,41.6,N/A
DEV001,vibration,東京,2026-04-27 05:05:00,29.7,62.6,warning
DEV002,temperature,愛知,2026-04-27 05:05:00,28.4,36.6,critical
DEV003,humidity,東京,2026-04-27 05:05:00,27.4,40.9,normal
DEV004,temperature,東京,2026-04-27 05:05:00,,53.7,normal
DEV005,vibration,東京,2026-04-27 05:05:00,27.5,58.3,critical
DEV006,vibration,愛知,2026-04-27 05:05:00,28.2,40.7,normal
DEV007,vibration,東京,2026-04-27 05:05:00,18.5,31.6,normal
DEV008,vibration,大阪,2026-04-27 05:05:00,21.3,64.9,normal
DEV009,temperature,東京,2026-04-27 05:05:00,21.0,51.4,normal
DEV010,temperature,東京,2026-04-27 05:05:00,25.6,43.0,critical
DEV011,temperature,愛知,2026-04-27 05:05:00,19.6,41.8,normal
DEV012,vibration,東京,2026-04-27 05:05:00,18.1,59.2,normal
DEV013,vibration,東京,2026-04-27 05:05:00,29.7,69.2,N/A
DEV014,vibration,愛知,2026-04-27 05:05:00,26.9,56.2,N/A
DEV015,vibration,愛知,2026-04-27 05:05:00,27.8,40.8,N/A
DEV016,humidity,東京,2026-04-27 05:05:00,28.3,47.8,normal
DEV017,humidity,愛知,2026-04-27 05:05:00,28.8,37.3,normal
DEV018,humidity,東京,2026-04-27 05:05:00,20.1,67.7,normal
DEV019,temperature,愛知,2026-04-27 05:05:00,18.3,37.1,normal
DEV020,humidity,大阪,2026-04-27 05:05:00,20.3,47.1,warning
DEV021,humidity,東京,2026-04-27 05:05:00,29.6,51.1,normal
DEV022,temperature,大阪,2026-04-27 05:05:00,22.5,N/A,normal
DEV023,temperature,東京,2026-04-27 05:05:00,25.7,,normal
DEV024,humidity,東京,2026-04-27 05:05:00,21.2,54.0,normal
DEV025,humidity,大阪,2026-04-27 05:05:00,19.3,43.5,normal
DEV026,vibration,大阪,2026-04-27 05:05:00,23.8,47.8,normal
DEV027,temperature,愛知,2026-04-27 05:05:00,23.7,51.7,normal
DEV028,humidity,愛知,2026-04-27 05:05:00,19.5,34.1,normal
DEV029,temperature,大阪,2026-04-27 05:05:00,28.6,30.0,normal
DEV030,temperature,愛知,2026-04-27 05:05:00,,35.9,normal
DEV001,vibration,東京,2026-04-27 05:10:00,28.5,65.4,normal
DEV002,temperature,愛知,2026-04-27 05:10:00,29.9,68.3,normal
DEV003,humidity,東京,2026-04-27 05:10:00,25.4,66.9,normal
DEV004,temperature,東京,2026-04-27 05:10:00,25.3,51.2,N/A
DEV005,vibration,東京,2026-04-27 05:10:00,23.1,57.5,N/A
DEV006,vibration,愛知,2026-04-27 05:10:00,22.2,66.6,normal
DEV007,vibration,東京,2026-04-27 05:10:00,27.7,33.1,normal
DEV008,vibration,大阪,2026-04-27 05:10:00,29.7,35.9,normal
DEV009,temperature,東京,2026-04-27 05:10:00,26.7,49.1,normal
DEV010,temperature,東京,2026-04-27 05:10:00,23.1,35.8,normal
DEV011,temperature,愛知,2026-04-27 05:10:00,20.2,42.8,normal
DEV012,vibration,東京,2026-04-27 05:10:00,29.7,55.5,normal
DEV013,vibration,東京,2026-04-27 05:10:00,25.8,46.7,warning
DEV014,vibration,愛知,2026-04-27 05:10:00,23.9,39.2,normal
DEV015,vibration,愛知,2026-04-27 05:10:00,23.1,57.7,normal
DEV016,humidity,東京,2026-04-27 05:10:00,20.8,N/A,normal
DEV017,humidity,愛知,2026-04-27 05:10:00,23.7,34.4,normal
DEV018,humidity,東京,2026-04-27 05:10:00,28.2,35.6,warning
DEV019,temperature,愛知,2026-04-27 05:10:00,28.2,66.5,normal
DEV020,humidity,大阪,2026-04-27 05:10:00,20.7,34.7,normal
DEV021,humidity,東京,2026-04-27 05:10:00,18.3,44.9,normal
DEV022,temperature,大阪,2026-04-27 05:10:00,18.9,64.8,normal
DEV023,temperature,東京,2026-04-27 05:10:00,19.7,30.5,normal
DEV024,humidity,東京,2026-04-27 05:10:00,20.2,59.9,normal
DEV025,humidity,大阪,2026-04-27 05:10:00,26.7,55.8,normal
DEV026,vibration,大阪,2026-04-27 05:10:00,19.9,31.3,normal
DEV027,temperature,愛知,2026-04-27 05:10:00,18.1,57.2,warning
DEV028,humidity,愛知,2026-04-27 05:10:00,28.0,50.1,normal
DEV029,temperature,大阪,2026-04-27 05:10:00,19.9,50.9,normal
DEV030,temperature,愛知,2026-04-27 05:10:00,22.8,45.7,critical
DEV001,vibration,東京,2026-04-27 05:15:00,18.9,49.1,normal
DEV002,temperature,愛知,2026-04-27 05:15:00,20.0,55.9,normal
DEV003,humidity,東京,2026-04-27 05:15:00,19.3,61.2,normal
DEV004,temperature,東京,2026-04-27 05:15:00,,51.7,normal
DEV005,vibration,東京,2026-04-27 05:15:00,18.1,37.5,normal
DEV006,vibration,愛知,2026-04-27 05:15:00,18.4,69.1,N/A
DEV007,vibration,東京,2026-04-27 05:15:00,999,49.4,normal
DEV008,vibration,大阪,2026-04-27 05:15:00,29.3,N/A,normal
DEV009,temperature,東京,2026-04-27 05:15:00,29.5,42.6,normal
DEV010,temperature,東京,2026-04-27 05:15:00,29.7,33.9,normal
DEV011,temperature,愛知,2026-04-27 05:15:00,24.0,61.0,normal
DEV012,vibration,東京,2026-04-27 05:15:00,22.6,64.1,normal
DEV013,vibration,東京,2026-04-27 05:15:00,26.2,55.0,normal
DEV014,vibration,愛知,2026-04-27 05:15:00,27.7,60.8,normal
DEV015,vibration,愛知,2026-04-27 05:15:00,24.0,54.3,critical
DEV016,humidity,東京,2026-04-27 05:15:00,22.1,43.6,normal
DEV017,humidity,愛知,2026-04-27 05:15:00,29.3,,normal
DEV018,humidity,東京,2026-04-27 05:15:00,30.0,68.3,N/A
DEV019,temperature,愛知,2026-04-27 05:15:00,24.0,35.7,normal
DEV020,humidity,大阪,2026-04-27 05:15:00,29.6,33.5,normal
DEV021,humidity,東京,2026-04-27 05:15:00,20.0,32.7,N/A
DEV022,temperature,大阪,2026-04-27 05:15:00,19.1,60.9,normal
DEV023,temperature,東京,2026-04-27 05:15:00,29.7,47.7,normal
DEV024,humidity,東京,2026-04-27 05:15:00,29.7,44.5,normal
DEV025,humidity,大阪,2026-04-27 05:15:00,28.3,35.2,normal
DEV026,vibration,大阪,2026-04-27 05:15:00,25.5,33.3,normal
DEV027,temperature,愛知,2026-04-27 05:15:00,21.2,57.3,N/A
DEV028,humidity,愛知,2026-04-27 05:15:00,18.7,58.0,critical
DEV029,temperature,大阪,2026-04-27 05:15:00,,41.6,normal
DEV030,temperature,愛知,2026-04-27 05:15:00,28.2,65.0,normal
DEV001,vibration,東京,2026-04-27 05:20:00,23.6,62.7,normal
DEV002,temperature,愛知,2026-04-27 05:20:00,26.8,66.9,normal
DEV003,humidity,東京,2026-04-27 05:20:00,21.9,69.9,warning
DEV004,temperature,東京,2026-04-27 05:20:00,26.9,48.2,critical
DEV005,vibration,東京,2026-04-27 05:20:00,23.6,42.8,normal
DEV006,vibration,愛知,2026-04-27 05:20:00,27.3,62.3,normal
DEV007,vibration,東京,2026-04-27 05:20:00,20.6,30.9,normal
DEV008,vibration,大阪,2026-04-27 05:20:00,25.6,32.8,normal
DEV009,temperature,東京,2026-04-27 05:20:00,28.5,46.8,normal
DEV010,temperature,東京,2026-04-27 05:20:00,21.1,33.7,normal
DEV011,temperature,愛知,2026-04-27 05:20:00,27.0,44.0,normal
DEV012,vibration,東京,2026-04-27 05:20:00,24.4,68.6,normal
DEV013,vibration,東京,2026-04-27 05:20:00,26.3,30.4,N/A
DEV014,vibration,愛知,2026-04-27 05:20:00,26.7,35.8,normal
DEV015,vibration,愛知,2026-04-27 05:20:00,,67.4,warning
DEV016,humidity,東京,2026-04-27 05:20:00,19.4,46.3,critical
DEV017,humidity,愛知,2026-04-27 05:20:00,29.9,64.3,warning
DEV018,humidity,東京,2026-04-27 05:20:00,24.9,,normal
DEV019,temperature,愛知,2026-04-27 05:20:00,24.6,45.1,normal
DEV020,humidity,大阪,2026-04-27 05:20:00,20.3,68.2,normal
DEV021,humidity,東京,2026-04-27 05:20:00,18.2,50.1,normal
DEV022,temperature,大阪,2026-04-27 05:20:00,25.8,46.4,normal
DEV023,temperature,東京,2026-04-27 05:20:00,23.1,43.4,normal
DEV024,humidity,東京,2026-04-27 05:20:00,22.5,36.5,normal
DEV025,humidity,大阪,2026-04-27 05:20:00,28.1,47.5,normal
DEV026,vibration,大阪,2026-04-27 05:20:00,29.3,34.0,normal
DEV027,temperature,愛知,2026-04-27 05:20:00,19.2,54.7,normal
DEV028,humidity,愛知,2026-04-27 05:20:00,27.0,51.8,warning
DEV029,temperature,大阪,2026-04-27 05:20:00,27.7,64.1,normal
DEV030,temperature,愛知,2026-04-27 05:20:00,23.5,37.8,warning
DEV001,vibration,東京,2026-04-27 05:25:00,22.2,48.6,normal
DEV002,temperature,愛知,2026-04-27 05:25:00,,39.0,normal
DEV003,humidity,東京,2026-04-27 05:25:00,25.9,66.1,normal
DEV004,temperature,東京,2026-04-27 05:25:00,18.0,31.3,normal
DEV005,vibration,東京,2026-04-27 05:25:00,22.5,62.8,N/A
DEV006,vibration,愛知,2026-04-27 05:25:00,20.0,47.2,critical
DEV007,vibration,東京,2026-04-27 05:25:00,20.3,63.1,N/A
DEV008,vibration,大阪,2026-04-27 05:25:00,29.3,59.1,normal
DEV009,temperature,東京,2026-04-27 05:25:00,24.2,34.0,normal
DEV010,temperature,東京,2026-04-27 05:25:00,25.6,63.7,normal
DEV011,temperature,愛知,2026-04-27 05:25:00,19.9,33.7,normal
DEV012,vibration,東京,2026-04-27 05:25:00,25.5,31.1,critical
DEV013,vibration,東京,2026-04-27 05:25:00,18.9,59.7,normal
DEV014,vibration,愛知,2026-04-27 05:25:00,25.6,37.5,normal
DEV015,vibration,愛知,2026-04-27 05:25:00,24.4,61.2,normal
DEV016,humidity,東京,2026-04-27 05:25:00,25.9,67.4,normal
DEV017,humidity,愛知,2026-04-27 05:25:00,25.0,48.4,N/A
DEV018,humidity,東京,2026-04-27 05:25:00,19.7,37.2,normal
DEV019,temperature,愛知,2026-04-27 05:25:00,22.3,45.6,warning
DEV020,humidity,大阪,2026-04-27 05:25:00,23.0,55.0,normal
DEV021,humidity,東京,2026-04-27 05:25:00,22.5,66.3,normal
DEV022,temperature,大阪,2026-04-27 05:25:00,18.1,52.7,N/A
DEV023,temperature,東京,2026-04-27 05:25:00,19.4,43.9,N/A
DEV024,humidity,東京,2026-04-27 05:25:00,18.1,40.2,normal
DEV025,humidity,大阪,2026-04-27 05:25:00,18.4,N/A,critical
DEV026,vibration,大阪,2026-04-27 05:25:00,20.6,65.9,normal
DEV027,temperature,愛知,2026-04-27 05:25:00,20.6,67.6,normal
DEV028,humidity,愛知,2026-04-27 05:25:00,20.4,58.3,normal
DEV029,temperature,大阪,2026-04-27 05:25:00,27.7,67.9,normal
DEV030,temperature,愛知,2026-04-27 05:25:00,20.4,58.7,normal
DEV001,vibration,東京,2026-04-27 05:30:00,27.5,36.6,normal
DEV002,temperature,愛知,2026-04-27 05:30:00,23.9,46.9,normal
DEV003,humidity,東京,2026-04-27 05:30:00,25.5,47.2,N/A
DEV004,temperature,東京,2026-04-27 05:30:00,28.8,48.0,normal
DEV005,vibration,東京,2026-04-27 05:30:00,21.0,54.2,critical
DEV006,vibration,愛知,2026-04-27 05:30:00,18.4,42.9,normal
DEV007,vibration,東京,2026-04-27 05:30:00,18.9,44.9,normal
DEV008,vibration,大阪,2026-04-27 05:30:00,21.8,N/A,normal
DEV009,temperature,東京,2026-04-27 05:30:00,24.8,39.3,normal
DEV010,temperature,東京,2026-04-27 05:30:00,25.2,34.1,normal
DEV011,temperature,愛知,2026-04-27 05:30:00,29.4,56.9,N/A
DEV012,vibration,東京,2026-04-27 05:30:00,23.1,42.7,normal
DEV013,vibration,東京,2026-04-27 05:30:00,18.6,31.9,normal
DEV014,vibration,愛知,2026-04-27 05:30:00,19.5,43.1,normal
DEV015,vibration,愛知,2026-04-27 05:30:00,18.3,N/A,N/A
DEV016,humidity,東京,2026-04-27 05:30:00,28.9,63.7,normal
DEV017,humidity,愛知,2026-04-27 05:30:00,999,51.1,normal
DEV018,humidity,東京,2026-04-27 05:30:00,18.8,62.1,normal
DEV019,temperature,愛知,2026-04-27 05:30:00,27.0,52.3,normal
DEV020,humidity,大阪,2026-04-27 05:30:00,18.6,69.4,warning
DEV021,humidity,東京,2026-04-27 05:30:00,29.6,45.0,N/A
DEV022,temperature,大阪,2026-04-27 05:30:00,20.7,35.5,normal
DEV023,temperature,東京,2026-04-27 05:30:00,26.7,33.5,normal
DEV024,humidity,東京,2026-04-27 05:30:00,24.5,N/A,normal
DEV025,humidity,大阪,2026-04-27 05:30:00,27.4,67.9,normal
DEV026,vibration,大阪,2026-04-27 05:30:00,26.3,45.2,normal
DEV027,temperature,愛知,2026-04-27 05:30:00,25.0,42.8,normal
DEV028,humidity,愛知,2026-04-27 05:30:00,28.7,46.5,warning
DEV029,temperature,大阪,2026-04-27 05:30:00,24.3,49.1,warning
DEV030,temperature,愛知,2026-04-27 05:30:00,21.9,39.0,normal
DEV001,vibration,東京,2026-04-27 05:35:00,26.5,63.4,normal
DEV002,temperature,愛知,2026-04-27 05:35:00,26.8,33.1,warning
DEV003,humidity,東京,2026-04-27 05:35:00,18.2,62.7,normal
DEV004,temperature,東京,2026-04-27 05:35:00,22.1,60.5,critical
DEV005,vibration,東京,2026-04-27 05:35:00,27.1,48.2,normal
DEV006,vibration,愛知,2026-04-27 05:35:00,19.3,66.7,normal
DEV007,vibration,東京,2026-04-27 05:35:00,28.4,61.2,normal
DEV008,vibration,大阪,2026-04-27 05:35:00,23.1,68.1,N/A
DEV009,temperature,東京,2026-04-27 05:35:00,19.8,59.8,normal
DEV010,temperature,東京,2026-04-27 05:35:00,,40.7,warning
DEV011,temperature,愛知,2026-04-27 05:35:00,23.4,67.1,normal
DEV012,vibration,東京,2026-04-27 05:35:00,20.5,47.2,normal
DEV013,vibration,東京,2026-04-27 05:35:00,21.3,55.9,normal
DEV014,vibration,愛知,2026-04-27 05:35:00,20.3,41.0,N/A
DEV015,vibration,愛知,2026-04-27 05:35:00,23.2,55.9,normal
DEV016,humidity,東京,2026-04-27 05:35:00,18.6,,normal
DEV017,humidity,愛知,2026-04-27 05:35:00,24.4,65.3,normal
DEV018,humidity,東京,2026-04-27 05:35:00,19.2,65.2,normal
DEV019,temperature,愛知,2026-04-27 05:35:00,20.1,55.5,N/A
DEV020,humidity,大阪,2026-04-27 05:35:00,18.0,66.3,N/A
DEV021,humidity,東京,2026-04-27 05:35:00,21.7,39.5,normal
DEV022,temperature,大阪,2026-04-27 05:35:00,20.0,48.2,normal
DEV023,temperature,東京,2026-04-27 05:35:00,23.1,N/A,normal
DEV024,humidity,東京,2026-04-27 05:35:00,20.0,30.4,normal
DEV025,humidity,大阪,2026-04-27 05:35:00,25.0,39.9,normal
DEV026,vibration,大阪,2026-04-27 05:35:00,999,N/A,normal
DEV027,temperature,愛知,2026-04-27 05:35:00,24.3,35.9,normal
DEV028,humidity,愛知,2026-04-27 05:35:00,27.6,49.6,normal
DEV029,temperature,大阪,2026-04-27 05:35:00,21.1,44.6,normal
DEV030,temperature,愛知,2026-04-27 05:35:00,21.6,50.7,N/A
DEV001,vibration,東京,2026-04-27 05:40:00,21.2,55.6,normal
DEV002,temperature,愛知,2026-04-27 05:40:00,28.3,35.7,warning
DEV003,humidity,東京,2026-04-27 05:40:00,999,57.8,normal
DEV004,temperature,東京,2026-04-27 05:40:00,26.9,68.2,normal
DEV005,vibration,東京,2026-04-27 05:40:00,28.5,66.0,warning
DEV006,vibration,愛知,2026-04-27 05:40:00,28.5,66.4,normal
DEV007,vibration,東京,2026-04-27 05:40:00,22.7,69.8,normal
DEV008,vibration,大阪,2026-04-27 05:40:00,25.0,63.4,normal
DEV009,temperature,東京,2026-04-27 05:40:00,23.5,61.7,normal
DEV010,temperature,東京,2026-04-27 05:40:00,18.1,35.9,normal
DEV011,temperature,愛知,2026-04-27 05:40:00,21.5,36.5,warning
DEV012,vibration,東京,2026-04-27 05:40:00,27.6,N/A,normal
DEV013,vibration,東京,2026-04-27 05:40:00,27.9,49.5,normal
DEV014,vibration,愛知,2026-04-27 05:40:00,25.9,N/A,normal
DEV015,vibration,愛知,2026-04-27 05:40:00,28.5,50.1,critical
DEV016,humidity,東京,2026-04-27 05:40:00,19.0,69.8,normal
DEV017,humidity,愛知,2026-04-27 05:40:00,29.0,31.3,normal
DEV018,humidity,東京,2026-04-27 05:40:00,26.1,46.0,normal
DEV019,temperature,愛知,2026-04-27 05:40:00,29.0,36.9,normal
DEV020,humidity,大阪,2026-04-27 05:40:00,21.9,57.3,normal
DEV021,humidity,東京,2026-04-27 05:40:00,23.0,42.2,normal
DEV022,temperature,大阪,2026-04-27 05:40:00,25.5,45.0,normal
DEV023,temperature,東京,2026-04-27 05:40:00,24.3,50.2,normal
DEV024,humidity,東京,2026-04-27 05:40:00,23.1,46.4,normal
DEV025,humidity,大阪,2026-04-27 05:40:00,18.3,33.5,normal
DEV026,vibration,大阪,2026-04-27 05:40:00,21.6,50.5,normal
DEV027,temperature,愛知,2026-04-27 05:40:00,28.8,32.1,normal
DEV028,humidity,愛知,2026-04-27 05:40:00,26.0,60.5,critical
DEV029,temperature,大阪,2026-04-27 05:40:00,18.7,63.2,normal
DEV030,temperature,愛知,2026-04-27 05:40:00,19.2,49.3,normal
DEV001,vibration,東京,2026-04-27 05:45:00,19.5,50.4,normal
DEV002,temperature,愛知,2026-04-27 05:45:00,24.2,68.7,normal
DEV003,humidity,東京,2026-04-27 05:45:00,26.1,42.0,normal
DEV004,temperature,東京,2026-04-27 05:45:00,29.2,54.9,normal
DEV005,vibration,東京,2026-04-27 05:45:00,18.0,34.8,normal
DEV006,vibration,愛知,2026-04-27 05:45:00,19.2,N/A,critical
DEV007,vibration,東京,2026-04-27 05:45:00,18.7,46.2,normal
DEV008,vibration,大阪,2026-04-27 05:45:00,28.1,62.9,warning
DEV009,temperature,東京,2026-04-27 05:45:00,25.4,55.4,normal
DEV010,temperature,東京,2026-04-27 05:45:00,26.9,50.5,critical
DEV011,temperature,愛知,2026-04-27 05:45:00,23.8,34.0,N/A
DEV012,vibration,東京,2026-04-27 05:45:00,26.0,57.9,normal
DEV013,vibration,東京,2026-04-27 05:45:00,27.8,41.3,normal
DEV014,vibration,愛知,2026-04-27 05:45:00,18.1,55.8,N/A
DEV015,vibration,愛知,2026-04-27 05:45:00,28.9,35.6,warning
DEV016,humidity,東京,2026-04-27 05:45:00,29.8,64.2,critical
DEV017,humidity,愛知,2026-04-27 05:45:00,28.8,50.5,normal
DEV018,humidity,東京,2026-04-27 05:45:00,22.2,43.6,normal
DEV019,temperature,愛知,2026-04-27 05:45:00,27.2,45.8,warning
DEV020,humidity,大阪,2026-04-27 05:45:00,23.7,53.0,critical
DEV021,humidity,東京,2026-04-27 05:45:00,24.3,43.0,N/A
DEV022,temperature,大阪,2026-04-27 05:45:00,25.4,31.8,normal
DEV023,temperature,東京,2026-04-27 05:45:00,26.0,57.2,normal
DEV024,humidity,東京,2026-04-27 05:45:00,29.8,59.3,normal
DEV025,humidity,大阪,2026-04-27 05:45:00,28.6,45.4,normal
DEV026,vibration,大阪,2026-04-27 05:45:00,18.7,31.5,normal
DEV027,temperature,愛知,2026-04-27 05:45:00,22.5,31.2,normal
DEV028,humidity,愛知,2026-04-27 05:45:00,26.4,69.6,N/A
DEV029,temperature,大阪,2026-04-27 05:45:00,20.3,57.2,normal
DEV030,temperature,愛知,2026-04-27 05:45:00,19.9,62.3,normal
DEV001,vibration,東京,2026-04-27 05:50:00,18.3,33.8,normal
DEV002,temperature,愛知,2026-04-27 05:50:00,28.7,46.3,critical
DEV003,humidity,東京,2026-04-27 05:50:00,22.1,68.3,critical
DEV004,temperature,東京,2026-04-27 05:50:00,28.0,48.9,normal
DEV005,vibration,東京,2026-04-27 05:50:00,28.8,62.1,warning
DEV006,vibration,愛知,2026-04-27 05:50:00,22.5,33.1,critical
DEV007,vibration,東京,2026-04-27 05:50:00,19.4,54.1,normal
DEV008,vibration,大阪,2026-04-27 05:50:00,,41.6,normal
DEV009,temperature,東京,2026-04-27 05:50:00,22.3,36.3,normal
DEV010,temperature,東京,2026-04-27 05:50:00,24.9,67.3,critical
DEV011,temperature,愛知,2026-04-27 05:50:00,25.4,65.7,N/A
DEV012,vibration,東京,2026-04-27 05:50:00,29.0,31.2,normal
DEV013,vibration,東京,2026-04-27 05:50:00,20.4,32.4,normal
DEV014,vibration,愛知,2026-04-27 05:50:00,26.8,56.5,normal
DEV015,vibration,愛知,2026-04-27 05:50:00,18.9,66.2,normal
DEV016,humidity,東京,2026-04-27 05:50:00,18.8,59.6,normal
DEV017,humidity,愛知,2026-04-27 05:50:00,23.7,58.9,normal
DEV018,humidity,東京,2026-04-27 05:50:00,999,56.0,normal
DEV019,temperature,愛知,2026-04-27 05:50:00,27.4,39.1,normal
DEV020,humidity,大阪,2026-04-27 05:50:00,,37.8,N/A
DEV021,humidity,東京,2026-04-27 05:50:00,26.2,52.1,normal
DEV022,temperature,大阪,2026-04-27 05:50:00,22.5,58.1,critical
DEV023,temperature,東京,2026-04-27 05:50:00,23.3,69.3,normal
DEV024,humidity,東京,2026-04-27 05:50:00,22.1,39.5,normal
DEV025,humidity,大阪,2026-04-27 05:50:00,20.7,65.5,critical
DEV026,vibration,大阪,2026-04-27 05:50:00,29.9,N/A,normal
DEV027,temperature,愛知,2026-04-27 05:50:00,18.9,37.2,normal
DEV028,humidity,愛知,2026-04-27 05:50:00,25.2,69.9,normal
DEV029,temperature,大阪,2026-04-27 05:50:00,23.7,33.1,normal
DEV030,temperature,愛知,2026-04-27 05:50:00,20.5,62.5,normal
DEV001,vibration,東京,2026-04-27 05:55:00,21.6,52.1,normal
DEV002,temperature,愛知,2026-04-27 05:55:00,21.2,50.1,normal
DEV003,humidity,東京,2026-04-27 05:55:00,22.9,49.4,normal
DEV004,temperature,東京,2026-04-27 05:55:00,19.6,39.2,critical
DEV005,vibration,東京,2026-04-27 05:55:00,22.5,35.7,normal
DEV006,vibration,愛知,2026-04-27 05:55:00,25.8,34.6,warning
DEV007,vibration,東京,2026-04-27 05:55:00,21.2,42.0,normal
DEV008,vibration,大阪,2026-04-27 05:55:00,28.3,30.8,normal
DEV009,temperature,東京,2026-04-27 05:55:00,18.5,37.4,normal
DEV010,temperature,東京,2026-04-27 05:55:00,25.9,,normal
DEV011,temperature,愛知,2026-04-27 05:55:00,28.9,43.4,normal
DEV012,vibration,東京,2026-04-27 05:55:00,25.1,43.6,N/A
DEV013,vibration,東京,2026-04-27 05:55:00,23.1,59.4,normal
DEV014,vibration,愛知,2026-04-27 05:55:00,24.6,67.3,normal
DEV015,vibration,愛知,2026-04-27 05:55:00,29.3,52.9,N/A
DEV016,humidity,東京,2026-04-27 05:55:00,21.1,48.7,normal
DEV017,humidity,愛知,2026-04-27 05:55:00,18.2,68.0,normal
DEV018,humidity,東京,2026-04-27 05:55:00,27.3,52.8,normal
DEV019,temperature,愛知,2026-04-27 05:55:00,22.3,61.3,N/A
DEV020,humidity,大阪,2026-04-27 05:55:00,,56.4,normal
DEV021,humidity,東京,2026-04-27 05:55:00,23.3,N/A,normal
DEV022,temperature,大阪,2026-04-27 05:55:00,29.6,63.8,normal
DEV023,temperature,東京,2026-04-27 05:55:00,25.0,65.9,critical
DEV024,humidity,東京,2026-04-27 05:55:00,18.8,60.6,normal
DEV025,humidity,大阪,2026-04-27 05:55:00,23.9,37.0,N/A
DEV026,vibration,大阪,2026-04-27 05:55:00,20.8,37.4,critical
DEV027,temperature,愛知,2026-04-27 05:55:00,25.0,,normal
DEV028,humidity,愛知,2026-04-27 05:55:00,26.6,40.3,normal
DEV029,temperature,大阪,2026-04-27 05:55:00,18.5,34.4,critical
DEV030,temperature,愛知,2026-04-27 05:55:00,24.1,43.0,normal
DEV001,vibration,東京,2026-04-27 06:00:00,26.2,47.1,normal
DEV002,temperature,愛知,2026-04-27 06:00:00,21.9,43.4,normal
DEV003,humidity,東京,2026-04-27 06:00:00,22.5,41.8,normal
DEV004,temperature,東京,2026-04-27 06:00:00,18.5,66.5,normal
DEV005,vibration,東京,2026-04-27 06:00:00,20.5,58.6,critical
DEV006,vibration,愛知,2026-04-27 06:00:00,26.6,45.2,N/A
DEV007,vibration,東京,2026-04-27 06:00:00,999,45.2,normal
DEV008,vibration,大阪,2026-04-27 06:00:00,29.5,52.6,N/A
DEV009,temperature,東京,2026-04-27 06:00:00,26.8,34.8,critical
DEV010,temperature,東京,2026-04-27 06:00:00,25.3,50.8,normal
DEV011,temperature,愛知,2026-04-27 06:00:00,28.0,39.8,normal
DEV012,vibration,東京,2026-04-27 06:00:00,29.7,42.6,normal
DEV013,vibration,東京,2026-04-27 06:00:00,23.3,46.4,normal
DEV014,vibration,愛知,2026-04-27 06:00:00,24.1,56.1,N/A
DEV015,vibration,愛知,2026-04-27 06:00:00,27.4,63.1,normal
DEV016,humidity,東京,2026-04-27 06:00:00,20.9,57.0,normal
DEV017,humidity,愛知,2026-04-27 06:00:00,27.6,34.7,normal
DEV018,humidity,東京,2026-04-27 06:00:00,29.8,55.3,normal
DEV019,temperature,愛知,2026-04-27 06:00:00,28.5,N/A,normal
DEV020,humidity,大阪,2026-04-27 06:00:00,27.2,48.8,normal
DEV021,humidity,東京,2026-04-27 06:00:00,18.4,57.6,normal
DEV022,temperature,大阪,2026-04-27 06:00:00,28.4,66.2,normal
DEV023,temperature,東京,2026-04-27 06:00:00,26.4,41.7,normal
DEV024,humidity,東京,2026-04-27 06:00:00,28.8,54.7,normal
DEV025,humidity,大阪,2026-04-27 06:00:00,29.0,66.4,warning
DEV026,vibration,大阪,2026-04-27 06:00:00,23.2,58.0,normal
DEV027,temperature,愛知,2026-04-27 06:00:00,25.1,50.4,normal
DEV028,humidity,愛知,2026-04-27 06:00:00,25.1,56.0,normal
DEV029,temperature,大阪,2026-04-27 06:00:00,20.1,41.2,normal
DEV030,temperature,愛知,2026-04-27 06:00:00,23.9,,critical
DEV001,vibration,東京,2026-04-27 06:05:00,25.0,47.1,normal
DEV002,temperature,愛知,2026-04-27 06:05:00,27.1,31.7,normal
DEV003,humidity,東京,2026-04-27 06:05:00,21.3,42.6,normal
DEV004,temperature,東京,2026-04-27 06:05:00,19.4,47.6,normal
DEV005,vibration,東京,2026-04-27 06:05:00,29.0,60.1,normal
DEV006,vibration,愛知,2026-04-27 06:05:00,19.7,63.6,normal
DEV007,vibration,東京,2026-04-27 06:05:00,,68.4,critical
DEV008,vibration,大阪,2026-04-27 06:05:00,20.3,62.9,normal
DEV009,temperature,東京,2026-04-27 06:05:00,29.3,59.3,critical
DEV010,temperature,東京,2026-04-27 06:05:00,23.4,58.7,normal
DEV011,temperature,愛知,2026-04-27 06:05:00,23.2,64.6,normal
DEV012,vibration,東京,2026-04-27 06:05:00,19.4,33.2,normal
DEV013,vibration,東京,2026-04-27 06:05:00,21.9,41.0,critical
DEV014,vibration,愛知,2026-04-27 06:05:00,18.9,65.7,normal
DEV015,vibration,愛知,2026-04-27 06:05:00,29.2,42.7,critical
DEV016,humidity,東京,2026-04-27 06:05:00,28.5,,normal
DEV017,humidity,愛知,2026-04-27 06:05:00,25.0,38.8,normal
DEV018,humidity,東京,2026-04-27 06:05:00,19.8,59.3,normal
DEV019,temperature,愛知,2026-04-27 06:05:00,25.6,50.7,normal
DEV020,humidity,大阪,2026-04-27 06:05:00,,52.3,normal
DEV021,humidity,東京,2026-04-27 06:05:00,18.5,54.5,N/A
DEV022,temperature,大阪,2026-04-27 06:05:00,22.2,68.2,normal
DEV023,temperature,東京,2026-04-27 06:05:00,28.5,49.6,normal
DEV024,humidity,東京,2026-04-27 06:05:00,24.5,38.8,normal
DEV025,humidity,大阪,2026-04-27 06:05:00,23.4,47.0,normal
DEV026,vibration,大阪,2026-04-27 06:05:00,21.8,57.9,normal
DEV027,temperature,愛知,2026-04-27 06:05:00,23.8,49.6,normal
DEV028,humidity,愛知,2026-04-27 06:05:00,18.3,38.6,normal
DEV029,temperature,大阪,2026-04-27 06:05:00,27.3,42.7,normal
DEV030,temperature,愛知,2026-04-27 06:05:00,23.1,32.2,warning
DEV001,vibration,東京,2026-04-27 06:10:00,22.1,42.3,normal
DEV002,temperature,愛知,2026-04-27 06:10:00,28.5,61.2,normal
DEV003,humidity,東京,2026-04-27 06:10:00,25.4,54.2,normal
DEV004,temperature,東京,2026-04-27 06:10:00,18.3,61.2,normal
DEV005,vibration,東京,2026-04-27 06:10:00,27.2,56.2,critical
DEV006,vibration,愛知,2026-04-27 06:10:00,24.4,63.5,normal
DEV007,vibration,東京,2026-04-27 06:10:00,20.8,66.4,normal
DEV008,vibration,大阪,2026-04-27 06:10:00,24.6,30.5,normal
DEV009,temperature,東京,2026-04-27 06:10:00,24.3,61.7,normal
DEV010,temperature,東京,2026-04-27 06:10:00,21.6,60.9,normal
DEV011,temperature,愛知,2026-04-27 06:10:00,999,62.5,normal
DEV012,vibration,東京,2026-04-27 06:10:00,19.6,40.8,normal
DEV013,vibration,東京,2026-04-27 06:10:00,24.1,59.3,normal
DEV014,vibration,愛知,2026-04-27 06:10:00,,54.2,normal
DEV015,vibration,愛知,2026-04-27 06:10:00,25.1,63.3,normal
DEV016,humidity,東京,2026-04-27 06:10:00,23.1,42.1,warning
DEV017,humidity,愛知,2026-04-27 06:10:00,21.2,48.9,normal
DEV018,humidity,東京,2026-04-27 06:10:00,20.7,41.1,normal
DEV019,temperature,愛知,2026-04-27 06:10:00,24.4,30.7,warning
DEV020,humidity,大阪,2026-04-27 06:10:00,29.4,58.6,warning
DEV021,humidity,東京,2026-04-27 06:10:00,29.7,39.3,normal
DEV022,temperature,大阪,2026-04-27 06:10:00,19.3,35.8,normal
DEV023,temperature,東京,2026-04-27 06:10:00,20.0,49.6,normal
DEV024,humidity,東京,2026-04-27 06:10:00,22.8,50.9,N/A
DEV025,humidity,大阪,2026-04-27 06:10:00,18.7,46.5,normal
DEV026,vibration,大阪,2026-04-27 06:10:00,18.4,53.9,normal
DEV027,temperature,愛知,2026-04-27 06:10:00,20.5,49.5,warning
DEV028,humidity,愛知,2026-04-27 06:10:00,25.8,58.4,critical
DEV029,temperature,大阪,2026-04-27 06:10:00,26.9,66.8,normal
DEV030,temperature,愛知,2026-04-27 06:10:00,22.5,36.5,normal
DEV001,vibration,東京,2026-04-27 06:15:00,23.3,31.6,normal
DEV002,temperature,愛知,2026-04-27 06:15:00,25.5,35.6,critical
DEV003,humidity,東京,2026-04-27 06:15:00,18.1,69.8,normal
DEV004,temperature,東京,2026-04-27 06:15:00,25.4,56.0,normal
DEV005,vibration,東京,2026-04-27 06:15:00,26.2,68.1,normal
DEV006,vibration,愛知,2026-04-27 06:15:00,21.0,67.4,normal
DEV007,vibration,東京,2026-04-27 06:15:00,26.6,42.7,normal
DEV008,vibration,大阪,2026-04-27 06:15:00,18.8,42.5,normal
DEV009,temperature,東京,2026-04-27 06:15:00,19.1,33.8,N/A
DEV010,temperature,東京,2026-04-27 06:15:00,19.9,52.4,normal
DEV011,temperature,愛知,2026-04-27 06:15:00,18.2,41.4,normal
DEV012,vibration,東京,2026-04-27 06:15:00,21.7,46.1,normal
DEV013,vibration,東京,2026-04-27 06:15:00,25.7,53.7,normal
DEV014,vibration,愛知,2026-04-27 06:15:00,21.4,34.1,critical
DEV015,vibration,愛知,2026-04-27 06:15:00,27.2,60.9,N/A
DEV016,humidity,東京,2026-04-27 06:15:00,29.6,54.6,warning
DEV017,humidity,愛知,2026-04-27 06:15:00,18.0,38.7,N/A
DEV018,humidity,東京,2026-04-27 06:15:00,20.0,42.9,normal
DEV019,temperature,愛知,2026-04-27 06:15:00,27.7,48.9,normal
DEV020,humidity,大阪,2026-04-27 06:15:00,19.4,45.1,normal
DEV021,humidity,東京,2026-04-27 06:15:00,22.3,42.7,normal
DEV022,temperature,大阪,2026-04-27 06:15:00,28.1,67.8,normal
DEV023,temperature,東京,2026-04-27 06:15:00,28.1,49.6,normal
DEV024,humidity,東京,2026-04-27 06:15:00,24.7,43.9,normal
DEV025,humidity,大阪,2026-04-27 06:15:00,28.3,43.8,normal
DEV026,vibration,大阪,2026-04-27 06:15:00,24.7,67.6,normal
DEV027,temperature,愛知,2026-04-27 06:15:00,29.2,37.8,normal
DEV028,humidity,愛知,2026-04-27 06:15:00,18.1,33.8,normal
DEV029,temperature,大阪,2026-04-27 06:15:00,24.0,N/A,normal
DEV030,temperature,愛知,2026-04-27 06:15:00,999,49.1,normal
DEV001,vibration,東京,2026-04-27 06:20:00,26.5,32.3,N/A
DEV002,temperature,愛知,2026-04-27 06:20:00,28.4,69.9,warning
DEV003,humidity,東京,2026-04-27 06:20:00,23.7,60.0,normal
DEV004,temperature,東京,2026-04-27 06:20:00,999,N/A,normal
DEV005,vibration,東京,2026-04-27 06:20:00,20.1,33.3,normal
DEV006,vibration,愛知,2026-04-27 06:20:00,25.6,33.9,critical
DEV007,vibration,東京,2026-04-27 06:20:00,28.2,59.5,normal
DEV008,vibration,大阪,2026-04-27 06:20:00,28.2,58.4,N/A
DEV009,temperature,東京,2026-04-27 06:20:00,22.4,N/A,normal
DEV010,temperature,東京,2026-04-27 06:20:00,26.0,37.7,critical
DEV011,temperature,愛知,2026-04-27 06:20:00,21.2,31.8,N/A
DEV012,vibration,東京,2026-04-27 06:20:00,24.1,59.9,normal
DEV013,vibration,東京,2026-04-27 06:20:00,24.7,48.7,normal
DEV014,vibration,愛知,2026-04-27 06:20:00,23.6,33.6,normal
DEV015,vibration,愛知,2026-04-27 06:20:00,25.1,60.7,normal
DEV016,humidity,東京,2026-04-27 06:20:00,22.5,59.0,normal
DEV017,humidity,愛知,2026-04-27 06:20:00,26.2,64.6,normal
DEV018,humidity,東京,2026-04-27 06:20:00,22.6,41.2,N/A
DEV019,temperature,愛知,2026-04-27 06:20:00,20.7,65.3,normal
DEV020,humidity,大阪,2026-04-27 06:20:00,21.1,33.7,normal
DEV021,humidity,東京,2026-04-27 06:20:00,22.2,48.0,normal
DEV022,temperature,大阪,2026-04-27 06:20:00,999,45.4,critical
DEV023,temperature,東京,2026-04-27 06:20:00,29.9,55.8,normal
DEV024,humidity,東京,2026-04-27 06:20:00,26.4,63.2,normal
DEV025,humidity,大阪,2026-04-27 06:20:00,27.3,48.7,normal
DEV026,vibration,大阪,2026-04-27 06:20:00,24.2,49.0,warning
DEV027,temperature,愛知,2026-04-27 06:20:00,22.5,53.5,normal
DEV028,humidity,愛知,2026-04-27 06:20:00,19.3,66.0,normal
DEV029,temperature,大阪,2026-04-27 06:20:00,22.0,34.0,normal
DEV030,temperature,愛知,2026-04-27 06:20:00,23.6,30.9,N/A
DEV001,vibration,東京,2026-04-27 06:25:00,24.9,46.0,normal
DEV002,temperature,愛知,2026-04-27 06:25:00,22.5,57.1,normal
DEV003,humidity,東京,2026-04-27 06:25:00,999,39.4,critical
DEV004,temperature,東京,2026-04-27 06:25:00,23.1,53.1,N/A
DEV005,vibration,東京,2026-04-27 06:25:00,,66.9,N/A
DEV006,vibration,愛知,2026-04-27 06:25:00,29.3,68.9,normal
DEV007,vibration,東京,2026-04-27 06:25:00,22.0,68.8,normal
DEV008,vibration,大阪,2026-04-27 06:25:00,19.7,45.8,warning
DEV009,temperature,東京,2026-04-27 06:25:00,,65.3,normal
DEV010,temperature,東京,2026-04-27 06:25:00,20.2,47.5,normal
DEV011,temperature,愛知,2026-04-27 06:25:00,24.7,30.2,normal
DEV012,vibration,東京,2026-04-27 06:25:00,23.6,58.0,warning
DEV013,vibration,東京,2026-04-27 06:25:00,28.0,60.5,normal
DEV014,vibration,愛知,2026-04-27 06:25:00,21.8,46.0,normal
DEV015,vibration,愛知,2026-04-27 06:25:00,27.8,47.0,normal
DEV016,humidity,東京,2026-04-27 06:25:00,22.2,68.8,normal
DEV017,humidity,愛知,2026-04-27 06:25:00,25.3,44.8,normal
DEV018,humidity,東京,2026-04-27 06:25:00,18.0,45.9,normal
DEV019,temperature,愛知,2026-04-27 06:25:00,19.7,38.4,normal
DEV020,humidity,大阪,2026-04-27 06:25:00,22.6,36.0,normal
DEV021,humidity,東京,2026-04-27 06:25:00,27.9,,normal
DEV022,temperature,大阪,2026-04-27 06:25:00,22.8,34.3,normal
DEV023,temperature,東京,2026-04-27 06:25:00,26.8,46.2,normal
DEV024,humidity,東京,2026-04-27 06:25:00,19.5,57.5,normal
DEV025,humidity,大阪,2026-04-27 06:25:00,29.5,60.9,normal
DEV026,vibration,大阪,2026-04-27 06:25:00,26.9,62.3,warning
DEV027,temperature,愛知,2026-04-27 06:25:00,27.4,63.8,normal
DEV028,humidity,愛知,2026-04-27 06:25:00,20.1,60.4,normal
DEV029,temperature,大阪,2026-04-27 06:25:00,22.0,53.6,normal
DEV030,temperature,愛知,2026-04-27 06:25:00,25.4,47.4,warning
DEV001,vibration,東京,2026-04-27 06:30:00,19.5,44.7,N/A
DEV002,temperature,愛知,2026-04-27 06:30:00,21.0,41.8,normal
DEV003,humidity,東京,2026-04-27 06:30:00,20.1,30.7,normal
DEV004,temperature,東京,2026-04-27 06:30:00,18.4,59.3,critical
DEV005,vibration,東京,2026-04-27 06:30:00,21.0,33.8,normal
DEV006,vibration,愛知,2026-04-27 06:30:00,23.2,68.9,N/A
DEV007,vibration,東京,2026-04-27 06:30:00,27.9,59.3,critical
DEV008,vibration,大阪,2026-04-27 06:30:00,18.5,31.5,N/A
DEV009,temperature,東京,2026-04-27 06:30:00,25.7,45.3,normal
DEV010,temperature,東京,2026-04-27 06:30:00,25.6,46.0,normal
DEV011,temperature,愛知,2026-04-27 06:30:00,21.1,65.3,normal
DEV012,vibration,東京,2026-04-27 06:30:00,27.5,69.8,N/A
DEV013,vibration,東京,2026-04-27 06:30:00,28.3,62.0,normal
DEV014,vibration,愛知,2026-04-27 06:30:00,20.6,41.0,normal
DEV015,vibration,愛知,2026-04-27 06:30:00,26.1,66.4,normal
DEV016,humidity,東京,2026-04-27 06:30:00,22.9,N/A,normal
DEV017,humidity,愛知,2026-04-27 06:30:00,21.3,61.6,normal
DEV018,humidity,東京,2026-04-27 06:30:00,20.7,38.8,N/A
DEV019,temperature,愛知,2026-04-27 06:30:00,26.5,53.5,N/A
DEV020,humidity,大阪,2026-04-27 06:30:00,22.7,30.5,normal
DEV021,humidity,東京,2026-04-27 06:30:00,27.9,64.2,warning
DEV022,temperature,大阪,2026-04-27 06:30:00,26.4,40.2,normal
DEV023,temperature,東京,2026-04-27 06:30:00,24.9,49.5,normal
DEV024,humidity,東京,2026-04-27 06:30:00,27.0,42.2,normal
DEV025,humidity,大阪,2026-04-27 06:30:00,23.6,53.4,N/A
DEV026,vibration,大阪,2026-04-27 06:30:00,23.2,30.9,normal
DEV027,temperature,愛知,2026-04-27 06:30:00,23.9,66.8,normal
DEV028,humidity,愛知,2026-04-27 06:30:00,29.4,45.8,normal
DEV029,temperature,大阪,2026-04-27 06:30:00,24.8,36.4,normal
DEV030,temperature,愛知,2026-04-27 06:30:00,22.2,66.0,normal
DEV001,vibration,東京,2026-04-27 06:35:00,22.4,65.4,normal
DEV002,temperature,愛知,2026-04-27 06:35:00,24.4,46.2,warning
DEV003,humidity,東京,2026-04-27 06:35:00,29.1,64.9,normal
DEV004,temperature,東京,2026-04-27 06:35:00,24.4,48.6,normal
DEV005,vibration,東京,2026-04-27 06:35:00,19.2,46.7,normal
DEV006,vibration,愛知,2026-04-27 06:35:00,25.6,35.5,N/A
DEV007,vibration,東京,2026-04-27 06:35:00,19.0,46.4,normal
DEV008,vibration,大阪,2026-04-27 06:35:00,21.0,48.9,normal
DEV009,temperature,東京,2026-04-27 06:35:00,18.3,61.6,normal
DEV010,temperature,東京,2026-04-27 06:35:00,28.4,36.5,normal
DEV011,temperature,愛知,2026-04-27 06:35:00,20.9,58.5,normal
DEV012,vibration,東京,2026-04-27 06:35:00,21.5,38.3,warning
DEV013,vibration,東京,2026-04-27 06:35:00,26.2,39.7,normal
DEV014,vibration,愛知,2026-04-27 06:35:00,24.0,54.2,normal
DEV015,vibration,愛知,2026-04-27 06:35:00,28.9,58.9,normal
DEV016,humidity,東京,2026-04-27 06:35:00,,,normal
DEV017,humidity,愛知,2026-04-27 06:35:00,29.9,32.8,normal
DEV018,humidity,東京,2026-04-27 06:35:00,28.6,58.6,N/A
DEV019,temperature,愛知,2026-04-27 06:35:00,24.4,N/A,warning
DEV020,humidity,大阪,2026-04-27 06:35:00,18.7,63.1,normal
DEV021,humidity,東京,2026-04-27 06:35:00,26.6,56.0,normal
DEV022,temperature,大阪,2026-04-27 06:35:00,19.2,60.3,N/A
DEV023,temperature,東京,2026-04-27 06:35:00,19.3,46.5,normal
DEV024,humidity,東京,2026-04-27 06:35:00,20.9,40.6,normal
DEV025,humidity,大阪,2026-04-27 06:35:00,18.9,49.7,normal
DEV026,vibration,大阪,2026-04-27 06:35:00,22.1,43.2,warning
DEV027,temperature,愛知,2026-04-27 06:35:00,24.8,60.5,normal
DEV028,humidity,愛知,2026-04-27 06:35:00,18.3,52.5,normal
DEV029,temperature,大阪,2026-04-27 06:35:00,26.6,42.2,warning
DEV030,temperature,愛知,2026-04-27 06:35:00,19.9,35.1,N/A
DEV001,vibration,東京,2026-04-27 06:40:00,22.6,31.1,normal
DEV002,temperature,愛知,2026-04-27 06:40:00,19.8,N/A,normal
DEV003,humidity,東京,2026-04-27 06:40:00,26.9,46.2,N/A
DEV004,temperature,東京,2026-04-27 06:40:00,29.7,53.5,critical
DEV005,vibration,東京,2026-04-27 06:40:00,22.5,49.4,normal
DEV006,vibration,愛知,2026-04-27 06:40:00,23.8,45.2,normal
DEV007,vibration,東京,2026-04-27 06:40:00,21.7,41.1,normal
DEV008,vibration,大阪,2026-04-27 06:40:00,22.3,66.5,normal
DEV009,temperature,東京,2026-04-27 06:40:00,28.1,51.0,normal
DEV010,temperature,東京,2026-04-27 06:40:00,22.4,,normal
DEV011,temperature,愛知,2026-04-27 06:40:00,24.1,68.5,critical
DEV012,vibration,東京,2026-04-27 06:40:00,29.6,52.7,normal
DEV013,vibration,東京,2026-04-27 06:40:00,27.6,67.5,normal
DEV014,vibration,愛知,2026-04-27 06:40:00,26.6,69.2,normal
DEV015,vibration,愛知,2026-04-27 06:40:00,19.1,63.2,normal
DEV016,humidity,東京,2026-04-27 06:40:00,19.6,38.3,normal
DEV017,humidity,愛知,2026-04-27 06:40:00,25.0,51.5,normal
DEV018,humidity,東京,2026-04-27 06:40:00,25.6,34.7,normal
DEV019,temperature,愛知,2026-04-27 06:40:00,19.2,53.9,normal
DEV020,humidity,大阪,2026-04-27 06:40:00,25.0,34.5,warning
DEV021,humidity,東京,2026-04-27 06:40:00,20.3,54.6,warning
DEV022,temperature,大阪,2026-04-27 06:40:00,21.0,40.8,normal
DEV023,temperature,東京,2026-04-27 06:40:00,23.8,55.8,normal
DEV024,humidity,東京,2026-04-27 06:40:00,21.0,52.5,normal
DEV025,humidity,大阪,2026-04-27 06:40:00,19.3,37.3,normal
DEV026,vibration,大阪,2026-04-27 06:40:00,29.7,36.5,normal
DEV027,temperature,愛知,2026-04-27 06:40:00,26.1,64.5,normal
DEV028,humidity,愛知,2026-04-27 06:40:00,24.5,61.2,normal
DEV029,temperature,大阪,2026-04-27 06:40:00,24.0,51.2,normal
DEV030,temperature,愛知,2026-04-27 06:40:00,29.1,56.9,normal
DEV001,vibration,東京,2026-04-27 06:45:00,27.2,64.1,N/A
DEV002,temperature,愛知,2026-04-27 06:45:00,21.9,49.0,N/A
DEV003,humidity,東京,2026-04-27 06:45:00,27.4,67.3,warning
DEV004,temperature,東京,2026-04-27 06:45:00,28.0,42.2,normal
DEV005,vibration,東京,2026-04-27 06:45:00,21.8,52.5,normal
DEV006,vibration,愛知,2026-04-27 06:45:00,,32.2,normal
DEV007,vibration,東京,2026-04-27 06:45:00,27.7,60.7,normal
DEV008,vibration,大阪,2026-04-27 06:45:00,20.4,40.2,normal
DEV009,temperature,東京,2026-04-27 06:45:00,,45.3,critical
DEV010,temperature,東京,2026-04-27 06:45:00,20.4,50.1,normal
DEV011,temperature,愛知,2026-04-27 06:45:00,20.9,49.2,N/A
DEV012,vibration,東京,2026-04-27 06:45:00,29.7,,normal
DEV013,vibration,東京,2026-04-27 06:45:00,28.9,41.2,N/A
DEV014,vibration,愛知,2026-04-27 06:45:00,18.7,43.7,critical
DEV015,vibration,愛知,2026-04-27 06:45:00,29.1,35.4,normal
DEV016,humidity,東京,2026-04-27 06:45:00,27.3,36.1,normal
DEV017,humidity,愛知,2026-04-27 06:45:00,24.9,47.5,normal
DEV018,humidity,東京,2026-04-27 06:45:00,27.2,51.2,normal
DEV019,temperature,愛知,2026-04-27 06:45:00,19.7,64.8,normal
DEV020,humidity,大阪,2026-04-27 06:45:00,22.3,59.9,normal
DEV021,humidity,東京,2026-04-27 06:45:00,23.6,43.3,normal
DEV022,temperature,大阪,2026-04-27 06:45:00,27.0,N/A,normal
DEV023,temperature,東京,2026-04-27 06:45:00,23.1,61.9,critical
DEV024,humidity,東京,2026-04-27 06:45:00,29.9,52.6,normal
DEV025,humidity,大阪,2026-04-27 06:45:00,28.5,51.6,normal
DEV026,vibration,大阪,2026-04-27 06:45:00,25.6,52.6,critical
DEV027,temperature,愛知,2026-04-27 06:45:00,24.4,63.9,normal
DEV028,humidity,愛知,2026-04-27 06:45:00,23.6,37.6,normal
DEV029,temperature,大阪,2026-04-27 06:45:00,23.2,48.1,normal
DEV030,temperature,愛知,2026-04-27 06:45:00,18.9,43.6,critical
DEV001,vibration,東京,2026-04-27 06:50:00,26.9,65.6,normal
DEV002,temperature,愛知,2026-04-27 06:50:00,18.1,30.8,normal
DEV003,humidity,東京,2026-04-27 06:50:00,19.8,53.4,normal
DEV004,temperature,東京,2026-04-27 06:50:00,25.8,62.9,normal
DEV005,vibration,東京,2026-04-27 06:50:00,26.6,37.6,normal
DEV006,vibration,愛知,2026-04-27 06:50:00,20.2,N/A,N/A
DEV007,vibration,東京,2026-04-27 06:50:00,18.5,43.9,normal
DEV008,vibration,大阪,2026-04-27 06:50:00,21.8,38.4,normal
DEV009,temperature,東京,2026-04-27 06:50:00,29.9,66.8,normal
DEV010,temperature,東京,2026-04-27 06:50:00,,67.8,normal
DEV011,temperature,愛知,2026-04-27 06:50:00,22.5,59.8,normal
DEV012,vibration,東京,2026-04-27 06:50:00,23.4,38.2,normal
DEV013,vibration,東京,2026-04-27 06:50:00,19.5,50.3,N/A
DEV014,vibration,愛知,2026-04-27 06:50:00,19.5,34.8,warning
DEV015,vibration,愛知,2026-04-27 06:50:00,22.3,46.6,normal
DEV016,humidity,東京,2026-04-27 06:50:00,27.6,40.2,normal
DEV017,humidity,愛知,2026-04-27 06:50:00,18.2,46.8,normal
DEV018,humidity,東京,2026-04-27 06:50:00,29.3,47.4,normal
DEV019,temperature,愛知,2026-04-27 06:50:00,26.4,62.4,warning
DEV020,humidity,大阪,2026-04-27 06:50:00,,59.2,normal
DEV021,humidity,東京,2026-04-27 06:50:00,999,37.1,normal
DEV022,temperature,大阪,2026-04-27 06:50:00,19.9,60.5,normal
DEV023,temperature,東京,2026-04-27 06:50:00,20.5,41.7,N/A
DEV024,humidity,東京,2026-04-27 06:50:00,19.9,67.5,normal
DEV025,humidity,大阪,2026-04-27 06:50:00,27.7,65.2,normal
DEV026,vibration,大阪,2026-04-27 06:50:00,18.4,46.1,normal
DEV027,temperature,愛知,2026-04-27 06:50:00,21.2,61.3,normal
DEV028,humidity,愛知,2026-04-27 06:50:00,,59.4,normal
DEV029,temperature,大阪,2026-04-27 06:50:00,18.6,53.9,critical
DEV030,temperature,愛知,2026-04-27 06:50:00,19.2,38.9,normal
DEV001,vibration,東京,2026-04-27 06:55:00,19.3,69.3,critical
DEV002,temperature,愛知,2026-04-27 06:55:00,28.3,30.0,warning
DEV003,humidity,東京,2026-04-27 06:55:00,28.8,56.3,normal
DEV004,temperature,東京,2026-04-27 06:55:00,26.0,49.7,N/A
DEV005,vibration,東京,2026-04-27 06:55:00,20.6,67.7,normal
DEV006,vibration,愛知,2026-04-27 06:55:00,26.9,41.3,N/A
DEV007,vibration,東京,2026-04-27 06:55:00,20.7,56.4,normal
DEV008,vibration,大阪,2026-04-27 06:55:00,23.5,50.7,normal
DEV009,temperature,東京,2026-04-27 06:55:00,19.6,56.4,N/A
DEV010,temperature,東京,2026-04-27 06:55:00,28.2,62.0,normal
DEV011,temperature,愛知,2026-04-27 06:55:00,29.8,N/A,normal
DEV012,vibration,東京,2026-04-27 06:55:00,20.9,30.5,warning
DEV013,vibration,東京,2026-04-27 06:55:00,22.1,62.7,N/A
DEV014,vibration,愛知,2026-04-27 06:55:00,29.9,40.5,warning
DEV015,vibration,愛知,2026-04-27 06:55:00,21.4,67.0,normal
DEV016,humidity,東京,2026-04-27 06:55:00,20.2,64.9,critical
DEV017,humidity,愛知,2026-04-27 06:55:00,19.2,60.5,normal
DEV018,humidity,東京,2026-04-27 06:55:00,22.4,68.6,normal
DEV019,temperature,愛知,2026-04-27 06:55:00,29.7,34.8,normal
DEV020,humidity,大阪,2026-04-27 06:55:00,22.2,52.1,normal
DEV021,humidity,東京,2026-04-27 06:55:00,29.7,62.8,critical
DEV022,temperature,大阪,2026-04-27 06:55:00,28.1,30.7,normal
DEV023,temperature,東京,2026-04-27 06:55:00,27.4,51.2,normal
DEV024,humidity,東京,2026-04-27 06:55:00,22.4,67.9,critical
DEV025,humidity,大阪,2026-04-27 06:55:00,19.9,55.4,N/A
DEV026,vibration,大阪,2026-04-27 06:55:00,29.2,51.6,N/A
DEV027,temperature,愛知,2026-04-27 06:55:00,20.4,,normal
DEV028,humidity,愛知,2026-04-27 06:55:00,28.8,65.7,warning
DEV029,temperature,大阪,2026-04-27 06:55:00,26.7,33.0,critical
DEV030,temperature,愛知,2026-04-27 06:55:00,20.5,53.8,normal
DEV001,vibration,東京,2026-04-27 07:00:00,22.9,62.9,normal
DEV002,temperature,愛知,2026-04-27 07:00:00,19.9,53.7,normal
DEV003,humidity,東京,2026-04-27 07:00:00,18.8,41.0,normal
DEV004,temperature,東京,2026-04-27 07:00:00,26.9,36.1,warning
DEV005,vibration,東京,2026-04-27 07:00:00,21.3,55.5,critical
DEV006,vibration,愛知,2026-04-27 07:00:00,19.2,48.8,warning
DEV007,vibration,東京,2026-04-27 07:00:00,19.5,48.2,normal
DEV008,vibration,大阪,2026-04-27 07:00:00,27.1,65.0,normal
DEV009,temperature,東京,2026-04-27 07:00:00,28.7,48.7,N/A
DEV010,temperature,東京,2026-04-27 07:00:00,26.5,49.5,normal
DEV011,temperature,愛知,2026-04-27 07:00:00,19.2,54.1,N/A
DEV012,vibration,東京,2026-04-27 07:00:00,20.9,49.8,normal
DEV013,vibration,東京,2026-04-27 07:00:00,25.7,41.2,normal
DEV014,vibration,愛知,2026-04-27 07:00:00,25.7,56.7,normal
DEV015,vibration,愛知,2026-04-27 07:00:00,19.0,62.2,normal
DEV016,humidity,東京,2026-04-27 07:00:00,20.7,40.6,warning
DEV017,humidity,愛知,2026-04-27 07:00:00,28.0,50.8,normal
DEV018,humidity,東京,2026-04-27 07:00:00,999,63.5,normal
DEV019,temperature,愛知,2026-04-27 07:00:00,19.4,44.4,N/A
DEV020,humidity,大阪,2026-04-27 07:00:00,22.7,43.9,warning
DEV021,humidity,東京,2026-04-27 07:00:00,24.9,67.6,normal
DEV022,temperature,大阪,2026-04-27 07:00:00,18.3,31.0,normal
DEV023,temperature,東京,2026-04-27 07:00:00,29.0,59.2,normal
DEV024,humidity,東京,2026-04-27 07:00:00,26.2,68.6,normal
DEV025,humidity,大阪,2026-04-27 07:00:00,18.6,69.6,normal
DEV026,vibration,大阪,2026-04-27 07:00:00,19.9,64.5,normal
DEV027,temperature,愛知,2026-04-27 07:00:00,27.0,36.9,warning
DEV028,humidity,愛知,2026-04-27 07:00:00,22.0,59.6,normal
DEV029,temperature,大阪,2026-04-27 07:00:00,21.7,33.6,normal
DEV030,temperature,愛知,2026-04-27 07:00:00,24.0,45.3,normal
DEV001,vibration,東京,2026-04-27 07:05:00,23.8,47.5,normal
DEV002,temperature,愛知,2026-04-27 07:05:00,29.5,34.5,N/A
DEV003,humidity,東京,2026-04-27 07:05:00,24.1,41.8,critical
DEV004,temperature,東京,2026-04-27 07:05:00,22.8,37.9,normal
DEV005,vibration,東京,2026-04-27 07:05:00,29.0,64.1,normal
DEV006,vibration,愛知,2026-04-27 07:05:00,24.4,66.9,normal
DEV007,vibration,東京,2026-04-27 07:05:00,26.8,61.9,N/A
DEV008,vibration,大阪,2026-04-27 07:05:00,19.0,47.7,normal
DEV009,temperature,東京,2026-04-27 07:05:00,19.9,31.1,normal
DEV010,temperature,東京,2026-04-27 07:05:00,29.8,39.0,normal
DEV011,temperature,愛知,2026-04-27 07:05:00,21.6,64.3,warning
DEV012,vibration,東京,2026-04-27 07:05:00,23.0,52.7,normal
DEV013,vibration,東京,2026-04-27 07:05:00,24.2,53.0,normal
DEV014,vibration,愛知,2026-04-27 07:05:00,26.5,62.1,normal
DEV015,vibration,愛知,2026-04-27 07:05:00,22.4,39.4,critical
DEV016,humidity,東京,2026-04-27 07:05:00,29.5,64.4,normal
DEV017,humidity,愛知,2026-04-27 07:05:00,24.9,66.7,critical
DEV018,humidity,東京,2026-04-27 07:05:00,24.4,63.1,normal
DEV019,temperature,愛知,2026-04-27 07:05:00,26.6,52.2,normal
DEV020,humidity,大阪,2026-04-27 07:05:00,24.9,54.8,warning
DEV021,humidity,東京,2026-04-27 07:05:00,18.8,30.9,warning
DEV022,temperature,大阪,2026-04-27 07:05:00,18.7,64.7,normal
DEV023,temperature,東京,2026-04-27 07:05:00,22.3,41.0,normal
DEV024,humidity,東京,2026-04-27 07:05:00,26.7,49.6,normal
DEV025,humidity,大阪,2026-04-27 07:05:00,20.6,51.5,normal
DEV026,vibration,大阪,2026-04-27 07:05:00,24.8,67.9,normal
DEV027,temperature,愛知,2026-04-27 07:05:00,29.8,64.5,N/A
DEV028,humidity,愛知,2026-04-27 07:05:00,27.1,61.0,normal
DEV029,temperature,大阪,2026-04-27 07:05:00,24.4,59.3,normal
DEV030,temperature,愛知,2026-04-27 07:05:00,27.3,63.4,normal
DEV001,vibration,東京,2026-04-27 07:10:00,23.9,33.6,normal
DEV002,temperature,愛知,2026-04-27 07:10:00,29.4,46.3,warning
DEV003,humidity,東京,2026-04-27 07:10:00,22.1,44.2,normal
DEV004,temperature,東京,2026-04-27 07:10:00,24.0,46.1,normal
DEV005,vibration,東京,2026-04-27 07:10:00,25.8,48.1,normal
DEV006,vibration,愛知,2026-04-27 07:10:00,18.2,69.3,normal
DEV007,vibration,東京,2026-04-27 07:10:00,19.1,N/A,critical
DEV008,vibration,大阪,2026-04-27 07:10:00,,42.3,N/A
DEV009,temperature,東京,2026-04-27 07:10:00,28.3,37.5,N/A
DEV010,temperature,東京,2026-04-27 07:10:00,24.4,33.9,normal
DEV011,temperature,愛知,2026-04-27 07:10:00,24.9,58.3,normal
DEV012,vibration,東京,2026-04-27 07:10:00,27.8,54.9,critical
DEV013,vibration,東京,2026-04-27 07:10:00,27.5,67.4,normal
DEV014,vibration,愛知,2026-04-27 07:10:00,26.2,36.7,normal
DEV015,vibration,愛知,2026-04-27 07:10:00,25.2,66.8,warning
DEV016,humidity,東京,2026-04-27 07:10:00,24.6,47.9,normal
DEV017,humidity,愛知,2026-04-27 07:10:00,18.8,35.7,warning
DEV018,humidity,東京,2026-04-27 07:10:00,22.9,66.7,warning
DEV019,temperature,愛知,2026-04-27 07:10:00,28.9,63.6,normal
DEV020,humidity,大阪,2026-04-27 07:10:00,19.1,66.5,N/A
DEV021,humidity,東京,2026-04-27 07:10:00,24.4,51.9,normal
DEV022,temperature,大阪,2026-04-27 07:10:00,19.6,41.7,normal
DEV023,temperature,東京,2026-04-27 07:10:00,22.5,49.6,normal
DEV024,humidity,東京,2026-04-27 07:10:00,25.3,69.7,normal
DEV025,humidity,大阪,2026-04-27 07:10:00,26.4,31.7,normal
DEV026,vibration,大阪,2026-04-27 07:10:00,25.0,51.7,normal
DEV027,temperature,愛知,2026-04-27 07:10:00,24.4,,normal
DEV028,humidity,愛知,2026-04-27 07:10:00,22.2,62.9,normal
DEV029,temperature,大阪,2026-04-27 07:10:00,24.3,44.8,normal
DEV030,temperature,愛知,2026-04-27 07:10:00,19.2,65.7,normal
DEV001,vibration,東京,2026-04-27 07:15:00,20.4,55.6,normal
DEV002,temperature,愛知,2026-04-27 07:15:00,999,66.0,normal
DEV003,humidity,東京,2026-04-27 07:15:00,18.1,62.5,normal
DEV004,temperature,東京,2026-04-27 07:15:00,29.8,44.9,normal
DEV005,vibration,東京,2026-04-27 07:15:00,999,39.8,normal
DEV006,vibration,愛知,2026-04-27 07:15:00,23.1,64.5,normal
DEV007,vibration,東京,2026-04-27 07:15:00,28.5,40.9,normal
DEV008,vibration,大阪,2026-04-27 07:15:00,23.0,66.0,warning
DEV009,temperature,東京,2026-04-27 07:15:00,18.1,31.7,warning
DEV010,temperature,東京,2026-04-27 07:15:00,26.3,34.6,normal
DEV011,temperature,愛知,2026-04-27 07:15:00,23.9,43.1,normal
DEV012,vibration,東京,2026-04-27 07:15:00,26.6,41.4,normal
DEV013,vibration,東京,2026-04-27 07:15:00,24.8,34.8,normal
DEV014,vibration,愛知,2026-04-27 07:15:00,24.7,35.1,normal
DEV015,vibration,愛知,2026-04-27 07:15:00,19.3,63.3,normal
DEV016,humidity,東京,2026-04-27 07:15:00,26.3,47.4,normal
DEV017,humidity,愛知,2026-04-27 07:15:00,19.7,31.6,critical
DEV018,humidity,東京,2026-04-27 07:15:00,20.3,42.7,N/A
DEV019,temperature,愛知,2026-04-27 07:15:00,,64.4,normal
DEV020,humidity,大阪,2026-04-27 07:15:00,22.2,55.8,normal
DEV021,humidity,東京,2026-04-27 07:15:00,29.4,39.0,normal
DEV022,temperature,大阪,2026-04-27 07:15:00,26.7,N/A,warning
DEV023,temperature,東京,2026-04-27 07:15:00,20.9,52.3,normal
DEV024,humidity,東京,2026-04-27 07:15:00,21.8,32.6,critical
DEV025,humidity,大阪,2026-04-27 07:15:00,25.4,67.3,normal
DEV026,vibration,大阪,2026-04-27 07:15:00,999,57.4,normal
DEV027,temperature,愛知,2026-04-27 07:15:00,24.8,60.7,normal
DEV028,humidity,愛知,2026-04-27 07:15:00,27.1,,critical
DEV029,temperature,大阪,2026-04-27 07:15:00,25.8,67.5,normal
DEV030,temperature,愛知,2026-04-27 07:15:00,25.4,59.9,warning
DEV001,vibration,東京,2026-04-27 07:20:00,22.1,48.2,normal
DEV002,temperature,愛知,2026-04-27 07:20:00,28.6,41.5,normal
DEV003,humidity,東京,2026-04-27 07:20:00,22.7,36.4,normal
DEV004,temperature,東京,2026-04-27 07:20:00,21.6,,normal
DEV005,vibration,東京,2026-04-27 07:20:00,24.5,46.1,normal
DEV006,vibration,愛知,2026-04-27 07:20:00,22.9,48.4,warning
DEV007,vibration,東京,2026-04-27 07:20:00,22.7,43.0,normal
DEV008,vibration,大阪,2026-04-27 07:20:00,24.4,58.5,N/A
DEV009,temperature,東京,2026-04-27 07:20:00,28.5,54.8,warning
DEV010,temperature,東京,2026-04-27 07:20:00,27.2,55.8,normal
DEV011,temperature,愛知,2026-04-27 07:20:00,23.6,48.1,N/A
DEV012,vibration,東京,2026-04-27 07:20:00,20.4,65.6,normal
DEV013,vibration,東京,2026-04-27 07:20:00,23.2,31.0,normal
DEV014,vibration,愛知,2026-04-27 07:20:00,26.0,59.8,N/A
DEV015,vibration,愛知,2026-04-27 07:20:00,25.7,62.0,normal
DEV016,humidity,東京,2026-04-27 07:20:00,23.6,35.2,warning
DEV017,humidity,愛知,2026-04-27 07:20:00,29.2,59.4,normal
DEV018,humidity,東京,2026-04-27 07:20:00,27.4,30.3,normal
DEV019,temperature,愛知,2026-04-27 07:20:00,19.1,44.3,normal
DEV020,humidity,大阪,2026-04-27 07:20:00,21.7,54.9,normal
DEV021,humidity,東京,2026-04-27 07:20:00,27.9,58.1,normal
DEV022,temperature,大阪,2026-04-27 07:20:00,27.6,65.2,normal
DEV023,temperature,東京,2026-04-27 07:20:00,24.4,36.3,critical
DEV024,humidity,東京,2026-04-27 07:20:00,26.4,63.9,normal
DEV025,humidity,大阪,2026-04-27 07:20:00,26.0,47.8,normal
DEV026,vibration,大阪,2026-04-27 07:20:00,22.6,36.8,normal
DEV027,temperature,愛知,2026-04-27 07:20:00,29.9,47.6,N/A
DEV028,humidity,愛知,2026-04-27 07:20:00,28.7,67.9,N/A
DEV029,temperature,大阪,2026-04-27 07:20:00,22.1,44.8,normal
DEV030,temperature,愛知,2026-04-27 07:20:00,21.6,36.0,normal
DEV001,vibration,東京,2026-04-27 07:25:00,21.8,68.0,normal
DEV002,temperature,愛知,2026-04-27 07:25:00,29.8,54.9,N/A
DEV003,humidity,東京,2026-04-27 07:25:00,20.0,37.7,normal
DEV004,temperature,東京,2026-04-27 07:25:00,28.9,N/A,normal
DEV005,vibration,東京,2026-04-27 07:25:00,18.6,42.3,warning
DEV006,vibration,愛知,2026-04-27 07:25:00,22.1,69.8,warning
DEV007,vibration,東京,2026-04-27 07:25:00,22.0,,N/A
DEV008,vibration,大阪,2026-04-27 07:25:00,,42.1,normal
DEV009,temperature,東京,2026-04-27 07:25:00,22.6,,normal
DEV010,temperature,東京,2026-04-27 07:25:00,22.0,64.1,normal
DEV011,temperature,愛知,2026-04-27 07:25:00,22.1,58.8,critical
DEV012,vibration,東京,2026-04-27 07:25:00,21.4,48.0,normal
DEV013,vibration,東京,2026-04-27 07:25:00,29.0,65.8,normal
DEV014,vibration,愛知,2026-04-27 07:25:00,27.7,33.0,normal
DEV015,vibration,愛知,2026-04-27 07:25:00,24.9,33.5,normal
DEV016,humidity,東京,2026-04-27 07:25:00,,N/A,normal
DEV017,humidity,愛知,2026-04-27 07:25:00,25.4,55.0,warning
DEV018,humidity,東京,2026-04-27 07:25:00,22.0,54.5,normal
DEV019,temperature,愛知,2026-04-27 07:25:00,20.4,33.2,normal
DEV020,humidity,大阪,2026-04-27 07:25:00,19.1,57.4,normal
DEV021,humidity,東京,2026-04-27 07:25:00,999,42.8,critical
DEV022,temperature,大阪,2026-04-27 07:25:00,27.8,49.8,normal
DEV023,temperature,東京,2026-04-27 07:25:00,26.8,64.4,warning
DEV024,humidity,東京,2026-04-27 07:25:00,18.1,37.9,normal
DEV025,humidity,大阪,2026-04-27 07:25:00,24.9,35.0,normal
DEV026,vibration,大阪,2026-04-27 07:25:00,28.2,39.1,normal
DEV027,temperature,愛知,2026-04-27 07:25:00,25.1,50.3,normal
DEV028,humidity,愛知,2026-04-27 07:25:00,21.0,39.6,normal
DEV029,temperature,大阪,2026-04-27 07:25:00,29.6,60.2,normal
DEV030,temperature,愛知,2026-04-27 07:25:00,23.9,32.4,normal
DEV001,vibration,東京,2026-04-27 07:30:00,27.2,30.5,normal
DEV002,temperature,愛知,2026-04-27 07:30:00,27.3,57.9,N/A
DEV003,humidity,東京,2026-04-27 07:30:00,18.8,63.6,warning
DEV004,temperature,東京,2026-04-27 07:30:00,27.7,42.0,warning
DEV005,vibration,東京,2026-04-27 07:30:00,30.0,53.5,normal
DEV006,vibration,愛知,2026-04-27 07:30:00,22.9,43.0,normal
DEV007,vibration,東京,2026-04-27 07:30:00,28.8,35.7,normal
DEV008,vibration,大阪,2026-04-27 07:30:00,18.3,42.7,normal
DEV009,temperature,東京,2026-04-27 07:30:00,18.2,56.5,normal
DEV010,temperature,東京,2026-04-27 07:30:00,29.4,30.7,warning
DEV011,temperature,愛知,2026-04-27 07:30:00,22.0,N/A,normal
DEV012,vibration,東京,2026-04-27 07:30:00,28.0,41.1,normal
DEV013,vibration,東京,2026-04-27 07:30:00,26.7,67.9,normal
DEV014,vibration,愛知,2026-04-27 07:30:00,26.0,34.2,normal
DEV015,vibration,愛知,2026-04-27 07:30:00,25.3,50.8,warning
DEV016,humidity,東京,2026-04-27 07:30:00,23.0,N/A,normal
DEV017,humidity,愛知,2026-04-27 07:30:00,22.1,54.7,N/A
DEV018,humidity,東京,2026-04-27 07:30:00,19.6,59.0,normal
DEV019,temperature,愛知,2026-04-27 07:30:00,29.6,47.9,normal
DEV020,humidity,大阪,2026-04-27 07:30:00,29.3,66.4,normal
DEV021,humidity,東京,2026-04-27 07:30:00,28.8,41.2,normal
DEV022,temperature,大阪,2026-04-27 07:30:00,22.0,35.1,normal
DEV023,temperature,東京,2026-04-27 07:30:00,24.9,58.3,N/A
DEV024,humidity,東京,2026-04-27 07:30:00,27.8,48.8,normal
DEV025,humidity,大阪,2026-04-27 07:30:00,28.6,35.9,normal
DEV026,vibration,大阪,2026-04-27 07:30:00,23.9,65.6,normal
DEV027,temperature,愛知,2026-04-27 07:30:00,22.7,60.8,normal
DEV028,humidity,愛知,2026-04-27 07:30:00,27.3,38.9,normal
DEV029,temperature,大阪,2026-04-27 07:30:00,27.9,35.8,normal
DEV030,temperature,愛知,2026-04-27 07:30:00,23.8,65.3,normal
DEV001,vibration,東京,2026-04-27 07:35:00,25.8,53.9,normal
DEV002,temperature,愛知,2026-04-27 07:35:00,18.7,50.9,critical
DEV003,humidity,東京,2026-04-27 07:35:00,27.5,62.7,normal
DEV004,temperature,東京,2026-04-27 07:35:00,20.5,31.2,normal
DEV005,vibration,東京,2026-04-27 07:35:00,23.6,35.9,normal
DEV006,vibration,愛知,2026-04-27 07:35:00,25.1,34.3,normal
DEV007,vibration,東京,2026-04-27 07:35:00,20.4,41.4,N/A
DEV008,vibration,大阪,2026-04-27 07:35:00,29.5,64.7,critical
DEV009,temperature,東京,2026-04-27 07:35:00,19.7,45.0,normal
DEV010,temperature,東京,2026-04-27 07:35:00,25.8,43.1,normal
DEV011,temperature,愛知,2026-04-27 07:35:00,21.9,31.6,critical
DEV012,vibration,東京,2026-04-27 07:35:00,26.6,32.6,normal
DEV013,vibration,東京,2026-04-27 07:35:00,19.2,58.6,normal
DEV014,vibration,愛知,2026-04-27 07:35:00,29.7,46.5,normal
DEV015,vibration,愛知,2026-04-27 07:35:00,24.5,55.7,normal
DEV016,humidity,東京,2026-04-27 07:35:00,24.6,38.3,normal
DEV017,humidity,愛知,2026-04-27 07:35:00,28.9,39.6,critical
DEV018,humidity,東京,2026-04-27 07:35:00,,57.9,warning
DEV019,temperature,愛知,2026-04-27 07:35:00,999,39.3,normal
DEV020,humidity,大阪,2026-04-27 07:35:00,19.7,45.5,normal
DEV021,humidity,東京,2026-04-27 07:35:00,,49.7,normal
DEV022,temperature,大阪,2026-04-27 07:35:00,18.5,38.4,N/A
DEV023,temperature,東京,2026-04-27 07:35:00,22.2,65.3,critical
DEV024,humidity,東京,2026-04-27 07:35:00,20.0,51.4,N/A
DEV025,humidity,大阪,2026-04-27 07:35:00,24.7,36.4,normal
DEV026,vibration,大阪,2026-04-27 07:35:00,21.1,65.9,normal
DEV027,temperature,愛知,2026-04-27 07:35:00,21.4,N/A,N/A
DEV028,humidity,愛知,2026-04-27 07:35:00,26.1,38.2,normal
DEV029,temperature,大阪,2026-04-27 07:35:00,999,59.7,normal
DEV030,temperature,愛知,2026-04-27 07:35:00,24.8,63.3,normal
DEV001,vibration,東京,2026-04-27 07:40:00,27.8,32.2,normal
DEV002,temperature,愛知,2026-04-27 07:40:00,28.6,50.4,normal
DEV003,humidity,東京,2026-04-27 07:40:00,,64.4,normal
DEV004,temperature,東京,2026-04-27 07:40:00,26.6,48.3,normal
DEV005,vibration,東京,2026-04-27 07:40:00,20.0,52.4,normal
DEV006,vibration,愛知,2026-04-27 07:40:00,26.0,33.1,normal
DEV007,vibration,東京,2026-04-27 07:40:00,28.2,64.3,normal
DEV008,vibration,大阪,2026-04-27 07:40:00,21.6,52.7,normal
DEV009,temperature,東京,2026-04-27 07:40:00,22.4,68.8,normal
DEV010,temperature,東京,2026-04-27 07:40:00,23.0,N/A,normal
DEV011,temperature,愛知,2026-04-27 07:40:00,21.6,67.2,normal
DEV012,vibration,東京,2026-04-27 07:40:00,25.6,61.7,warning
DEV013,vibration,東京,2026-04-27 07:40:00,19.4,48.2,N/A
DEV014,vibration,愛知,2026-04-27 07:40:00,21.3,N/A,N/A
DEV015,vibration,愛知,2026-04-27 07:40:00,26.8,32.6,normal
DEV016,humidity,東京,2026-04-27 07:40:00,,63.2,normal
DEV017,humidity,愛知,2026-04-27 07:40:00,18.2,56.3,normal
DEV018,humidity,東京,2026-04-27 07:40:00,26.6,40.7,normal
DEV019,temperature,愛知,2026-04-27 07:40:00,20.3,62.4,normal
DEV020,humidity,大阪,2026-04-27 07:40:00,28.0,68.1,warning
DEV021,humidity,東京,2026-04-27 07:40:00,26.6,41.5,normal
DEV022,temperature,大阪,2026-04-27 07:40:00,23.5,36.6,normal
DEV023,temperature,東京,2026-04-27 07:40:00,24.5,55.6,normal
DEV024,humidity,東京,2026-04-27 07:40:00,22.8,43.9,normal
DEV025,humidity,大阪,2026-04-27 07:40:00,26.1,57.0,normal
DEV026,vibration,大阪,2026-04-27 07:40:00,23.2,65.4,normal
DEV027,temperature,愛知,2026-04-27 07:40:00,25.7,51.6,normal
DEV028,humidity,愛知,2026-04-27 07:40:00,22.1,69.3,normal
DEV029,temperature,大阪,2026-04-27 07:40:00,24.5,36.4,N/A
DEV030,temperature,愛知,2026-04-27 07:40:00,27.8,57.7,normal
DEV001,vibration,東京,2026-04-27 07:45:00,28.6,51.8,critical
DEV002,temperature,愛知,2026-04-27 07:45:00,18.0,56.6,normal
DEV003,humidity,東京,2026-04-27 07:45:00,26.2,49.6,normal
DEV004,temperature,東京,2026-04-27 07:45:00,27.6,45.8,normal
DEV005,vibration,東京,2026-04-27 07:45:00,22.2,60.1,normal
DEV006,vibration,愛知,2026-04-27 07:45:00,25.7,57.8,normal
DEV007,vibration,東京,2026-04-27 07:45:00,28.7,62.0,warning
DEV008,vibration,大阪,2026-04-27 07:45:00,18.9,39.7,normal
DEV009,temperature,東京,2026-04-27 07:45:00,20.5,68.1,normal
DEV010,temperature,東京,2026-04-27 07:45:00,,,normal
DEV011,temperature,愛知,2026-04-27 07:45:00,27.9,32.7,warning
DEV012,vibration,東京,2026-04-27 07:45:00,23.1,46.1,N/A
DEV013,vibration,東京,2026-04-27 07:45:00,22.7,47.1,N/A
DEV014,vibration,愛知,2026-04-27 07:45:00,25.6,57.2,normal
DEV015,vibration,愛知,2026-04-27 07:45:00,22.2,48.9,normal
DEV016,humidity,東京,2026-04-27 07:45:00,27.2,53.5,normal
DEV017,humidity,愛知,2026-04-27 07:45:00,26.2,45.2,warning
DEV018,humidity,東京,2026-04-27 07:45:00,19.0,33.7,normal
DEV019,temperature,愛知,2026-04-27 07:45:00,26.6,48.2,normal
DEV020,humidity,大阪,2026-04-27 07:45:00,29.8,,normal
DEV021,humidity,東京,2026-04-27 07:45:00,26.4,54.5,normal
DEV022,temperature,大阪,2026-04-27 07:45:00,,64.5,normal
DEV023,temperature,東京,2026-04-27 07:45:00,23.3,48.5,N/A
DEV024,humidity,東京,2026-04-27 07:45:00,29.1,31.9,N/A
DEV025,humidity,大阪,2026-04-27 07:45:00,24.2,48.1,normal
DEV026,vibration,大阪,2026-04-27 07:45:00,999,47.1,normal
DEV027,temperature,愛知,2026-04-27 07:45:00,18.9,40.0,normal
DEV028,humidity,愛知,2026-04-27 07:45:00,27.7,60.9,normal
DEV029,temperature,大阪,2026-04-27 07:45:00,20.7,53.3,warning
DEV030,temperature,愛知,2026-04-27 07:45:00,23.3,66.5,normal
DEV001,vibration,東京,2026-04-27 07:50:00,19.6,54.2,normal
DEV002,temperature,愛知,2026-04-27 07:50:00,22.4,30.8,critical
DEV003,humidity,東京,2026-04-27 07:50:00,22.4,46.7,normal
DEV004,temperature,東京,2026-04-27 07:50:00,24.7,32.6,normal
DEV005,vibration,東京,2026-04-27 07:50:00,26.0,50.3,normal
DEV006,vibration,愛知,2026-04-27 07:50:00,28.5,36.5,N/A
DEV007,vibration,東京,2026-04-27 07:50:00,20.4,51.8,critical
DEV008,vibration,大阪,2026-04-27 07:50:00,18.8,37.4,normal
DEV009,temperature,東京,2026-04-27 07:50:00,18.5,42.0,normal
DEV010,temperature,東京,2026-04-27 07:50:00,,61.5,normal
DEV011,temperature,愛知,2026-04-27 07:50:00,21.2,42.1,normal
DEV012,vibration,東京,2026-04-27 07:50:00,20.9,38.5,warning
DEV013,vibration,東京,2026-04-27 07:50:00,20.6,52.1,critical
DEV014,vibration,愛知,2026-04-27 07:50:00,18.9,64.3,normal
DEV015,vibration,愛知,2026-04-27 07:50:00,18.8,69.5,N/A
DEV016,humidity,東京,2026-04-27 07:50:00,25.5,55.0,normal
DEV017,humidity,愛知,2026-04-27 07:50:00,22.9,31.7,normal
DEV018,humidity,東京,2026-04-27 07:50:00,18.3,67.2,normal
DEV019,temperature,愛知,2026-04-27 07:50:00,28.0,66.3,warning
DEV020,humidity,大阪,2026-04-27 07:50:00,27.5,55.8,normal
DEV021,humidity,東京,2026-04-27 07:50:00,24.3,33.0,N/A
DEV022,temperature,大阪,2026-04-27 07:50:00,999,33.4,normal
DEV023,temperature,東京,2026-04-27 07:50:00,18.5,41.2,normal
DEV024,humidity,東京,2026-04-27 07:50:00,24.4,42.3,warning
DEV025,humidity,大阪,2026-04-27 07:50:00,22.6,57.5,critical
DEV026,vibration,大阪,2026-04-27 07:50:00,25.3,53.0,warning
DEV027,temperature,愛知,2026-04-27 07:50:00,26.3,51.3,N/A
DEV028,humidity,愛知,2026-04-27 07:50:00,21.0,40.9,normal
DEV029,temperature,大阪,2026-04-27 07:50:00,20.7,43.0,normal
DEV030,temperature,愛知,2026-04-27 07:50:00,22.2,63.0,critical
DEV001,vibration,東京,2026-04-27 07:55:00,21.3,56.8,normal
DEV002,temperature,愛知,2026-04-27 07:55:00,28.7,60.8,normal
DEV003,humidity,東京,2026-04-27 07:55:00,26.2,52.1,normal
DEV004,temperature,東京,2026-04-27 07:55:00,25.0,59.0,normal
DEV005,vibration,東京,2026-04-27 07:55:00,20.5,63.2,normal
DEV006,vibration,愛知,2026-04-27 07:55:00,27.7,45.7,normal
DEV007,vibration,東京,2026-04-27 07:55:00,23.5,40.2,normal
DEV008,vibration,大阪,2026-04-27 07:55:00,29.6,69.4,normal
DEV009,temperature,東京,2026-04-27 07:55:00,27.7,49.8,critical
DEV010,temperature,東京,2026-04-27 07:55:00,21.3,38.0,normal
DEV011,temperature,愛知,2026-04-27 07:55:00,25.5,34.3,normal
DEV012,vibration,東京,2026-04-27 07:55:00,19.4,44.5,normal
DEV013,vibration,東京,2026-04-27 07:55:00,999,34.3,critical
DEV014,vibration,愛知,2026-04-27 07:55:00,27.4,57.5,normal
DEV015,vibration,愛知,2026-04-27 07:55:00,999,32.4,normal
DEV016,humidity,東京,2026-04-27 07:55:00,25.5,47.2,normal
DEV017,humidity,愛知,2026-04-27 07:55:00,25.2,67.1,normal
DEV018,humidity,東京,2026-04-27 07:55:00,19.8,42.7,normal
DEV019,temperature,愛知,2026-04-27 07:55:00,29.6,51.7,normal
DEV020,humidity,大阪,2026-04-27 07:55:00,19.1,69.1,normal
DEV021,humidity,東京,2026-04-27 07:55:00,19.5,46.3,normal
DEV022,temperature,大阪,2026-04-27 07:55:00,20.0,38.8,normal
DEV023,temperature,東京,2026-04-27 07:55:00,,47.4,N/A
DEV024,humidity,東京,2026-04-27 07:55:00,23.4,63.9,normal
DEV025,humidity,大阪,2026-04-27 07:55:00,23.3,45.4,N/A
DEV026,vibration,大阪,2026-04-27 07:55:00,18.3,38.2,warning
DEV027,temperature,愛知,2026-04-27 07:55:00,28.5,30.8,critical
DEV028,humidity,愛知,2026-04-27 07:55:00,28.1,44.9,normal
DEV029,temperature,大阪,2026-04-27 07:55:00,26.4,61.5,normal
DEV030,temperature,愛知,2026-04-27 07:55:00,22.2,58.6,normal
DEV001,vibration,東京,2026-04-27 08:00:00,28.5,57.5,N/A
DEV002,temperature,愛知,2026-04-27 08:00:00,26.4,62.0,normal
DEV003,humidity,東京,2026-04-27 08:00:00,22.3,N/A,normal
DEV004,temperature,東京,2026-04-27 08:00:00,28.9,40.2,normal
DEV005,vibration,東京,2026-04-27 08:00:00,28.9,36.3,normal
DEV006,vibration,愛知,2026-04-27 08:00:00,25.7,62.4,normal
DEV007,vibration,東京,2026-04-27 08:00:00,22.4,33.6,normal
DEV008,vibration,大阪,2026-04-27 08:00:00,26.3,33.2,normal
DEV009,temperature,東京,2026-04-27 08:00:00,21.5,41.1,normal
DEV010,temperature,東京,2026-04-27 08:00:00,21.7,39.3,normal
DEV011,temperature,愛知,2026-04-27 08:00:00,24.9,64.9,normal
DEV012,vibration,東京,2026-04-27 08:00:00,23.6,36.7,normal
DEV013,vibration,東京,2026-04-27 08:00:00,20.3,32.7,normal
DEV014,vibration,愛知,2026-04-27 08:00:00,27.4,61.2,critical
DEV015,vibration,愛知,2026-04-27 08:00:00,26.7,67.3,normal
DEV016,humidity,東京,2026-04-27 08:00:00,21.9,40.9,normal
DEV017,humidity,愛知,2026-04-27 08:00:00,28.7,36.7,warning
DEV018,humidity,東京,2026-04-27 08:00:00,19.6,63.4,N/A
DEV019,temperature,愛知,2026-04-27 08:00:00,23.5,58.4,normal
DEV020,humidity,大阪,2026-04-27 08:00:00,25.3,,normal
DEV021,humidity,東京,2026-04-27 08:00:00,21.4,49.6,normal
DEV022,temperature,大阪,2026-04-27 08:00:00,26.7,48.7,critical
DEV023,temperature,東京,2026-04-27 08:00:00,25.3,60.0,normal
DEV024,humidity,東京,2026-04-27 08:00:00,22.9,50.0,normal
DEV025,humidity,大阪,2026-04-27 08:00:00,25.2,41.9,N/A
DEV026,vibration,大阪,2026-04-27 08:00:00,22.6,31.0,warning
DEV027,temperature,愛知,2026-04-27 08:00:00,18.2,55.5,normal
DEV028,humidity,愛知,2026-04-27 08:00:00,25.1,35.6,normal
DEV029,temperature,大阪,2026-04-27 08:00:00,19.7,66.1,normal
DEV030,temperature,愛知,2026-04-27 08:00:00,23.6,65.3,warning
DEV001,vibration,東京,2026-04-27 08:05:00,29.5,35.8,normal
DEV002,temperature,愛知,2026-04-27 08:05:00,18.6,45.5,normal
DEV003,humidity,東京,2026-04-27 08:05:00,21.5,52.1,normal
DEV004,temperature,東京,2026-04-27 08:05:00,28.4,44.1,normal
DEV005,vibration,東京,2026-04-27 08:05:00,24.1,N/A,normal
DEV006,vibration,愛知,2026-04-27 08:05:00,26.5,31.0,normal
DEV007,vibration,東京,2026-04-27 08:05:00,22.5,43.4,N/A
DEV008,vibration,大阪,2026-04-27 08:05:00,25.5,32.0,critical
DEV009,temperature,東京,2026-04-27 08:05:00,28.6,47.3,critical
DEV010,temperature,東京,2026-04-27 08:05:00,999,59.1,N/A
DEV011,temperature,愛知,2026-04-27 08:05:00,30.0,63.0,normal
DEV012,vibration,東京,2026-04-27 08:05:00,23.3,40.7,normal
DEV013,vibration,東京,2026-04-27 08:05:00,20.4,41.0,normal
DEV014,vibration,愛知,2026-04-27 08:05:00,999,68.1,normal
DEV015,vibration,愛知,2026-04-27 08:05:00,20.3,65.3,normal
DEV016,humidity,東京,2026-04-27 08:05:00,21.1,30.0,normal
DEV017,humidity,愛知,2026-04-27 08:05:00,18.4,61.5,normal
DEV018,humidity,東京,2026-04-27 08:05:00,29.8,49.7,normal
DEV019,temperature,愛知,2026-04-27 08:05:00,27.7,59.1,normal
DEV020,humidity,大阪,2026-04-27 08:05:00,29.5,52.3,normal
DEV021,humidity,東京,2026-04-27 08:05:00,21.9,57.3,N/A
DEV022,temperature,大阪,2026-04-27 08:05:00,21.3,65.9,normal
DEV023,temperature,東京,2026-04-27 08:05:00,23.2,67.6,normal
DEV024,humidity,東京,2026-04-27 08:05:00,26.7,68.1,normal
DEV025,humidity,大阪,2026-04-27 08:05:00,21.1,52.2,normal
DEV026,vibration,大阪,2026-04-27 08:05:00,21.0,67.0,critical
DEV027,temperature,愛知,2026-04-27 08:05:00,23.0,52.7,normal
DEV028,humidity,愛知,2026-04-27 08:05:00,19.9,67.1,normal
DEV029,temperature,大阪,2026-04-27 08:05:00,29.1,46.2,normal
DEV030,temperature,愛知,2026-04-27 08:05:00,23.7,,normal
DEV001,vibration,東京,2026-04-27 08:10:00,20.8,49.7,normal
DEV002,temperature,愛知,2026-04-27 08:10:00,22.9,41.5,N/A
DEV003,humidity,東京,2026-04-27 08:10:00,22.0,53.7,normal
DEV004,temperature,東京,2026-04-27 08:10:00,19.0,36.0,normal
DEV005,vibration,東京,2026-04-27 08:10:00,19.1,62.3,normal
DEV006,vibration,愛知,2026-04-27 08:10:00,18.0,35.3,normal
DEV007,vibration,東京,2026-04-27 08:10:00,29.0,56.6,normal
DEV008,vibration,大阪,2026-04-27 08:10:00,999,43.2,normal
DEV009,temperature,東京,2026-04-27 08:10:00,19.0,,normal
DEV010,temperature,東京,2026-04-27 08:10:00,20.3,45.6,warning
DEV011,temperature,愛知,2026-04-27 08:10:00,25.1,51.0,N/A
DEV012,vibration,東京,2026-04-27 08:10:00,18.8,40.4,critical
DEV013,vibration,東京,2026-04-27 08:10:00,25.3,31.3,normal
DEV014,vibration,愛知,2026-04-27 08:10:00,26.3,44.4,critical
DEV015,vibration,愛知,2026-04-27 08:10:00,25.8,46.7,normal
DEV016,humidity,東京,2026-04-27 08:10:00,28.2,38.4,warning
DEV017,humidity,愛知,2026-04-27 08:10:00,19.9,53.5,normal
DEV018,humidity,東京,2026-04-27 08:10:00,30.0,58.9,normal
DEV019,temperature,愛知,2026-04-27 08:10:00,26.3,58.7,normal
DEV020,humidity,大阪,2026-04-27 08:10:00,29.2,56.9,N/A
DEV021,humidity,東京,2026-04-27 08:10:00,26.5,56.2,normal
DEV022,temperature,大阪,2026-04-27 08:10:00,20.3,31.3,normal
DEV023,temperature,東京,2026-04-27 08:10:00,27.8,68.7,normal
DEV024,humidity,東京,2026-04-27 08:10:00,27.8,58.3,normal
DEV025,humidity,大阪,2026-04-27 08:10:00,27.0,37.4,normal
DEV026,vibration,大阪,2026-04-27 08:10:00,23.0,69.5,normal
DEV027,temperature,愛知,2026-04-27 08:10:00,999,50.5,warning
DEV028,humidity,愛知,2026-04-27 08:10:00,28.9,46.7,normal
DEV029,temperature,大阪,2026-04-27 08:10:00,26.5,44.9,normal
DEV030,temperature,愛知,2026-04-27 08:10:00,27.3,38.1,normal
DEV001,vibration,東京,2026-04-27 08:15:00,25.9,50.2,critical
DEV002,temperature,愛知,2026-04-27 08:15:00,24.3,67.1,normal
DEV003,humidity,東京,2026-04-27 08:15:00,29.4,48.2,N/A
DEV004,temperature,東京,2026-04-27 08:15:00,24.5,31.8,normal
DEV005,vibration,東京,2026-04-27 08:15:00,,68.6,normal
DEV006,vibration,愛知,2026-04-27 08:15:00,28.5,66.6,N/A
DEV007,vibration,東京,2026-04-27 08:15:00,29.1,38.9,normal
DEV008,vibration,大阪,2026-04-27 08:15:00,25.8,,normal
DEV009,temperature,東京,2026-04-27 08:15:00,25.0,30.2,normal
DEV010,temperature,東京,2026-04-27 08:15:00,999,48.0,normal
DEV011,temperature,愛知,2026-04-27 08:15:00,,,normal
DEV012,vibration,東京,2026-04-27 08:15:00,21.3,51.9,normal
DEV013,vibration,東京,2026-04-27 08:15:00,,59.3,normal
DEV014,vibration,愛知,2026-04-27 08:15:00,26.0,53.2,critical
DEV015,vibration,愛知,2026-04-27 08:15:00,21.5,39.4,normal
DEV016,humidity,東京,2026-04-27 08:15:00,21.9,38.0,normal
DEV017,humidity,愛知,2026-04-27 08:15:00,25.8,30.8,normal
DEV018,humidity,東京,2026-04-27 08:15:00,26.8,41.7,normal
DEV019,temperature,愛知,2026-04-27 08:15:00,28.9,36.6,normal
DEV020,humidity,大阪,2026-04-27 08:15:00,21.5,57.7,normal
DEV021,humidity,東京,2026-04-27 08:15:00,19.9,67.5,normal
DEV022,temperature,大阪,2026-04-27 08:15:00,27.2,40.8,normal
DEV023,temperature,東京,2026-04-27 08:15:00,23.4,60.6,critical
DEV024,humidity,東京,2026-04-27 08:15:00,19.5,41.1,normal
DEV025,humidity,大阪,2026-04-27 08:15:00,19.1,62.3,critical
DEV026,vibration,大阪,2026-04-27 08:15:00,26.7,54.8,normal
DEV027,temperature,愛知,2026-04-27 08:15:00,19.9,50.9,critical
DEV028,humidity,愛知,2026-04-27 08:15:00,29.9,44.1,normal
DEV029,temperature,大阪,2026-04-27 08:15:00,27.5,62.3,normal
DEV030,temperature,愛知,2026-04-27 08:15:00,20.3,60.9,normal
DEV001,vibration,東京,2026-04-27 08:20:00,26.9,67.4,warning
DEV002,temperature,愛知,2026-04-27 08:20:00,23.5,44.8,normal
DEV003,humidity,東京,2026-04-27 08:20:00,999,52.8,normal
DEV004,temperature,東京,2026-04-27 08:20:00,29.2,46.6,normal
DEV005,vibration,東京,2026-04-27 08:20:00,28.3,63.7,N/A
DEV006,vibration,愛知,2026-04-27 08:20:00,27.2,48.9,critical
DEV007,vibration,東京,2026-04-27 08:20:00,26.7,55.0,normal
DEV008,vibration,大阪,2026-04-27 08:20:00,25.7,51.5,normal
DEV009,temperature,東京,2026-04-27 08:20:00,28.3,42.0,normal
DEV010,temperature,東京,2026-04-27 08:20:00,27.8,41.2,normal
DEV011,temperature,愛知,2026-04-27 08:20:00,29.7,49.9,normal
DEV012,vibration,東京,2026-04-27 08:20:00,18.3,37.4,normal
DEV013,vibration,東京,2026-04-27 08:20:00,29.2,64.1,normal
DEV014,vibration,愛知,2026-04-27 08:20:00,29.7,42.7,normal
DEV015,vibration,愛知,2026-04-27 08:20:00,20.5,39.3,normal
DEV016,humidity,東京,2026-04-27 08:20:00,27.1,66.5,normal
DEV017,humidity,愛知,2026-04-27 08:20:00,24.6,57.6,normal
DEV018,humidity,東京,2026-04-27 08:20:00,25.9,46.1,normal
DEV019,temperature,愛知,2026-04-27 08:20:00,28.5,43.3,normal
DEV020,humidity,大阪,2026-04-27 08:20:00,19.1,30.2,warning
DEV021,humidity,東京,2026-04-27 08:20:00,999,46.2,normal
DEV022,temperature,大阪,2026-04-27 08:20:00,25.1,61.8,normal
DEV023,temperature,東京,2026-04-27 08:20:00,20.2,58.0,normal
DEV024,humidity,東京,2026-04-27 08:20:00,18.2,58.3,normal
DEV025,humidity,大阪,2026-04-27 08:20:00,27.9,39.5,normal
DEV026,vibration,大阪,2026-04-27 08:20:00,,40.9,normal
DEV027,temperature,愛知,2026-04-27 08:20:00,20.9,54.5,normal
DEV028,humidity,愛知,2026-04-27 08:20:00,24.3,46.2,N/A
DEV029,temperature,大阪,2026-04-27 08:20:00,24.9,54.7,normal
DEV030,temperature,愛知,2026-04-27 08:20:00,21.1,30.1,normal
DEV001,vibration,東京,2026-04-27 08:25:00,20.3,35.1,normal
DEV002,temperature,愛知,2026-04-27 08:25:00,25.0,40.0,normal
DEV003,humidity,東京,2026-04-27 08:25:00,21.0,,normal
DEV004,temperature,東京,2026-04-27 08:25:00,19.6,68.4,N/A
DEV005,vibration,東京,2026-04-27 08:25:00,,34.4,normal
DEV006,vibration,愛知,2026-04-27 08:25:00,22.1,35.9,normal
DEV007,vibration,東京,2026-04-27 08:25:00,21.9,56.4,normal
DEV008,vibration,大阪,2026-04-27 08:25:00,20.4,38.3,normal
DEV009,temperature,東京,2026-04-27 08:25:00,26.0,39.7,warning
DEV010,temperature,東京,2026-04-27 08:25:00,23.2,47.3,normal
DEV011,temperature,愛知,2026-04-27 08:25:00,28.7,48.3,normal
DEV012,vibration,東京,2026-04-27 08:25:00,19.3,41.3,normal
DEV013,vibration,東京,2026-04-27 08:25:00,18.2,51.2,N/A
DEV014,vibration,愛知,2026-04-27 08:25:00,21.6,38.0,normal
DEV015,vibration,愛知,2026-04-27 08:25:00,29.6,49.2,warning
DEV016,humidity,東京,2026-04-27 08:25:00,18.2,49.4,normal
DEV017,humidity,愛知,2026-04-27 08:25:00,24.6,35.8,normal
DEV018,humidity,東京,2026-04-27 08:25:00,24.3,40.9,critical
DEV019,temperature,愛知,2026-04-27 08:25:00,27.0,N/A,N/A
DEV020,humidity,大阪,2026-04-27 08:25:00,19.3,40.1,normal
DEV021,humidity,東京,2026-04-27 08:25:00,26.0,54.5,critical
DEV022,temperature,大阪,2026-04-27 08:25:00,25.5,30.1,normal
DEV023,temperature,東京,2026-04-27 08:25:00,26.3,52.7,normal
DEV024,humidity,東京,2026-04-27 08:25:00,20.2,58.8,normal
DEV025,humidity,大阪,2026-04-27 08:25:00,27.7,55.2,N/A
DEV026,vibration,大阪,2026-04-27 08:25:00,22.3,55.0,normal
DEV027,temperature,愛知,2026-04-27 08:25:00,28.3,60.4,critical
DEV028,humidity,愛知,2026-04-27 08:25:00,20.7,30.7,normal
DEV029,temperature,大阪,2026-04-27 08:25:00,28.8,64.7,normal
DEV030,temperature,愛知,2026-04-27 08:25:00,24.4,34.1,critical
DEV001,vibration,東京,2026-04-27 08:30:00,19.6,38.7,normal
DEV002,temperature,愛知,2026-04-27 08:30:00,999,N/A,N/A
DEV003,humidity,東京,2026-04-27 08:30:00,29.9,65.6,normal
DEV004,temperature,東京,2026-04-27 08:30:00,29.1,33.7,normal
DEV005,vibration,東京,2026-04-27 08:30:00,24.4,60.4,normal
DEV006,vibration,愛知,2026-04-27 08:30:00,21.3,60.3,normal
DEV007,vibration,東京,2026-04-27 08:30:00,23.9,61.8,normal
DEV008,vibration,大阪,2026-04-27 08:30:00,24.0,53.0,normal
DEV009,temperature,東京,2026-04-27 08:30:00,22.2,48.1,normal
DEV010,temperature,東京,2026-04-27 08:30:00,,55.1,normal
DEV011,temperature,愛知,2026-04-27 08:30:00,20.3,39.4,normal
DEV012,vibration,東京,2026-04-27 08:30:00,20.4,35.3,warning
DEV013,vibration,東京,2026-04-27 08:30:00,23.4,31.3,normal
DEV014,vibration,愛知,2026-04-27 08:30:00,27.1,63.4,normal
DEV015,vibration,愛知,2026-04-27 08:30:00,18.8,48.9,normal
DEV016,humidity,東京,2026-04-27 08:30:00,18.4,63.7,normal
DEV017,humidity,愛知,2026-04-27 08:30:00,27.2,36.1,normal
DEV018,humidity,東京,2026-04-27 08:30:00,26.4,58.5,critical
DEV019,temperature,愛知,2026-04-27 08:30:00,24.4,53.7,N/A
DEV020,humidity,大阪,2026-04-27 08:30:00,28.6,69.9,critical
DEV021,humidity,東京,2026-04-27 08:30:00,20.6,36.9,warning
DEV022,temperature,大阪,2026-04-27 08:30:00,21.1,59.3,normal
DEV023,temperature,東京,2026-04-27 08:30:00,21.5,48.6,normal
DEV024,humidity,東京,2026-04-27 08:30:00,19.4,66.0,normal
DEV025,humidity,大阪,2026-04-27 08:30:00,24.4,52.4,normal
DEV026,vibration,大阪,2026-04-27 08:30:00,25.0,35.4,critical
DEV027,temperature,愛知,2026-04-27 08:30:00,28.5,39.6,normal
DEV028,humidity,愛知,2026-04-27 08:30:00,25.3,39.7,critical
DEV029,temperature,大阪,2026-04-27 08:30:00,24.3,40.4,critical
DEV030,temperature,愛知,2026-04-27 08:30:00,20.1,64.0,normal
DEV001,vibration,東京,2026-04-27 08:35:00,27.5,33.6,normal
DEV002,temperature,愛知,2026-04-27 08:35:00,18.9,51.9,normal
DEV003,humidity,東京,2026-04-27 08:35:00,26.2,43.5,normal
DEV004,temperature,東京,2026-04-27 08:35:00,27.4,57.6,normal
DEV005,vibration,東京,2026-04-27 08:35:00,20.0,55.5,normal
DEV006,vibration,愛知,2026-04-27 08:35:00,20.3,33.9,critical
DEV007,vibration,東京,2026-04-27 08:35:00,18.7,68.7,normal
DEV008,vibration,大阪,2026-04-27 08:35:00,29.9,56.9,critical
DEV009,temperature,東京,2026-04-27 08:35:00,27.0,33.4,normal
DEV010,temperature,東京,2026-04-27 08:35:00,24.9,49.6,normal
DEV011,temperature,愛知,2026-04-27 08:35:00,27.9,54.9,normal
DEV012,vibration,東京,2026-04-27 08:35:00,23.6,48.7,normal
DEV013,vibration,東京,2026-04-27 08:35:00,18.0,39.8,normal
DEV014,vibration,愛知,2026-04-27 08:35:00,19.1,41.0,normal
DEV015,vibration,愛知,2026-04-27 08:35:00,24.8,36.0,normal
DEV016,humidity,東京,2026-04-27 08:35:00,29.9,32.0,normal
DEV017,humidity,愛知,2026-04-27 08:35:00,27.4,31.7,normal
DEV018,humidity,東京,2026-04-27 08:35:00,18.6,46.4,N/A
DEV019,temperature,愛知,2026-04-27 08:35:00,25.4,30.7,N/A
DEV020,humidity,大阪,2026-04-27 08:35:00,29.4,51.0,normal
DEV021,humidity,東京,2026-04-27 08:35:00,21.2,,normal
DEV022,temperature,大阪,2026-04-27 08:35:00,21.0,65.6,critical
DEV023,temperature,東京,2026-04-27 08:35:00,21.1,68.5,normal
DEV024,humidity,東京,2026-04-27 08:35:00,23.7,40.0,normal
DEV025,humidity,大阪,2026-04-27 08:35:00,27.2,32.6,normal
DEV026,vibration,大阪,2026-04-27 08:35:00,26.1,46.0,normal
DEV027,temperature,愛知,2026-04-27 08:35:00,24.3,56.7,normal
DEV028,humidity,愛知,2026-04-27 08:35:00,19.9,46.8,normal
DEV029,temperature,大阪,2026-04-27 08:35:00,26.7,38.6,normal
DEV030,temperature,愛知,2026-04-27 08:35:00,21.0,31.6,normal
DEV001,vibration,東京,2026-04-27 08:40:00,29.8,44.2,normal
DEV002,temperature,愛知,2026-04-27 08:40:00,28.4,,normal
DEV003,humidity,東京,2026-04-27 08:40:00,26.7,51.7,normal
DEV004,temperature,東京,2026-04-27 08:40:00,29.5,30.9,normal
DEV005,vibration,東京,2026-04-27 08:40:00,21.7,64.5,critical
DEV006,vibration,愛知,2026-04-27 08:40:00,27.8,66.7,normal
DEV007,vibration,東京,2026-04-27 08:40:00,22.4,50.0,normal
DEV008,vibration,大阪,2026-04-27 08:40:00,21.3,35.4,N/A
DEV009,temperature,東京,2026-04-27 08:40:00,18.7,31.5,normal
DEV010,temperature,東京,2026-04-27 08:40:00,21.5,38.6,normal
DEV011,temperature,愛知,2026-04-27 08:40:00,24.3,65.3,normal
DEV012,vibration,東京,2026-04-27 08:40:00,20.7,34.1,normal
DEV013,vibration,東京,2026-04-27 08:40:00,23.5,65.1,normal
DEV014,vibration,愛知,2026-04-27 08:40:00,25.3,53.7,normal
DEV015,vibration,愛知,2026-04-27 08:40:00,19.6,70.0,normal
DEV016,humidity,東京,2026-04-27 08:40:00,28.3,68.2,N/A
DEV017,humidity,愛知,2026-04-27 08:40:00,24.0,69.7,normal
DEV018,humidity,東京,2026-04-27 08:40:00,24.0,52.1,critical
DEV019,temperature,愛知,2026-04-27 08:40:00,18.1,62.8,normal
DEV020,humidity,大阪,2026-04-27 08:40:00,22.0,52.0,N/A
DEV021,humidity,東京,2026-04-27 08:40:00,18.2,43.4,warning
DEV022,temperature,大阪,2026-04-27 08:40:00,21.4,34.8,normal
DEV023,temperature,東京,2026-04-27 08:40:00,28.6,45.7,N/A
DEV024,humidity,東京,2026-04-27 08:40:00,19.6,42.4,normal
DEV025,humidity,大阪,2026-04-27 08:40:00,28.5,53.0,normal
DEV026,vibration,大阪,2026-04-27 08:40:00,20.7,49.1,normal
DEV027,temperature,愛知,2026-04-27 08:40:00,27.1,36.8,normal
DEV028,humidity,愛知,2026-04-27 08:40:00,25.3,32.9,warning
DEV029,temperature,大阪,2026-04-27 08:40:00,22.1,40.2,normal
DEV030,temperature,愛知,2026-04-27 08:40:00,28.3,50.8,normal
DEV001,vibration,東京,2026-04-27 08:45:00,18.5,30.9,normal
DEV002,temperature,愛知,2026-04-27 08:45:00,29.2,68.7,normal
DEV003,humidity,東京,2026-04-27 08:45:00,19.2,47.1,normal
DEV004,temperature,東京,2026-04-27 08:45:00,29.3,32.2,normal
DEV005,vibration,東京,2026-04-27 08:45:00,22.8,62.7,normal
DEV006,vibration,愛知,2026-04-27 08:45:00,26.2,67.6,normal
DEV007,vibration,東京,2026-04-27 08:45:00,20.1,65.9,normal
DEV008,vibration,大阪,2026-04-27 08:45:00,23.2,47.4,normal
DEV009,temperature,東京,2026-04-27 08:45:00,28.2,52.5,normal
DEV010,temperature,東京,2026-04-27 08:45:00,29.8,41.6,normal
DEV011,temperature,愛知,2026-04-27 08:45:00,21.6,61.8,warning
DEV012,vibration,東京,2026-04-27 08:45:00,22.1,64.5,critical
DEV013,vibration,東京,2026-04-27 08:45:00,24.3,38.5,normal
DEV014,vibration,愛知,2026-04-27 08:45:00,19.5,44.8,normal
DEV015,vibration,愛知,2026-04-27 08:45:00,18.6,52.6,normal
DEV016,humidity,東京,2026-04-27 08:45:00,21.4,30.6,warning
DEV017,humidity,愛知,2026-04-27 08:45:00,25.0,60.2,N/A
DEV018,humidity,東京,2026-04-27 08:45:00,25.5,52.9,normal
DEV019,temperature,愛知,2026-04-27 08:45:00,25.9,55.7,N/A
DEV020,humidity,大阪,2026-04-27 08:45:00,26.1,64.2,normal
DEV021,humidity,東京,2026-04-27 08:45:00,21.5,44.6,normal
DEV022,temperature,大阪,2026-04-27 08:45:00,24.8,52.6,normal
DEV023,temperature,東京,2026-04-27 08:45:00,,42.4,N/A
DEV024,humidity,東京,2026-04-27 08:45:00,28.3,65.6,normal
DEV025,humidity,大阪,2026-04-27 08:45:00,27.4,41.8,normal
DEV026,vibration,大阪,2026-04-27 08:45:00,23.2,68.4,normal
DEV027,temperature,愛知,2026-04-27 08:45:00,26.4,48.9,normal
DEV028,humidity,愛知,2026-04-27 08:45:00,23.5,65.7,warning
DEV029,temperature,大阪,2026-04-27 08:45:00,20.6,69.8,normal
DEV030,temperature,愛知,2026-04-27 08:45:00,20.6,54.1,normal
DEV001,vibration,東京,2026-04-27 08:50:00,28.8,56.3,critical
DEV002,temperature,愛知,2026-04-27 08:50:00,28.0,63.1,normal
DEV003,humidity,東京,2026-04-27 08:50:00,28.6,35.7,N/A
DEV004,temperature,東京,2026-04-27 08:50:00,22.1,64.0,normal
DEV005,vibration,東京,2026-04-27 08:50:00,27.2,35.9,normal
DEV006,vibration,愛知,2026-04-27 08:50:00,24.6,43.8,normal
DEV007,vibration,東京,2026-04-27 08:50:00,20.6,62.3,normal
DEV008,vibration,大阪,2026-04-27 08:50:00,26.2,37.6,critical
DEV009,temperature,東京,2026-04-27 08:50:00,22.0,34.8,normal
DEV010,temperature,東京,2026-04-27 08:50:00,22.8,53.5,normal
DEV011,temperature,愛知,2026-04-27 08:50:00,21.3,64.2,normal
DEV012,vibration,東京,2026-04-27 08:50:00,20.7,N/A,critical
DEV013,vibration,東京,2026-04-27 08:50:00,22.7,32.5,normal
DEV014,vibration,愛知,2026-04-27 08:50:00,29.8,38.1,normal
DEV015,vibration,愛知,2026-04-27 08:50:00,27.8,68.8,normal
DEV016,humidity,東京,2026-04-27 08:50:00,999,51.1,N/A
DEV017,humidity,愛知,2026-04-27 08:50:00,19.0,32.9,normal
DEV018,humidity,東京,2026-04-27 08:50:00,22.9,55.2,normal
DEV019,temperature,愛知,2026-04-27 08:50:00,29.4,55.1,normal
DEV020,humidity,大阪,2026-04-27 08:50:00,20.6,30.7,warning
DEV021,humidity,東京,2026-04-27 08:50:00,25.2,32.3,warning
DEV022,temperature,大阪,2026-04-27 08:50:00,26.7,46.5,normal
DEV023,temperature,東京,2026-04-27 08:50:00,22.1,33.7,warning
DEV024,humidity,東京,2026-04-27 08:50:00,27.9,66.9,normal
DEV025,humidity,大阪,2026-04-27 08:50:00,29.2,61.1,normal
DEV026,vibration,大阪,2026-04-27 08:50:00,24.3,32.7,normal
DEV027,temperature,愛知,2026-04-27 08:50:00,23.4,35.3,normal
DEV028,humidity,愛知,2026-04-27 08:50:00,29.2,66.6,normal
DEV029,temperature,大阪,2026-04-27 08:50:00,24.5,30.4,normal
DEV030,temperature,愛知,2026-04-27 08:50:00,18.9,45.2,normal
DEV001,vibration,東京,2026-04-27 08:55:00,20.9,56.8,normal
DEV002,temperature,愛知,2026-04-27 08:55:00,24.6,45.0,normal
DEV003,humidity,東京,2026-04-27 08:55:00,18.9,41.9,normal
DEV004,temperature,東京,2026-04-27 08:55:00,26.7,53.2,normal
DEV005,vibration,東京,2026-04-27 08:55:00,22.7,68.9,normal
DEV006,vibration,愛知,2026-04-27 08:55:00,21.4,48.1,normal
DEV007,vibration,東京,2026-04-27 08:55:00,22.8,67.1,warning
DEV008,vibration,大阪,2026-04-27 08:55:00,24.0,66.6,normal
DEV009,temperature,東京,2026-04-27 08:55:00,,33.7,warning
DEV010,temperature,東京,2026-04-27 08:55:00,25.1,34.1,normal
DEV011,temperature,愛知,2026-04-27 08:55:00,29.2,52.9,normal
DEV012,vibration,東京,2026-04-27 08:55:00,23.9,54.3,normal
DEV013,vibration,東京,2026-04-27 08:55:00,28.4,62.9,normal
DEV014,vibration,愛知,2026-04-27 08:55:00,28.2,57.3,normal
DEV015,vibration,愛知,2026-04-27 08:55:00,22.1,48.0,normal
DEV016,humidity,東京,2026-04-27 08:55:00,26.4,55.5,normal
DEV017,humidity,愛知,2026-04-27 08:55:00,29.9,58.0,normal
DEV018,humidity,東京,2026-04-27 08:55:00,24.0,50.7,normal
DEV019,temperature,愛知,2026-04-27 08:55:00,18.2,45.0,normal
DEV020,humidity,大阪,2026-04-27 08:55:00,28.1,55.2,normal
DEV021,humidity,東京,2026-04-27 08:55:00,19.0,64.9,normal
DEV022,temperature,大阪,2026-04-27 08:55:00,,69.6,normal
DEV023,temperature,東京,2026-04-27 08:55:00,22.9,32.9,normal
DEV024,humidity,東京,2026-04-27 08:55:00,24.8,45.9,warning
DEV025,humidity,大阪,2026-04-27 08:55:00,29.5,51.4,normal
DEV026,vibration,大阪,2026-04-27 08:55:00,25.5,61.3,normal
DEV027,temperature,愛知,2026-04-27 08:55:00,19.5,64.0,normal
DEV028,humidity,愛知,2026-04-27 08:55:00,26.3,63.7,normal
DEV029,temperature,大阪,2026-04-27 08:55:00,25.2,50.3,normal
DEV030,temperature,愛知,2026-04-27 08:55:00,21.6,63.8,N/A
DEV001,vibration,東京,2026-04-27 09:00:00,25.6,41.3,warning
DEV002,temperature,愛知,2026-04-27 09:00:00,24.1,60.0,normal
DEV003,humidity,東京,2026-04-27 09:00:00,23.3,37.2,critical
DEV004,temperature,東京,2026-04-27 09:00:00,22.7,60.8,normal
DEV005,vibration,東京,2026-04-27 09:00:00,,41.0,normal
DEV006,vibration,愛知,2026-04-27 09:00:00,18.8,68.9,warning
DEV007,vibration,東京,2026-04-27 09:00:00,23.9,64.3,N/A
DEV008,vibration,大阪,2026-04-27 09:00:00,24.1,36.2,normal
DEV009,temperature,東京,2026-04-27 09:00:00,24.9,60.0,critical
DEV010,temperature,東京,2026-04-27 09:00:00,24.3,37.4,normal
DEV011,temperature,愛知,2026-04-27 09:00:00,26.3,56.5,normal
DEV012,vibration,東京,2026-04-27 09:00:00,22.7,43.3,warning
DEV013,vibration,東京,2026-04-27 09:00:00,18.4,41.2,critical
DEV014,vibration,愛知,2026-04-27 09:00:00,27.0,40.7,normal
DEV015,vibration,愛知,2026-04-27 09:00:00,22.7,37.8,normal
DEV016,humidity,東京,2026-04-27 09:00:00,25.3,39.9,normal
DEV017,humidity,愛知,2026-04-27 09:00:00,26.9,61.6,normal
DEV018,humidity,東京,2026-04-27 09:00:00,20.3,67.0,normal
DEV019,temperature,愛知,2026-04-27 09:00:00,20.0,57.2,normal
DEV020,humidity,大阪,2026-04-27 09:00:00,27.1,67.3,normal
DEV021,humidity,東京,2026-04-27 09:00:00,22.1,53.0,normal
DEV022,temperature,大阪,2026-04-27 09:00:00,20.7,43.7,N/A
DEV023,temperature,東京,2026-04-27 09:00:00,22.4,69.7,critical
DEV024,humidity,東京,2026-04-27 09:00:00,26.5,31.0,warning
DEV025,humidity,大阪,2026-04-27 09:00:00,29.5,52.3,normal
DEV026,vibration,大阪,2026-04-27 09:00:00,27.1,41.5,normal
DEV027,temperature,愛知,2026-04-27 09:00:00,20.3,34.8,critical
DEV028,humidity,愛知,2026-04-27 09:00:00,18.9,66.6,N/A
DEV029,temperature,大阪,2026-04-27 09:00:00,18.6,58.2,N/A
DEV030,temperature,愛知,2026-04-27 09:00:00,27.5,44.6,normal
DEV001,vibration,東京,2026-04-27 09:05:00,21.9,43.1,normal
DEV002,temperature,愛知,2026-04-27 09:05:00,20.6,54.8,normal
DEV003,humidity,東京,2026-04-27 09:05:00,23.7,51.0,normal
DEV004,temperature,東京,2026-04-27 09:05:00,23.4,30.6,N/A
DEV005,vibration,東京,2026-04-27 09:05:00,28.2,55.7,normal
DEV006,vibration,愛知,2026-04-27 09:05:00,27.2,61.1,normal
DEV007,vibration,東京,2026-04-27 09:05:00,25.4,34.9,N/A
DEV008,vibration,大阪,2026-04-27 09:05:00,24.7,63.4,warning
DEV009,temperature,東京,2026-04-27 09:05:00,,39.4,critical
DEV010,temperature,東京,2026-04-27 09:05:00,28.3,36.5,normal
DEV011,temperature,愛知,2026-04-27 09:05:00,24.7,61.0,normal
DEV012,vibration,東京,2026-04-27 09:05:00,21.9,50.3,warning
DEV013,vibration,東京,2026-04-27 09:05:00,21.4,35.5,normal
DEV014,vibration,愛知,2026-04-27 09:05:00,29.8,41.2,normal
DEV015,vibration,愛知,2026-04-27 09:05:00,23.1,64.7,N/A
DEV016,humidity,東京,2026-04-27 09:05:00,24.0,54.6,normal
DEV017,humidity,愛知,2026-04-27 09:05:00,27.7,43.3,normal
DEV018,humidity,東京,2026-04-27 09:05:00,18.1,,normal
DEV019,temperature,愛知,2026-04-27 09:05:00,22.5,55.9,normal
DEV020,humidity,大阪,2026-04-27 09:05:00,20.8,63.0,normal
DEV021,humidity,東京,2026-04-27 09:05:00,28.4,30.2,normal
DEV022,temperature,大阪,2026-04-27 09:05:00,24.3,47.0,normal
DEV023,temperature,東京,2026-04-27 09:05:00,21.4,50.8,N/A
DEV024,humidity,東京,2026-04-27 09:05:00,25.0,49.6,warning
DEV025,humidity,大阪,2026-04-27 09:05:00,26.3,46.9,warning
DEV026,vibration,大阪,2026-04-27 09:05:00,21.5,59.9,normal
DEV027,temperature,愛知,2026-04-27 09:05:00,24.2,36.7,normal
DEV028,humidity,愛知,2026-04-27 09:05:00,29.4,38.7,normal
DEV029,temperature,大阪,2026-04-27 09:05:00,27.7,35.3,normal
DEV030,temperature,愛知,2026-04-27 09:05:00,25.3,55.8,normal
DEV001,vibration,東京,2026-04-27 09:10:00,18.7,65.4,critical
DEV002,temperature,愛知,2026-04-27 09:10:00,21.1,58.7,warning
DEV003,humidity,東京,2026-04-27 09:10:00,24.4,46.2,normal
DEV004,temperature,東京,2026-04-27 09:10:00,20.1,44.0,warning
DEV005,vibration,東京,2026-04-27 09:10:00,27.0,55.1,warning
DEV006,vibration,愛知,2026-04-27 09:10:00,19.9,31.3,normal
DEV007,vibration,東京,2026-04-27 09:10:00,24.1,56.8,warning
DEV008,vibration,大阪,2026-04-27 09:10:00,25.9,34.1,normal
DEV009,temperature,東京,2026-04-27 09:10:00,20.2,34.8,warning
DEV010,temperature,東京,2026-04-27 09:10:00,23.5,47.7,normal
DEV011,temperature,愛知,2026-04-27 09:10:00,25.9,68.3,normal
DEV012,vibration,東京,2026-04-27 09:10:00,20.1,52.7,N/A
DEV013,vibration,東京,2026-04-27 09:10:00,22.9,34.0,normal
DEV014,vibration,愛知,2026-04-27 09:10:00,25.9,55.6,normal
DEV015,vibration,愛知,2026-04-27 09:10:00,19.7,43.0,normal
DEV016,humidity,東京,2026-04-27 09:10:00,20.9,65.8,normal
DEV017,humidity,愛知,2026-04-27 09:10:00,29.3,34.9,warning
DEV018,humidity,東京,2026-04-27 09:10:00,28.6,62.3,normal
DEV019,temperature,愛知,2026-04-27 09:10:00,18.2,64.6,N/A
DEV020,humidity,大阪,2026-04-27 09:10:00,27.3,59.0,normal
DEV021,humidity,東京,2026-04-27 09:10:00,25.2,53.3,normal
DEV022,temperature,大阪,2026-04-27 09:10:00,20.1,32.2,normal
DEV023,temperature,東京,2026-04-27 09:10:00,25.2,66.4,normal
DEV024,humidity,東京,2026-04-27 09:10:00,26.5,35.5,critical
DEV025,humidity,大阪,2026-04-27 09:10:00,24.2,31.1,normal
DEV026,vibration,大阪,2026-04-27 09:10:00,22.4,59.0,normal
DEV027,temperature,愛知,2026-04-27 09:10:00,20.1,40.6,critical
DEV028,humidity,愛知,2026-04-27 09:10:00,27.7,48.6,critical
DEV029,temperature,大阪,2026-04-27 09:10:00,24.8,38.4,normal
DEV030,temperature,愛知,2026-04-27 09:10:00,22.3,51.4,normal
DEV001,vibration,東京,2026-04-27 09:15:00,29.1,62.5,normal
DEV002,temperature,愛知,2026-04-27 09:15:00,21.3,66.9,normal
DEV003,humidity,東京,2026-04-27 09:15:00,28.3,34.4,normal
DEV004,temperature,東京,2026-04-27 09:15:00,28.5,64.9,N/A
DEV005,vibration,東京,2026-04-27 09:15:00,28.4,N/A,normal
DEV006,vibration,愛知,2026-04-27 09:15:00,20.0,67.7,normal
DEV007,vibration,東京,2026-04-27 09:15:00,19.1,41.1,critical
DEV008,vibration,大阪,2026-04-27 09:15:00,25.3,30.2,normal
DEV009,temperature,東京,2026-04-27 09:15:00,19.0,50.0,N/A
DEV010,temperature,東京,2026-04-27 09:15:00,19.7,,normal
DEV011,temperature,愛知,2026-04-27 09:15:00,19.4,64.7,warning
DEV012,vibration,東京,2026-04-27 09:15:00,27.0,34.6,normal
DEV013,vibration,東京,2026-04-27 09:15:00,22.6,66.5,normal
DEV014,vibration,愛知,2026-04-27 09:15:00,26.7,58.9,critical
DEV015,vibration,愛知,2026-04-27 09:15:00,29.2,54.9,normal
DEV016,humidity,東京,2026-04-27 09:15:00,999,47.3,normal
DEV017,humidity,愛知,2026-04-27 09:15:00,18.2,56.0,normal
DEV018,humidity,東京,2026-04-27 09:15:00,19.2,41.3,normal
DEV019,temperature,愛知,2026-04-27 09:15:00,18.3,45.8,critical
DEV020,humidity,大阪,2026-04-27 09:15:00,22.0,N/A,normal
DEV021,humidity,東京,2026-04-27 09:15:00,19.8,35.2,N/A
DEV022,temperature,大阪,2026-04-27 09:15:00,28.2,44.0,normal
DEV023,temperature,東京,2026-04-27 09:15:00,18.8,56.2,normal
DEV024,humidity,東京,2026-04-27 09:15:00,24.8,61.2,N/A
DEV025,humidity,大阪,2026-04-27 09:15:00,18.2,68.8,normal
DEV026,vibration,大阪,2026-04-27 09:15:00,20.3,52.0,critical
DEV027,temperature,愛知,2026-04-27 09:15:00,21.7,38.5,normal
DEV028,humidity,愛知,2026-04-27 09:15:00,18.9,36.2,normal
DEV029,temperature,大阪,2026-04-27 09:15:00,29.2,44.5,normal
DEV030,temperature,愛知,2026-04-27 09:15:00,24.7,36.7,N/A
DEV001,vibration,東京,2026-04-27 09:20:00,26.6,47.2,N/A
DEV002,temperature,愛知,2026-04-27 09:20:00,,35.1,normal
DEV003,humidity,東京,2026-04-27 09:20:00,29.3,42.8,normal
DEV004,temperature,東京,2026-04-27 09:20:00,26.2,38.9,normal
DEV005,vibration,東京,2026-04-27 09:20:00,999,30.7,normal
DEV006,vibration,愛知,2026-04-27 09:20:00,22.9,66.6,warning
DEV007,vibration,東京,2026-04-27 09:20:00,28.7,32.6,warning
DEV008,vibration,大阪,2026-04-27 09:20:00,27.3,41.4,normal
DEV009,temperature,東京,2026-04-27 09:20:00,21.0,35.5,normal
DEV010,temperature,東京,2026-04-27 09:20:00,18.0,,normal
DEV011,temperature,愛知,2026-04-27 09:20:00,27.6,31.5,normal
DEV012,vibration,東京,2026-04-27 09:20:00,26.8,39.2,warning
DEV013,vibration,東京,2026-04-27 09:20:00,27.2,36.5,critical
DEV014,vibration,愛知,2026-04-27 09:20:00,999,N/A,normal
DEV015,vibration,愛知,2026-04-27 09:20:00,26.0,35.9,normal
DEV016,humidity,東京,2026-04-27 09:20:00,19.3,32.4,normal
DEV017,humidity,愛知,2026-04-27 09:20:00,18.5,39.9,warning
DEV018,humidity,東京,2026-04-27 09:20:00,22.0,62.5,normal
DEV019,temperature,愛知,2026-04-27 09:20:00,24.4,42.0,normal
DEV020,humidity,大阪,2026-04-27 09:20:00,26.4,N/A,N/A
DEV021,humidity,東京,2026-04-27 09:20:00,22.2,57.1,warning
DEV022,temperature,大阪,2026-04-27 09:20:00,23.2,31.2,normal
DEV023,temperature,東京,2026-04-27 09:20:00,22.0,62.1,normal
DEV024,humidity,東京,2026-04-27 09:20:00,19.9,67.5,normal
DEV025,humidity,大阪,2026-04-27 09:20:00,28.7,36.0,normal
DEV026,vibration,大阪,2026-04-27 09:20:00,24.3,58.0,warning
DEV027,temperature,愛知,2026-04-27 09:20:00,,40.6,normal
DEV028,humidity,愛知,2026-04-27 09:20:00,21.7,53.6,normal
DEV029,temperature,大阪,2026-04-27 09:20:00,18.6,56.7,normal
DEV030,temperature,愛知,2026-04-27 09:20:00,18.4,40.5,normal
DEV001,vibration,東京,2026-04-27 09:25:00,29.3,58.6,normal
DEV002,temperature,愛知,2026-04-27 09:25:00,21.8,58.3,normal
DEV003,humidity,東京,2026-04-27 09:25:00,18.5,50.1,N/A
DEV004,temperature,東京,2026-04-27 09:25:00,28.0,67.2,normal
DEV005,vibration,東京,2026-04-27 09:25:00,24.4,38.9,normal
DEV006,vibration,愛知,2026-04-27 09:25:00,25.1,62.5,normal
DEV007,vibration,東京,2026-04-27 09:25:00,27.0,66.3,normal
DEV008,vibration,大阪,2026-04-27 09:25:00,23.8,49.4,N/A
DEV009,temperature,東京,2026-04-27 09:25:00,20.8,42.9,normal
DEV010,temperature,東京,2026-04-27 09:25:00,26.3,53.6,normal
DEV011,temperature,愛知,2026-04-27 09:25:00,28.9,47.8,normal
DEV012,vibration,東京,2026-04-27 09:25:00,27.9,65.3,normal
DEV013,vibration,東京,2026-04-27 09:25:00,,50.6,critical
DEV014,vibration,愛知,2026-04-27 09:25:00,19.3,63.6,normal
DEV015,vibration,愛知,2026-04-27 09:25:00,25.9,64.0,critical
DEV016,humidity,東京,2026-04-27 09:25:00,27.6,57.4,N/A
DEV017,humidity,愛知,2026-04-27 09:25:00,25.1,61.2,warning
DEV018,humidity,東京,2026-04-27 09:25:00,28.8,47.8,normal
DEV019,temperature,愛知,2026-04-27 09:25:00,24.5,68.6,critical
DEV020,humidity,大阪,2026-04-27 09:25:00,999,32.8,critical
DEV021,humidity,東京,2026-04-27 09:25:00,28.7,35.5,normal
DEV022,temperature,大阪,2026-04-27 09:25:00,28.6,50.5,normal
DEV023,temperature,東京,2026-04-27 09:25:00,23.3,47.5,normal
DEV024,humidity,東京,2026-04-27 09:25:00,18.7,N/A,critical
DEV025,humidity,大阪,2026-04-27 09:25:00,999,48.9,normal
DEV026,vibration,大阪,2026-04-27 09:25:00,20.2,52.5,normal
DEV027,temperature,愛知,2026-04-27 09:25:00,19.1,33.4,normal
DEV028,humidity,愛知,2026-04-27 09:25:00,24.0,40.8,normal
DEV029,temperature,大阪,2026-04-27 09:25:00,23.1,36.0,normal
DEV030,temperature,愛知,2026-04-27 09:25:00,30.0,49.1,normal
DEV001,vibration,東京,2026-04-27 09:30:00,25.1,34.7,normal
DEV002,temperature,愛知,2026-04-27 09:30:00,23.1,31.8,critical
DEV003,humidity,東京,2026-04-27 09:30:00,20.1,65.8,critical
DEV004,temperature,東京,2026-04-27 09:30:00,22.0,34.3,warning
DEV005,vibration,東京,2026-04-27 09:30:00,28.3,55.6,normal
DEV006,vibration,愛知,2026-04-27 09:30:00,18.5,46.9,normal
DEV007,vibration,東京,2026-04-27 09:30:00,22.5,58.8,N/A
DEV008,vibration,大阪,2026-04-27 09:30:00,21.2,36.1,warning
DEV009,temperature,東京,2026-04-27 09:30:00,,34.1,normal
DEV010,temperature,東京,2026-04-27 09:30:00,29.2,39.7,normal
DEV011,temperature,愛知,2026-04-27 09:30:00,24.6,N/A,N/A
DEV012,vibration,東京,2026-04-27 09:30:00,27.3,46.0,critical
DEV013,vibration,東京,2026-04-27 09:30:00,18.5,69.4,normal
DEV014,vibration,愛知,2026-04-27 09:30:00,29.9,47.8,N/A
DEV015,vibration,愛知,2026-04-27 09:30:00,18.3,33.6,normal
DEV016,humidity,東京,2026-04-27 09:30:00,28.0,60.3,normal
DEV017,humidity,愛知,2026-04-27 09:30:00,27.1,62.6,normal
DEV018,humidity,東京,2026-04-27 09:30:00,19.3,58.8,normal
DEV019,temperature,愛知,2026-04-27 09:30:00,29.8,,normal
DEV020,humidity,大阪,2026-04-27 09:30:00,24.1,61.2,normal
DEV021,humidity,東京,2026-04-27 09:30:00,22.3,60.0,warning
DEV022,temperature,大阪,2026-04-27 09:30:00,19.5,42.7,normal
DEV023,temperature,東京,2026-04-27 09:30:00,26.4,61.5,normal
DEV024,humidity,東京,2026-04-27 09:30:00,18.8,49.4,normal
DEV025,humidity,大阪,2026-04-27 09:30:00,19.5,51.5,critical
DEV026,vibration,大阪,2026-04-27 09:30:00,24.6,59.2,normal
DEV027,temperature,愛知,2026-04-27 09:30:00,24.6,33.2,normal
DEV028,humidity,愛知,2026-04-27 09:30:00,28.2,39.1,normal
DEV029,temperature,大阪,2026-04-27 09:30:00,29.0,67.9,critical
DEV030,temperature,愛知,2026-04-27 09:30:00,26.0,66.6,N/A
DEV001,vibration,東京,2026-04-27 09:35:00,25.4,67.2,normal
DEV002,temperature,愛知,2026-04-27 09:35:00,26.3,43.1,N/A
DEV003,humidity,東京,2026-04-27 09:35:00,21.8,34.4,N/A
DEV004,temperature,東京,2026-04-27 09:35:00,25.2,63.8,warning
DEV005,vibration,東京,2026-04-27 09:35:00,21.0,65.6,normal
DEV006,vibration,愛知,2026-04-27 09:35:00,18.8,57.3,normal
DEV007,vibration,東京,2026-04-27 09:35:00,25.2,52.2,normal
DEV008,vibration,大阪,2026-04-27 09:35:00,21.8,58.4,normal
DEV009,temperature,東京,2026-04-27 09:35:00,25.0,54.0,normal
DEV010,temperature,東京,2026-04-27 09:35:00,18.6,56.1,normal
DEV011,temperature,愛知,2026-04-27 09:35:00,21.6,40.0,normal
DEV012,vibration,東京,2026-04-27 09:35:00,22.5,64.6,critical
DEV013,vibration,東京,2026-04-27 09:35:00,23.2,43.1,normal
DEV014,vibration,愛知,2026-04-27 09:35:00,18.2,42.4,normal
DEV015,vibration,愛知,2026-04-27 09:35:00,23.9,51.5,normal
DEV016,humidity,東京,2026-04-27 09:35:00,27.4,42.8,normal
DEV017,humidity,愛知,2026-04-27 09:35:00,24.1,47.0,normal
DEV018,humidity,東京,2026-04-27 09:35:00,22.4,65.0,normal
DEV019,temperature,愛知,2026-04-27 09:35:00,20.2,58.0,normal
DEV020,humidity,大阪,2026-04-27 09:35:00,25.6,43.9,normal
DEV021,humidity,東京,2026-04-27 09:35:00,,47.0,normal
DEV022,temperature,大阪,2026-04-27 09:35:00,19.8,60.5,warning
DEV023,temperature,東京,2026-04-27 09:35:00,28.6,49.0,normal
DEV024,humidity,東京,2026-04-27 09:35:00,21.8,31.1,normal
DEV025,humidity,大阪,2026-04-27 09:35:00,26.5,44.9,critical
DEV026,vibration,大阪,2026-04-27 09:35:00,21.0,55.6,normal
DEV027,temperature,愛知,2026-04-27 09:35:00,,51.5,normal
DEV028,humidity,愛知,2026-04-27 09:35:00,24.2,58.4,critical
DEV029,temperature,大阪,2026-04-27 09:35:00,28.5,53.8,normal
DEV030,temperature,愛知,2026-04-27 09:35:00,27.4,N/A,normal
DEV001,vibration,東京,2026-04-27 09:40:00,29.9,40.5,normal
DEV002,temperature,愛知,2026-04-27 09:40:00,23.1,34.4,normal
DEV003,humidity,東京,2026-04-27 09:40:00,24.3,60.4,warning
DEV004,temperature,東京,2026-04-27 09:40:00,23.2,59.2,critical
DEV005,vibration,東京,2026-04-27 09:40:00,999,68.9,normal
DEV006,vibration,愛知,2026-04-27 09:40:00,21.2,42.4,normal
DEV007,vibration,東京,2026-04-27 09:40:00,26.3,43.0,normal
DEV008,vibration,大阪,2026-04-27 09:40:00,27.0,31.9,normal
DEV009,temperature,東京,2026-04-27 09:40:00,25.8,48.7,normal
DEV010,temperature,東京,2026-04-27 09:40:00,28.1,35.6,normal
DEV011,temperature,愛知,2026-04-27 09:40:00,26.6,60.8,N/A
DEV012,vibration,東京,2026-04-27 09:40:00,26.8,67.6,normal
DEV013,vibration,東京,2026-04-27 09:40:00,28.8,38.3,normal
DEV014,vibration,愛知,2026-04-27 09:40:00,26.1,36.8,normal
DEV015,vibration,愛知,2026-04-27 09:40:00,24.7,36.8,normal
DEV016,humidity,東京,2026-04-27 09:40:00,22.2,N/A,critical
DEV017,humidity,愛知,2026-04-27 09:40:00,28.2,45.5,normal
DEV018,humidity,東京,2026-04-27 09:40:00,21.1,37.8,normal
DEV019,temperature,愛知,2026-04-27 09:40:00,27.5,58.8,critical
DEV020,humidity,大阪,2026-04-27 09:40:00,21.2,43.2,normal
DEV021,humidity,東京,2026-04-27 09:40:00,18.1,64.5,normal
DEV022,temperature,大阪,2026-04-27 09:40:00,26.6,49.0,normal
DEV023,temperature,東京,2026-04-27 09:40:00,18.8,69.6,normal
DEV024,humidity,東京,2026-04-27 09:40:00,29.0,40.5,normal
DEV025,humidity,大阪,2026-04-27 09:40:00,24.4,65.2,normal
DEV026,vibration,大阪,2026-04-27 09:40:00,25.4,61.4,normal
DEV027,temperature,愛知,2026-04-27 09:40:00,,60.2,normal
DEV028,humidity,愛知,2026-04-27 09:40:00,25.1,48.3,critical
DEV029,temperature,大阪,2026-04-27 09:40:00,21.1,45.4,N/A
DEV030,temperature,愛知,2026-04-27 09:40:00,23.1,50.6,normal
DEV001,vibration,東京,2026-04-27 09:45:00,27.2,42.2,normal
DEV002,temperature,愛知,2026-04-27 09:45:00,26.4,34.2,warning
DEV003,humidity,東京,2026-04-27 09:45:00,21.0,62.4,N/A
DEV004,temperature,東京,2026-04-27 09:45:00,29.6,37.0,normal
DEV005,vibration,東京,2026-04-27 09:45:00,28.0,53.7,normal
DEV006,vibration,愛知,2026-04-27 09:45:00,20.9,36.0,normal
DEV007,vibration,東京,2026-04-27 09:45:00,25.9,45.7,normal
DEV008,vibration,大阪,2026-04-27 09:45:00,24.8,50.7,critical
DEV009,temperature,東京,2026-04-27 09:45:00,26.5,38.5,normal
DEV010,temperature,東京,2026-04-27 09:45:00,27.8,N/A,normal
DEV011,temperature,愛知,2026-04-27 09:45:00,18.0,50.9,warning
DEV012,vibration,東京,2026-04-27 09:45:00,19.4,50.3,N/A
DEV013,vibration,東京,2026-04-27 09:45:00,24.7,49.2,normal
DEV014,vibration,愛知,2026-04-27 09:45:00,24.6,37.6,normal
DEV015,vibration,愛知,2026-04-27 09:45:00,21.5,39.4,critical
DEV016,humidity,東京,2026-04-27 09:45:00,21.8,67.7,N/A
DEV017,humidity,愛知,2026-04-27 09:45:00,18.6,46.8,critical
DEV018,humidity,東京,2026-04-27 09:45:00,20.3,64.7,N/A
DEV019,temperature,愛知,2026-04-27 09:45:00,26.1,30.1,normal
DEV020,humidity,大阪,2026-04-27 09:45:00,27.0,30.1,normal
DEV021,humidity,東京,2026-04-27 09:45:00,29.4,47.5,normal
DEV022,temperature,大阪,2026-04-27 09:45:00,28.8,,normal
DEV023,temperature,東京,2026-04-27 09:45:00,26.0,33.7,normal
DEV024,humidity,東京,2026-04-27 09:45:00,22.7,64.7,normal
DEV025,humidity,大阪,2026-04-27 09:45:00,28.7,69.5,normal
DEV026,vibration,大阪,2026-04-27 09:45:00,24.5,54.6,N/A
DEV027,temperature,愛知,2026-04-27 09:45:00,25.4,,N/A
DEV028,humidity,愛知,2026-04-27 09:45:00,,60.4,normal
DEV029,temperature,大阪,2026-04-27 09:45:00,20.4,45.1,N/A
DEV030,temperature,愛知,2026-04-27 09:45:00,22.9,48.4,normal
DEV001,vibration,東京,2026-04-27 09:50:00,24.5,50.8,N/A
DEV002,temperature,愛知,2026-04-27 09:50:00,24.3,55.6,N/A
DEV003,humidity,東京,2026-04-27 09:50:00,18.4,47.2,normal
DEV004,temperature,東京,2026-04-27 09:50:00,18.9,45.1,N/A
DEV005,vibration,東京,2026-04-27 09:50:00,18.3,47.3,normal
DEV006,vibration,愛知,2026-04-27 09:50:00,29.6,52.4,normal
DEV007,vibration,東京,2026-04-27 09:50:00,21.6,64.2,N/A
DEV008,vibration,大阪,2026-04-27 09:50:00,19.7,48.4,normal
DEV009,temperature,東京,2026-04-27 09:50:00,29.7,49.5,normal
DEV010,temperature,東京,2026-04-27 09:50:00,26.1,41.9,N/A
DEV011,temperature,愛知,2026-04-27 09:50:00,18.9,61.9,critical
DEV012,vibration,東京,2026-04-27 09:50:00,19.1,46.1,normal
DEV013,vibration,東京,2026-04-27 09:50:00,20.1,67.7,normal
DEV014,vibration,愛知,2026-04-27 09:50:00,18.9,58.3,normal
DEV015,vibration,愛知,2026-04-27 09:50:00,22.4,34.2,critical
DEV016,humidity,東京,2026-04-27 09:50:00,21.5,63.4,normal
DEV017,humidity,愛知,2026-04-27 09:50:00,24.1,N/A,N/A
DEV018,humidity,東京,2026-04-27 09:50:00,28.1,63.2,N/A
DEV019,temperature,愛知,2026-04-27 09:50:00,,32.5,normal
DEV020,humidity,大阪,2026-04-27 09:50:00,26.4,41.0,normal
DEV021,humidity,東京,2026-04-27 09:50:00,20.5,63.9,warning
DEV022,temperature,大阪,2026-04-27 09:50:00,24.0,54.4,normal
DEV023,temperature,東京,2026-04-27 09:50:00,,50.8,critical
DEV024,humidity,東京,2026-04-27 09:50:00,26.3,39.6,normal
DEV025,humidity,大阪,2026-04-27 09:50:00,18.9,51.7,normal
DEV026,vibration,大阪,2026-04-27 09:50:00,,61.5,critical
DEV027,temperature,愛知,2026-04-27 09:50:00,27.0,34.6,normal
DEV028,humidity,愛知,2026-04-27 09:50:00,25.3,65.4,normal
DEV029,temperature,大阪,2026-04-27 09:50:00,25.9,47.1,normal
DEV030,temperature,愛知,2026-04-27 09:50:00,20.7,61.8,normal
DEV001,vibration,東京,2026-04-27 09:55:00,19.6,,warning
DEV002,temperature,愛知,2026-04-27 09:55:00,23.2,30.6,warning
DEV003,humidity,東京,2026-04-27 09:55:00,26.4,33.5,critical
DEV004,temperature,東京,2026-04-27 09:55:00,21.7,58.0,normal
DEV005,vibration,東京,2026-04-27 09:55:00,19.7,48.7,N/A
DEV006,vibration,愛知,2026-04-27 09:55:00,20.6,43.8,N/A
DEV007,vibration,東京,2026-04-27 09:55:00,29.5,46.5,normal
DEV008,vibration,大阪,2026-04-27 09:55:00,27.5,35.7,warning
DEV009,temperature,東京,2026-04-27 09:55:00,21.7,38.5,normal
DEV010,temperature,東京,2026-04-27 09:55:00,999,36.1,critical
DEV011,temperature,愛知,2026-04-27 09:55:00,22.8,32.7,normal
DEV012,vibration,東京,2026-04-27 09:55:00,28.6,44.4,normal
DEV013,vibration,東京,2026-04-27 09:55:00,28.6,64.9,normal
DEV014,vibration,愛知,2026-04-27 09:55:00,18.7,69.2,normal
DEV015,vibration,愛知,2026-04-27 09:55:00,999,37.8,critical
DEV016,humidity,東京,2026-04-27 09:55:00,26.6,42.0,critical
DEV017,humidity,愛知,2026-04-27 09:55:00,24.6,42.7,normal
DEV018,humidity,東京,2026-04-27 09:55:00,29.8,68.8,normal
DEV019,temperature,愛知,2026-04-27 09:55:00,19.7,,normal
DEV020,humidity,大阪,2026-04-27 09:55:00,27.8,58.2,normal
DEV021,humidity,東京,2026-04-27 09:55:00,25.4,44.6,normal
DEV022,temperature,大阪,2026-04-27 09:55:00,24.8,30.4,normal
DEV023,temperature,東京,2026-04-27 09:55:00,22.0,34.3,warning
DEV024,humidity,東京,2026-04-27 09:55:00,21.7,N/A,N/A
DEV025,humidity,大阪,2026-04-27 09:55:00,20.8,69.9,warning
DEV026,vibration,大阪,2026-04-27 09:55:00,29.3,69.5,normal
DEV027,temperature,愛知,2026-04-27 09:55:00,27.7,47.8,normal
DEV028,humidity,愛知,2026-04-27 09:55:00,26.4,31.0,N/A
DEV029,temperature,大阪,2026-04-27 09:55:00,20.8,67.3,normal
DEV030,temperature,愛知,2026-04-27 09:55:00,30.0,56.7,normal
DEV001,vibration,東京,2026-04-27 10:00:00,21.8,52.6,normal
DEV002,temperature,愛知,2026-04-27 10:00:00,,60.4,normal
DEV003,humidity,東京,2026-04-27 10:00:00,19.3,58.8,normal
DEV004,temperature,東京,2026-04-27 10:00:00,22.2,57.5,N/A
DEV005,vibration,東京,2026-04-27 10:00:00,25.6,31.3,normal
DEV006,vibration,愛知,2026-04-27 10:00:00,999,34.0,warning
DEV007,vibration,東京,2026-04-27 10:00:00,28.1,52.0,normal
DEV008,vibration,大阪,2026-04-27 10:00:00,25.1,31.1,normal
DEV009,temperature,東京,2026-04-27 10:00:00,28.0,,normal
DEV010,temperature,東京,2026-04-27 10:00:00,26.1,42.2,normal
DEV011,temperature,愛知,2026-04-27 10:00:00,28.8,41.1,normal
DEV012,vibration,東京,2026-04-27 10:00:00,28.5,50.3,normal
DEV013,vibration,東京,2026-04-27 10:00:00,24.5,66.4,normal
DEV014,vibration,愛知,2026-04-27 10:00:00,22.0,65.7,critical
DEV015,vibration,愛知,2026-04-27 10:00:00,27.1,45.0,N/A
DEV016,humidity,東京,2026-04-27 10:00:00,18.5,31.3,normal
DEV017,humidity,愛知,2026-04-27 10:00:00,24.8,55.8,normal
DEV018,humidity,東京,2026-04-27 10:00:00,29.3,51.9,normal
DEV019,temperature,愛知,2026-04-27 10:00:00,26.6,31.8,normal
DEV020,humidity,大阪,2026-04-27 10:00:00,24.0,35.0,normal
DEV021,humidity,東京,2026-04-27 10:00:00,24.8,53.2,normal
DEV022,temperature,大阪,2026-04-27 10:00:00,18.2,48.3,normal
DEV023,temperature,東京,2026-04-27 10:00:00,18.1,43.9,normal
DEV024,humidity,東京,2026-04-27 10:00:00,20.6,40.2,normal
DEV025,humidity,大阪,2026-04-27 10:00:00,19.3,37.4,normal
DEV026,vibration,大阪,2026-04-27 10:00:00,25.9,61.2,normal
DEV027,temperature,愛知,2026-04-27 10:00:00,21.7,32.8,normal
DEV028,humidity,愛知,2026-04-27 10:00:00,25.7,63.6,normal
DEV029,temperature,大阪,2026-04-27 10:00:00,18.1,51.6,normal
DEV030,temperature,愛知,2026-04-27 10:00:00,20.9,66.1,normal
DEV001,vibration,東京,2026-04-27 10:05:00,23.3,54.7,normal
DEV002,temperature,愛知,2026-04-27 10:05:00,26.1,66.9,warning
DEV003,humidity,東京,2026-04-27 10:05:00,28.5,61.6,critical
DEV004,temperature,東京,2026-04-27 10:05:00,28.3,33.5,N/A
DEV005,vibration,東京,2026-04-27 10:05:00,27.3,45.8,normal
DEV006,vibration,愛知,2026-04-27 10:05:00,20.9,65.3,normal
DEV007,vibration,東京,2026-04-27 10:05:00,19.7,50.8,normal
DEV008,vibration,大阪,2026-04-27 10:05:00,29.8,57.8,normal
DEV009,temperature,東京,2026-04-27 10:05:00,,33.6,normal
DEV010,temperature,東京,2026-04-27 10:05:00,20.7,30.2,normal
DEV011,temperature,愛知,2026-04-27 10:05:00,29.5,61.8,normal
DEV012,vibration,東京,2026-04-27 10:05:00,28.9,35.0,N/A
DEV013,vibration,東京,2026-04-27 10:05:00,26.7,52.6,normal
DEV014,vibration,愛知,2026-04-27 10:05:00,19.3,51.4,normal
DEV015,vibration,愛知,2026-04-27 10:05:00,19.0,42.5,warning
DEV016,humidity,東京,2026-04-27 10:05:00,23.6,33.8,critical
DEV017,humidity,愛知,2026-04-27 10:05:00,26.5,60.9,normal
DEV018,humidity,東京,2026-04-27 10:05:00,27.2,64.3,normal
DEV019,temperature,愛知,2026-04-27 10:05:00,22.5,50.3,N/A
DEV020,humidity,大阪,2026-04-27 10:05:00,20.1,43.3,normal
DEV021,humidity,東京,2026-04-27 10:05:00,25.9,35.5,warning
DEV022,temperature,大阪,2026-04-27 10:05:00,18.6,54.6,critical
DEV023,temperature,東京,2026-04-27 10:05:00,29.1,35.4,normal
DEV024,humidity,東京,2026-04-27 10:05:00,19.1,69.5,normal
DEV025,humidity,大阪,2026-04-27 10:05:00,29.1,59.9,normal
DEV026,vibration,大阪,2026-04-27 10:05:00,29.4,54.1,normal
DEV027,temperature,愛知,2026-04-27 10:05:00,26.1,59.4,normal
DEV028,humidity,愛知,2026-04-27 10:05:00,999,32.0,normal
DEV029,temperature,大阪,2026-04-27 10:05:00,19.6,49.9,normal
DEV030,temperature,愛知,2026-04-27 10:05:00,19.2,37.8,normal
DEV001,vibration,東京,2026-04-27 10:10:00,23.0,46.3,normal
DEV002,temperature,愛知,2026-04-27 10:10:00,26.2,43.8,N/A
DEV003,humidity,東京,2026-04-27 10:10:00,27.9,44.2,N/A
DEV004,temperature,東京,2026-04-27 10:10:00,24.4,32.8,normal
DEV005,vibration,東京,2026-04-27 10:10:00,29.9,57.3,normal
DEV006,vibration,愛知,2026-04-27 10:10:00,22.5,64.4,normal
DEV007,vibration,東京,2026-04-27 10:10:00,29.5,67.8,normal
DEV008,vibration,大阪,2026-04-27 10:10:00,28.1,62.8,normal
DEV009,temperature,東京,2026-04-27 10:10:00,22.7,33.2,normal
DEV010,temperature,東京,2026-04-27 10:10:00,23.0,N/A,normal
DEV011,temperature,愛知,2026-04-27 10:10:00,24.7,63.6,normal
DEV012,vibration,東京,2026-04-27 10:10:00,27.0,45.3,normal
DEV013,vibration,東京,2026-04-27 10:10:00,19.0,45.7,normal
DEV014,vibration,愛知,2026-04-27 10:10:00,25.0,61.3,normal
DEV015,vibration,愛知,2026-04-27 10:10:00,23.3,69.2,normal
DEV016,humidity,東京,2026-04-27 10:10:00,20.3,46.7,normal
DEV017,humidity,愛知,2026-04-27 10:10:00,25.3,37.6,normal
DEV018,humidity,東京,2026-04-27 10:10:00,23.2,33.5,normal
DEV019,temperature,愛知,2026-04-27 10:10:00,27.4,66.8,normal
DEV020,humidity,大阪,2026-04-27 10:10:00,24.7,56.9,normal
DEV021,humidity,東京,2026-04-27 10:10:00,28.2,68.2,critical
DEV022,temperature,大阪,2026-04-27 10:10:00,29.4,57.5,normal
DEV023,temperature,東京,2026-04-27 10:10:00,29.2,39.6,normal
DEV024,humidity,東京,2026-04-27 10:10:00,26.5,52.8,normal
DEV025,humidity,大阪,2026-04-27 10:10:00,20.4,39.6,normal
DEV026,vibration,大阪,2026-04-27 10:10:00,29.5,48.4,normal
DEV027,temperature,愛知,2026-04-27 10:10:00,26.0,39.4,normal
DEV028,humidity,愛知,2026-04-27 10:10:00,20.4,62.4,normal
DEV029,temperature,大阪,2026-04-27 10:10:00,26.5,56.7,warning
DEV030,temperature,愛知,2026-04-27 10:10:00,22.5,44.8,warning
DEV001,vibration,東京,2026-04-27 10:15:00,22.7,57.0,warning
DEV002,temperature,愛知,2026-04-27 10:15:00,23.4,65.8,normal
DEV003,humidity,東京,2026-04-27 10:15:00,29.3,43.4,normal
DEV004,temperature,東京,2026-04-27 10:15:00,20.9,48.9,normal
DEV005,vibration,東京,2026-04-27 10:15:00,29.2,50.1,normal
DEV006,vibration,愛知,2026-04-27 10:15:00,28.9,37.1,normal
DEV007,vibration,東京,2026-04-27 10:15:00,24.4,52.9,N/A
DEV008,vibration,大阪,2026-04-27 10:15:00,21.7,43.7,normal
DEV009,temperature,東京,2026-04-27 10:15:00,21.9,53.0,normal
DEV010,temperature,東京,2026-04-27 10:15:00,23.4,66.9,normal
DEV011,temperature,愛知,2026-04-27 10:15:00,29.8,44.7,N/A
DEV012,vibration,東京,2026-04-27 10:15:00,21.2,67.3,normal
DEV013,vibration,東京,2026-04-27 10:15:00,26.0,51.8,normal
DEV014,vibration,愛知,2026-04-27 10:15:00,28.8,62.7,normal
DEV015,vibration,愛知,2026-04-27 10:15:00,28.6,62.4,warning
DEV016,humidity,東京,2026-04-27 10:15:00,20.6,39.0,normal
DEV017,humidity,愛知,2026-04-27 10:15:00,,59.2,warning
DEV018,humidity,東京,2026-04-27 10:15:00,27.9,35.7,normal
DEV019,temperature,愛知,2026-04-27 10:15:00,26.8,66.6,critical
DEV020,humidity,大阪,2026-04-27 10:15:00,19.9,68.8,normal
DEV021,humidity,東京,2026-04-27 10:15:00,20.1,50.2,warning
DEV022,temperature,大阪,2026-04-27 10:15:00,28.1,57.1,normal
DEV023,temperature,東京,2026-04-27 10:15:00,20.3,64.8,normal
DEV024,humidity,東京,2026-04-27 10:15:00,22.9,59.7,normal
DEV025,humidity,大阪,2026-04-27 10:15:00,23.3,53.1,normal
DEV026,vibration,大阪,2026-04-27 10:15:00,22.9,30.1,normal
DEV027,temperature,愛知,2026-04-27 10:15:00,25.7,,normal
DEV028,humidity,愛知,2026-04-27 10:15:00,27.8,32.5,normal
DEV029,temperature,大阪,2026-04-27 10:15:00,24.2,31.5,normal
DEV030,temperature,愛知,2026-04-27 10:15:00,26.2,32.6,normal
DEV001,vibration,東京,2026-04-27 10:20:00,26.0,34.8,normal
DEV002,temperature,愛知,2026-04-27 10:20:00,20.7,61.7,normal
DEV003,humidity,東京,2026-04-27 10:20:00,24.3,33.5,normal
DEV004,temperature,東京,2026-04-27 10:20:00,20.4,54.9,normal
DEV005,vibration,東京,2026-04-27 10:20:00,24.2,66.3,normal
DEV006,vibration,愛知,2026-04-27 10:20:00,20.2,64.2,normal
DEV007,vibration,東京,2026-04-27 10:20:00,26.6,44.1,normal
DEV008,vibration,大阪,2026-04-27 10:20:00,19.8,57.7,warning
DEV009,temperature,東京,2026-04-27 10:20:00,25.4,54.1,normal
DEV010,temperature,東京,2026-04-27 10:20:00,,48.9,normal
DEV011,temperature,愛知,2026-04-27 10:20:00,20.7,47.1,critical
DEV012,vibration,東京,2026-04-27 10:20:00,18.4,66.3,critical
DEV013,vibration,東京,2026-04-27 10:20:00,18.5,54.3,normal
DEV014,vibration,愛知,2026-04-27 10:20:00,27.7,38.0,normal
DEV015,vibration,愛知,2026-04-27 10:20:00,23.9,34.0,critical
DEV016,humidity,東京,2026-04-27 10:20:00,29.6,55.3,normal
DEV017,humidity,愛知,2026-04-27 10:20:00,29.6,61.8,normal
DEV018,humidity,東京,2026-04-27 10:20:00,27.1,40.3,normal
DEV019,temperature,愛知,2026-04-27 10:20:00,21.9,35.2,normal
DEV020,humidity,大阪,2026-04-27 10:20:00,29.6,69.3,normal
DEV021,humidity,東京,2026-04-27 10:20:00,29.0,55.4,N/A
DEV022,temperature,大阪,2026-04-27 10:20:00,30.0,69.6,N/A
DEV023,temperature,東京,2026-04-27 10:20:00,27.8,55.3,normal
DEV024,humidity,東京,2026-04-27 10:20:00,29.5,45.1,N/A
DEV025,humidity,大阪,2026-04-27 10:20:00,22.1,32.0,normal
DEV026,vibration,大阪,2026-04-27 10:20:00,28.8,49.2,normal
DEV027,temperature,愛知,2026-04-27 10:20:00,25.8,40.9,warning
DEV028,humidity,愛知,2026-04-27 10:20:00,27.9,N/A,normal
DEV029,temperature,大阪,2026-04-27 10:20:00,24.7,34.9,critical
DEV030,temperature,愛知,2026-04-27 10:20:00,18.2,38.8,normal
DEV001,vibration,東京,2026-04-27 10:25:00,25.9,41.5,normal
DEV002,temperature,愛知,2026-04-27 10:25:00,27.9,44.6,normal
DEV003,humidity,東京,2026-04-27 10:25:00,21.3,44.5,normal
DEV004,temperature,東京,2026-04-27 10:25:00,27.6,56.4,normal
DEV005,vibration,東京,2026-04-27 10:25:00,29.7,33.1,normal
DEV006,vibration,愛知,2026-04-27 10:25:00,21.3,56.8,N/A
DEV007,vibration,東京,2026-04-27 10:25:00,25.1,42.8,critical
DEV008,vibration,大阪,2026-04-27 10:25:00,27.7,62.1,normal
DEV009,temperature,東京,2026-04-27 10:25:00,,69.1,normal
DEV010,temperature,東京,2026-04-27 10:25:00,28.4,35.4,normal
DEV011,temperature,愛知,2026-04-27 10:25:00,18.9,39.7,normal
DEV012,vibration,東京,2026-04-27 10:25:00,25.4,52.7,warning
DEV013,vibration,東京,2026-04-27 10:25:00,24.8,38.6,normal
DEV014,vibration,愛知,2026-04-27 10:25:00,28.7,61.9,normal
DEV015,vibration,愛知,2026-04-27 10:25:00,25.8,31.1,normal
DEV016,humidity,東京,2026-04-27 10:25:00,29.6,49.0,critical
DEV017,humidity,愛知,2026-04-27 10:25:00,20.8,38.3,N/A
DEV018,humidity,東京,2026-04-27 10:25:00,26.4,34.6,normal
DEV019,temperature,愛知,2026-04-27 10:25:00,22.6,31.2,critical
DEV020,humidity,大阪,2026-04-27 10:25:00,27.4,37.3,normal
DEV021,humidity,東京,2026-04-27 10:25:00,19.9,44.1,normal
DEV022,temperature,大阪,2026-04-27 10:25:00,23.8,69.7,N/A
DEV023,temperature,東京,2026-04-27 10:25:00,27.6,30.3,normal
DEV024,humidity,東京,2026-04-27 10:25:00,,52.5,normal
DEV025,humidity,大阪,2026-04-27 10:25:00,24.5,49.9,normal
DEV026,vibration,大阪,2026-04-27 10:25:00,25.1,65.4,normal
DEV027,temperature,愛知,2026-04-27 10:25:00,20.4,47.1,normal
DEV028,humidity,愛知,2026-04-27 10:25:00,22.0,N/A,normal
DEV029,temperature,大阪,2026-04-27 10:25:00,26.4,31.5,normal
DEV030,temperature,愛知,2026-04-27 10:25:00,24.8,68.5,warning
DEV001,vibration,東京,2026-04-27 10:30:00,28.6,44.3,N/A
DEV002,temperature,愛知,2026-04-27 10:30:00,20.7,57.8,N/A
DEV003,humidity,東京,2026-04-27 10:30:00,18.1,34.4,critical
DEV004,temperature,東京,2026-04-27 10:30:00,23.0,42.0,normal
DEV005,vibration,東京,2026-04-27 10:30:00,25.4,54.8,critical
DEV006,vibration,愛知,2026-04-27 10:30:00,27.2,43.9,normal
DEV007,vibration,東京,2026-04-27 10:30:00,23.2,43.2,normal
DEV008,vibration,大阪,2026-04-27 10:30:00,29.3,38.9,normal
DEV009,temperature,東京,2026-04-27 10:30:00,27.5,34.9,N/A
DEV010,temperature,東京,2026-04-27 10:30:00,25.1,39.7,normal
DEV011,temperature,愛知,2026-04-27 10:30:00,23.4,65.2,normal
DEV012,vibration,東京,2026-04-27 10:30:00,24.3,56.3,critical
DEV013,vibration,東京,2026-04-27 10:30:00,20.7,50.0,normal
DEV014,vibration,愛知,2026-04-27 10:30:00,23.7,69.5,critical
DEV015,vibration,愛知,2026-04-27 10:30:00,28.6,67.4,normal
DEV016,humidity,東京,2026-04-27 10:30:00,19.2,N/A,N/A
DEV017,humidity,愛知,2026-04-27 10:30:00,18.7,64.4,normal
DEV018,humidity,東京,2026-04-27 10:30:00,21.6,43.9,normal
DEV019,temperature,愛知,2026-04-27 10:30:00,27.4,48.9,N/A
DEV020,humidity,大阪,2026-04-27 10:30:00,27.3,,normal
DEV021,humidity,東京,2026-04-27 10:30:00,999,47.3,normal
DEV022,temperature,大阪,2026-04-27 10:30:00,18.8,38.9,normal
DEV023,temperature,東京,2026-04-27 10:30:00,19.7,44.2,normal
DEV024,humidity,東京,2026-04-27 10:30:00,20.4,43.3,normal
DEV025,humidity,大阪,2026-04-27 10:30:00,24.3,37.6,N/A
DEV026,vibration,大阪,2026-04-27 10:30:00,26.1,30.1,normal
DEV027,temperature,愛知,2026-04-27 10:30:00,18.9,38.7,normal
DEV028,humidity,愛知,2026-04-27 10:30:00,22.3,40.4,normal
DEV029,temperature,大阪,2026-04-27 10:30:00,20.7,67.4,critical
DEV030,temperature,愛知,2026-04-27 10:30:00,28.6,37.3,normal
DEV001,vibration,東京,2026-04-27 10:35:00,26.0,64.3,normal
DEV002,temperature,愛知,2026-04-27 10:35:00,21.5,38.3,normal
DEV003,humidity,東京,2026-04-27 10:35:00,,48.0,N/A
DEV004,temperature,東京,2026-04-27 10:35:00,26.9,56.3,critical
DEV005,vibration,東京,2026-04-27 10:35:00,18.4,69.5,normal
DEV006,vibration,愛知,2026-04-27 10:35:00,28.8,41.2,N/A
DEV007,vibration,東京,2026-04-27 10:35:00,19.8,33.6,warning
DEV008,vibration,大阪,2026-04-27 10:35:00,21.4,37.5,normal
DEV009,temperature,東京,2026-04-27 10:35:00,28.1,39.1,normal
DEV010,temperature,東京,2026-04-27 10:35:00,20.0,54.4,normal
DEV011,temperature,愛知,2026-04-27 10:35:00,22.1,43.5,normal
DEV012,vibration,東京,2026-04-27 10:35:00,19.6,54.9,normal
DEV013,vibration,東京,2026-04-27 10:35:00,,N/A,normal
DEV014,vibration,愛知,2026-04-27 10:35:00,29.9,65.1,normal
DEV015,vibration,愛知,2026-04-27 10:35:00,,46.3,warning
DEV016,humidity,東京,2026-04-27 10:35:00,26.3,47.1,warning
DEV017,humidity,愛知,2026-04-27 10:35:00,27.8,47.1,warning
DEV018,humidity,東京,2026-04-27 10:35:00,22.2,40.0,normal
DEV019,temperature,愛知,2026-04-27 10:35:00,25.7,33.1,normal
DEV020,humidity,大阪,2026-04-27 10:35:00,26.8,40.3,warning
DEV021,humidity,東京,2026-04-27 10:35:00,18.3,66.7,normal
DEV022,temperature,大阪,2026-04-27 10:35:00,999,48.3,N/A
DEV023,temperature,東京,2026-04-27 10:35:00,27.6,30.7,warning
DEV024,humidity,東京,2026-04-27 10:35:00,29.5,35.3,normal
DEV025,humidity,大阪,2026-04-27 10:35:00,18.7,58.9,normal
DEV026,vibration,大阪,2026-04-27 10:35:00,24.6,68.3,warning
DEV027,temperature,愛知,2026-04-27 10:35:00,26.3,40.4,normal
DEV028,humidity,愛知,2026-04-27 10:35:00,28.0,37.3,normal
DEV029,temperature,大阪,2026-04-27 10:35:00,22.3,51.5,warning
DEV030,temperature,愛知,2026-04-27 10:35:00,26.1,43.6,normal
DEV001,vibration,東京,2026-04-27 10:40:00,21.8,,N/A
DEV002,temperature,愛知,2026-04-27 10:40:00,22.1,51.4,normal
DEV003,humidity,東京,2026-04-27 10:40:00,26.7,39.9,normal
DEV004,temperature,東京,2026-04-27 10:40:00,23.4,33.1,normal
DEV005,vibration,東京,2026-04-27 10:40:00,19.0,34.8,warning
DEV006,vibration,愛知,2026-04-27 10:40:00,18.5,69.3,critical
DEV007,vibration,東京,2026-04-27 10:40:00,29.0,56.8,normal
DEV008,vibration,大阪,2026-04-27 10:40:00,18.6,41.7,normal
DEV009,temperature,東京,2026-04-27 10:40:00,29.2,44.1,N/A
DEV010,temperature,東京,2026-04-27 10:40:00,25.4,37.1,normal
DEV011,temperature,愛知,2026-04-27 10:40:00,28.8,34.1,normal
DEV012,vibration,東京,2026-04-27 10:40:00,23.9,40.2,normal
DEV013,vibration,東京,2026-04-27 10:40:00,20.2,N/A,normal
DEV014,vibration,愛知,2026-04-27 10:40:00,19.4,57.2,normal
DEV015,vibration,愛知,2026-04-27 10:40:00,25.8,37.7,normal
DEV016,humidity,東京,2026-04-27 10:40:00,18.0,37.8,normal
DEV017,humidity,愛知,2026-04-27 10:40:00,23.3,30.7,critical
DEV018,humidity,東京,2026-04-27 10:40:00,24.0,66.9,normal
DEV019,temperature,愛知,2026-04-27 10:40:00,18.2,64.4,N/A
DEV020,humidity,大阪,2026-04-27 10:40:00,27.2,32.9,normal
DEV021,humidity,東京,2026-04-27 10:40:00,26.2,55.0,normal
DEV022,temperature,大阪,2026-04-27 10:40:00,25.6,67.9,N/A
DEV023,temperature,東京,2026-04-27 10:40:00,23.0,48.1,warning
DEV024,humidity,東京,2026-04-27 10:40:00,27.5,44.3,normal
DEV025,humidity,大阪,2026-04-27 10:40:00,,46.0,critical
DEV026,vibration,大阪,2026-04-27 10:40:00,27.7,56.2,N/A
DEV027,temperature,愛知,2026-04-27 10:40:00,19.9,34.7,normal
DEV028,humidity,愛知,2026-04-27 10:40:00,29.5,38.7,normal
DEV029,temperature,大阪,2026-04-27 10:40:00,21.8,53.3,normal
DEV030,temperature,愛知,2026-04-27 10:40:00,23.6,36.2,normal
DEV001,vibration,東京,2026-04-27 10:45:00,25.5,60.6,normal
DEV002,temperature,愛知,2026-04-27 10:45:00,999,43.4,normal
DEV003,humidity,東京,2026-04-27 10:45:00,18.3,43.6,normal
DEV004,temperature,東京,2026-04-27 10:45:00,19.3,60.4,normal
DEV005,vibration,東京,2026-04-27 10:45:00,999,64.1,normal
DEV006,vibration,愛知,2026-04-27 10:45:00,19.9,33.3,normal
DEV007,vibration,東京,2026-04-27 10:45:00,27.9,44.9,normal
DEV008,vibration,大阪,2026-04-27 10:45:00,28.9,44.9,normal
DEV009,temperature,東京,2026-04-27 10:45:00,24.5,69.7,normal
DEV010,temperature,東京,2026-04-27 10:45:00,19.2,51.2,normal
DEV011,temperature,愛知,2026-04-27 10:45:00,18.7,42.2,normal
DEV012,vibration,東京,2026-04-27 10:45:00,26.1,,normal
DEV013,vibration,東京,2026-04-27 10:45:00,29.1,49.9,critical
DEV014,vibration,愛知,2026-04-27 10:45:00,28.0,61.0,normal
DEV015,vibration,愛知,2026-04-27 10:45:00,21.4,60.0,normal
DEV016,humidity,東京,2026-04-27 10:45:00,26.7,56.3,normal
DEV017,humidity,愛知,2026-04-27 10:45:00,26.6,35.8,normal
DEV018,humidity,東京,2026-04-27 10:45:00,18.2,31.8,normal
DEV019,temperature,愛知,2026-04-27 10:45:00,24.4,34.5,warning
DEV020,humidity,大阪,2026-04-27 10:45:00,29.0,64.5,normal
DEV021,humidity,東京,2026-04-27 10:45:00,28.4,63.0,normal
DEV022,temperature,大阪,2026-04-27 10:45:00,25.1,53.0,critical
DEV023,temperature,東京,2026-04-27 10:45:00,19.9,34.4,critical
DEV024,humidity,東京,2026-04-27 10:45:00,,47.3,normal
DEV025,humidity,大阪,2026-04-27 10:45:00,,36.7,normal
DEV026,vibration,大阪,2026-04-27 10:45:00,22.2,36.5,normal
DEV027,temperature,愛知,2026-04-27 10:45:00,22.8,30.2,normal
DEV028,humidity,愛知,2026-04-27 10:45:00,20.2,51.2,normal
DEV029,temperature,大阪,2026-04-27 10:45:00,18.0,57.6,normal
DEV030,temperature,愛知,2026-04-27 10:45:00,25.4,52.6,N/A
DEV001,vibration,東京,2026-04-27 10:50:00,23.4,47.3,warning
DEV002,temperature,愛知,2026-04-27 10:50:00,29.2,37.1,critical
DEV003,humidity,東京,2026-04-27 10:50:00,20.5,54.4,normal
DEV004,temperature,東京,2026-04-27 10:50:00,28.6,62.6,normal
DEV005,vibration,東京,2026-04-27 10:50:00,19.0,34.6,critical
DEV006,vibration,愛知,2026-04-27 10:50:00,27.0,37.1,warning
DEV007,vibration,東京,2026-04-27 10:50:00,23.2,61.1,normal
DEV008,vibration,大阪,2026-04-27 10:50:00,20.3,61.6,normal
DEV009,temperature,東京,2026-04-27 10:50:00,26.6,56.9,critical
DEV010,temperature,東京,2026-04-27 10:50:00,20.7,48.4,N/A
DEV011,temperature,愛知,2026-04-27 10:50:00,18.8,58.3,normal
DEV012,vibration,東京,2026-04-27 10:50:00,28.7,33.8,normal
DEV013,vibration,東京,2026-04-27 10:50:00,25.5,53.3,normal
DEV014,vibration,愛知,2026-04-27 10:50:00,29.2,64.3,normal
DEV015,vibration,愛知,2026-04-27 10:50:00,18.9,54.3,normal
DEV016,humidity,東京,2026-04-27 10:50:00,29.0,44.1,N/A
DEV017,humidity,愛知,2026-04-27 10:50:00,28.2,51.6,normal
DEV018,humidity,東京,2026-04-27 10:50:00,24.0,30.7,normal
DEV019,temperature,愛知,2026-04-27 10:50:00,22.5,62.9,critical
DEV020,humidity,大阪,2026-04-27 10:50:00,20.0,53.0,normal
DEV021,humidity,東京,2026-04-27 10:50:00,23.4,50.3,N/A
DEV022,temperature,大阪,2026-04-27 10:50:00,20.0,54.1,normal
DEV023,temperature,東京,2026-04-27 10:50:00,18.1,41.9,normal
DEV024,humidity,東京,2026-04-27 10:50:00,25.3,55.1,normal
DEV025,humidity,大阪,2026-04-27 10:50:00,22.9,69.9,normal
DEV026,vibration,大阪,2026-04-27 10:50:00,24.9,30.9,normal
DEV027,temperature,愛知,2026-04-27 10:50:00,25.1,57.2,normal
DEV028,humidity,愛知,2026-04-27 10:50:00,26.2,41.4,normal
DEV029,temperature,大阪,2026-04-27 10:50:00,24.1,62.1,normal
DEV030,temperature,愛知,2026-04-27 10:50:00,23.5,48.3,normal
DEV001,vibration,東京,2026-04-27 10:55:00,26.8,51.3,normal
DEV002,temperature,愛知,2026-04-27 10:55:00,25.0,N/A,normal
DEV003,humidity,東京,2026-04-27 10:55:00,27.5,55.6,normal
DEV004,temperature,東京,2026-04-27 10:55:00,21.9,63.4,normal
DEV005,vibration,東京,2026-04-27 10:55:00,19.7,45.9,normal
DEV006,vibration,愛知,2026-04-27 10:55:00,28.8,N/A,critical
DEV007,vibration,東京,2026-04-27 10:55:00,24.4,50.8,normal
DEV008,vibration,大阪,2026-04-27 10:55:00,,52.9,normal
DEV009,temperature,東京,2026-04-27 10:55:00,27.7,42.2,critical
DEV010,temperature,東京,2026-04-27 10:55:00,25.4,40.5,normal
DEV011,temperature,愛知,2026-04-27 10:55:00,23.0,30.6,warning
DEV012,vibration,東京,2026-04-27 10:55:00,29.0,,normal
DEV013,vibration,東京,2026-04-27 10:55:00,999,45.6,normal
DEV014,vibration,愛知,2026-04-27 10:55:00,28.7,44.2,normal
DEV015,vibration,愛知,2026-04-27 10:55:00,,44.3,normal
DEV016,humidity,東京,2026-04-27 10:55:00,21.1,63.0,critical
DEV017,humidity,愛知,2026-04-27 10:55:00,28.8,48.0,normal
DEV018,humidity,東京,2026-04-27 10:55:00,23.8,30.8,normal
DEV019,temperature,愛知,2026-04-27 10:55:00,19.9,62.1,normal
DEV020,humidity,大阪,2026-04-27 10:55:00,27.0,65.5,normal
DEV021,humidity,東京,2026-04-27 10:55:00,999,41.8,normal
DEV022,temperature,大阪,2026-04-27 10:55:00,25.1,,warning
DEV023,temperature,東京,2026-04-27 10:55:00,22.1,66.1,normal
DEV024,humidity,東京,2026-04-27 10:55:00,22.5,31.5,normal
DEV025,humidity,大阪,2026-04-27 10:55:00,19.5,43.8,N/A
DEV026,vibration,大阪,2026-04-27 10:55:00,23.7,47.0,normal
DEV027,temperature,愛知,2026-04-27 10:55:00,28.3,30.3,normal
DEV028,humidity,愛知,2026-04-27 10:55:00,25.6,47.6,normal
DEV029,temperature,大阪,2026-04-27 10:55:00,21.7,42.1,normal
DEV030,temperature,愛知,2026-04-27 10:55:00,21.9,54.0,normal
DEV001,vibration,東京,2026-04-27 11:00:00,28.2,51.4,normal
DEV002,temperature,愛知,2026-04-27 11:00:00,,68.8,normal
DEV003,humidity,東京,2026-04-27 11:00:00,22.2,58.1,N/A
DEV004,temperature,東京,2026-04-27 11:00:00,26.9,56.3,normal
DEV005,vibration,東京,2026-04-27 11:00:00,18.8,48.9,normal
DEV006,vibration,愛知,2026-04-27 11:00:00,23.6,60.9,critical
DEV007,vibration,東京,2026-04-27 11:00:00,26.8,52.2,normal
DEV008,vibration,大阪,2026-04-27 11:00:00,20.1,42.2,normal
DEV009,temperature,東京,2026-04-27 11:00:00,28.3,34.6,critical
DEV010,temperature,東京,2026-04-27 11:00:00,22.4,32.7,normal
DEV011,temperature,愛知,2026-04-27 11:00:00,24.3,44.5,N/A
DEV012,vibration,東京,2026-04-27 11:00:00,23.4,48.9,normal
DEV013,vibration,東京,2026-04-27 11:00:00,22.3,47.5,critical
DEV014,vibration,愛知,2026-04-27 11:00:00,28.2,63.3,warning
DEV015,vibration,愛知,2026-04-27 11:00:00,25.0,69.2,warning
DEV016,humidity,東京,2026-04-27 11:00:00,21.5,38.1,normal
DEV017,humidity,愛知,2026-04-27 11:00:00,24.1,,normal
DEV018,humidity,東京,2026-04-27 11:00:00,20.6,61.5,normal
DEV019,temperature,愛知,2026-04-27 11:00:00,25.7,69.2,normal
DEV020,humidity,大阪,2026-04-27 11:00:00,24.2,65.6,critical
DEV021,humidity,東京,2026-04-27 11:00:00,27.5,49.0,normal
DEV022,temperature,大阪,2026-04-27 11:00:00,24.7,57.4,normal
DEV023,temperature,東京,2026-04-27 11:00:00,23.3,43.1,normal
DEV024,humidity,東京,2026-04-27 11:00:00,26.7,62.2,critical
DEV025,humidity,大阪,2026-04-27 11:00:00,24.1,44.2,warning
DEV026,vibration,大阪,2026-04-27 11:00:00,21.4,33.5,warning
DEV027,temperature,愛知,2026-04-27 11:00:00,22.5,62.4,N/A
DEV028,humidity,愛知,2026-04-27 11:00:00,29.8,62.5,normal
DEV029,temperature,大阪,2026-04-27 11:00:00,24.9,55.2,normal
DEV030,temperature,愛知,2026-04-27 11:00:00,28.9,53.5,N/A
DEV001,vibration,東京,2026-04-27 11:05:00,26.3,51.3,critical
DEV002,temperature,愛知,2026-04-27 11:05:00,20.7,N/A,normal
DEV003,humidity,東京,2026-04-27 11:05:00,26.2,33.8,normal
DEV004,temperature,東京,2026-04-27 11:05:00,22.9,66.2,normal
DEV005,vibration,東京,2026-04-27 11:05:00,22.7,50.6,critical
DEV006,vibration,愛知,2026-04-27 11:05:00,27.0,56.8,warning
DEV007,vibration,東京,2026-04-27 11:05:00,23.3,65.1,warning
DEV008,vibration,大阪,2026-04-27 11:05:00,26.5,50.8,critical
DEV009,temperature,東京,2026-04-27 11:05:00,28.1,35.7,warning
DEV010,temperature,東京,2026-04-27 11:05:00,23.6,56.4,normal
DEV011,temperature,愛知,2026-04-27 11:05:00,21.6,55.6,warning
DEV012,vibration,東京,2026-04-27 11:05:00,23.5,60.0,critical
DEV013,vibration,東京,2026-04-27 11:05:00,29.6,62.4,normal
DEV014,vibration,愛知,2026-04-27 11:05:00,20.5,65.0,critical
DEV015,vibration,愛知,2026-04-27 11:05:00,29.8,37.3,normal
DEV016,humidity,東京,2026-04-27 11:05:00,20.5,60.1,critical
DEV017,humidity,愛知,2026-04-27 11:05:00,19.0,69.4,warning
DEV018,humidity,東京,2026-04-27 11:05:00,19.0,43.5,normal
DEV019,temperature,愛知,2026-04-27 11:05:00,18.3,56.3,N/A
DEV020,humidity,大阪,2026-04-27 11:05:00,20.0,48.7,normal
DEV021,humidity,東京,2026-04-27 11:05:00,19.8,67.0,N/A
DEV022,temperature,大阪,2026-04-27 11:05:00,27.9,55.1,normal
DEV023,temperature,東京,2026-04-27 11:05:00,24.5,N/A,warning
DEV024,humidity,東京,2026-04-27 11:05:00,18.1,42.7,normal
DEV025,humidity,大阪,2026-04-27 11:05:00,18.2,34.9,normal
DEV026,vibration,大阪,2026-04-27 11:05:00,19.0,64.3,normal
DEV027,temperature,愛知,2026-04-27 11:05:00,29.8,55.9,normal
DEV028,humidity,愛知,2026-04-27 11:05:00,20.9,53.0,critical
DEV029,temperature,大阪,2026-04-27 11:05:00,24.4,50.1,normal
DEV030,temperature,愛知,2026-04-27 11:05:00,999,65.2,normal
DEV001,vibration,東京,2026-04-27 11:10:00,23.5,66.2,critical
DEV002,temperature,愛知,2026-04-27 11:10:00,22.5,66.6,normal
DEV003,humidity,東京,2026-04-27 11:10:00,22.2,46.0,normal
DEV004,temperature,東京,2026-04-27 11:10:00,20.9,58.2,normal
DEV005,vibration,東京,2026-04-27 11:10:00,29.7,63.7,normal
DEV006,vibration,愛知,2026-04-27 11:10:00,25.6,56.6,normal
DEV007,vibration,東京,2026-04-27 11:10:00,28.3,39.6,warning
DEV008,vibration,大阪,2026-04-27 11:10:00,22.3,34.6,normal
DEV009,temperature,東京,2026-04-27 11:10:00,22.7,31.7,normal
DEV010,temperature,東京,2026-04-27 11:10:00,28.9,37.3,normal
DEV011,temperature,愛知,2026-04-27 11:10:00,24.5,60.6,normal
DEV012,vibration,東京,2026-04-27 11:10:00,22.1,37.1,normal
DEV013,vibration,東京,2026-04-27 11:10:00,21.1,58.2,normal
DEV014,vibration,愛知,2026-04-27 11:10:00,28.7,57.9,normal
DEV015,vibration,愛知,2026-04-27 11:10:00,20.5,62.7,normal
DEV016,humidity,東京,2026-04-27 11:10:00,21.2,68.5,normal
DEV017,humidity,愛知,2026-04-27 11:10:00,24.7,N/A,warning
DEV018,humidity,東京,2026-04-27 11:10:00,18.1,46.8,normal
DEV019,temperature,愛知,2026-04-27 11:10:00,28.3,40.5,normal
DEV020,humidity,大阪,2026-04-27 11:10:00,23.4,53.2,N/A
DEV021,humidity,東京,2026-04-27 11:10:00,20.5,N/A,normal
DEV022,temperature,大阪,2026-04-27 11:10:00,18.5,40.4,N/A
DEV023,temperature,東京,2026-04-27 11:10:00,26.3,N/A,normal
DEV024,humidity,東京,2026-04-27 11:10:00,24.4,67.5,critical
DEV025,humidity,大阪,2026-04-27 11:10:00,21.2,68.4,normal
DEV026,vibration,大阪,2026-04-27 11:10:00,20.8,43.1,warning
DEV027,temperature,愛知,2026-04-27 11:10:00,23.9,65.5,normal
DEV028,humidity,愛知,2026-04-27 11:10:00,23.1,52.4,normal
DEV029,temperature,大阪,2026-04-27 11:10:00,27.1,62.8,normal
DEV030,temperature,愛知,2026-04-27 11:10:00,29.4,60.4,normal
DEV001,vibration,東京,2026-04-27 11:15:00,20.5,56.1,normal
DEV002,temperature,愛知,2026-04-27 11:15:00,20.7,46.2,warning
DEV003,humidity,東京,2026-04-27 11:15:00,28.0,58.7,N/A
DEV004,temperature,東京,2026-04-27 11:15:00,,67.7,normal
DEV005,vibration,東京,2026-04-27 11:15:00,27.9,68.8,normal
DEV006,vibration,愛知,2026-04-27 11:15:00,22.8,61.5,normal
DEV007,vibration,東京,2026-04-27 11:15:00,18.8,64.5,normal
DEV008,vibration,大阪,2026-04-27 11:15:00,25.3,44.2,warning
DEV009,temperature,東京,2026-04-27 11:15:00,21.2,30.8,warning
DEV010,temperature,東京,2026-04-27 11:15:00,28.1,52.6,normal
DEV011,temperature,愛知,2026-04-27 11:15:00,30.0,52.0,normal
DEV012,vibration,東京,2026-04-27 11:15:00,23.8,34.0,normal
DEV013,vibration,東京,2026-04-27 11:15:00,21.3,31.1,critical
DEV014,vibration,愛知,2026-04-27 11:15:00,26.9,64.6,N/A
DEV015,vibration,愛知,2026-04-27 11:15:00,20.2,69.7,normal
DEV016,humidity,東京,2026-04-27 11:15:00,20.2,N/A,normal
DEV017,humidity,愛知,2026-04-27 11:15:00,19.2,54.9,normal
DEV018,humidity,東京,2026-04-27 11:15:00,22.6,57.5,normal
DEV019,temperature,愛知,2026-04-27 11:15:00,18.1,47.9,normal
DEV020,humidity,大阪,2026-04-27 11:15:00,29.2,31.3,normal
DEV021,humidity,東京,2026-04-27 11:15:00,20.8,46.6,normal
DEV022,temperature,大阪,2026-04-27 11:15:00,22.3,51.7,normal
DEV023,temperature,東京,2026-04-27 11:15:00,,54.2,normal
DEV024,humidity,東京,2026-04-27 11:15:00,23.9,68.2,N/A
DEV025,humidity,大阪,2026-04-27 11:15:00,18.3,54.6,normal
DEV026,vibration,大阪,2026-04-27 11:15:00,27.3,36.9,normal
DEV027,temperature,愛知,2026-04-27 11:15:00,24.5,31.7,critical
DEV028,humidity,愛知,2026-04-27 11:15:00,18.9,35.7,normal
DEV029,temperature,大阪,2026-04-27 11:15:00,,42.6,normal
DEV030,temperature,愛知,2026-04-27 11:15:00,27.5,34.4,normal
DEV001,vibration,東京,2026-04-27 11:20:00,29.9,63.4,warning
DEV002,temperature,愛知,2026-04-27 11:20:00,20.9,69.1,normal
DEV003,humidity,東京,2026-04-27 11:20:00,21.5,66.1,normal
DEV004,temperature,東京,2026-04-27 11:20:00,19.1,35.8,normal
DEV005,vibration,東京,2026-04-27 11:20:00,25.1,35.7,normal
DEV006,vibration,愛知,2026-04-27 11:20:00,21.7,61.9,warning
DEV007,vibration,東京,2026-04-27 11:20:00,22.5,N/A,normal
DEV008,vibration,大阪,2026-04-27 11:20:00,25.5,39.0,normal
DEV009,temperature,東京,2026-04-27 11:20:00,18.9,62.7,critical
DEV010,temperature,東京,2026-04-27 11:20:00,,35.4,normal
DEV011,temperature,愛知,2026-04-27 11:20:00,22.3,34.5,normal
DEV012,vibration,東京,2026-04-27 11:20:00,19.3,42.8,critical
DEV013,vibration,東京,2026-04-27 11:20:00,28.1,47.2,normal
DEV014,vibration,愛知,2026-04-27 11:20:00,26.4,62.1,normal
DEV015,vibration,愛知,2026-04-27 11:20:00,24.7,66.3,critical
DEV016,humidity,東京,2026-04-27 11:20:00,19.5,70.0,normal
DEV017,humidity,愛知,2026-04-27 11:20:00,21.2,30.9,normal
DEV018,humidity,東京,2026-04-27 11:20:00,25.9,69.1,normal
DEV019,temperature,愛知,2026-04-27 11:20:00,23.9,52.7,normal
DEV020,humidity,大阪,2026-04-27 11:20:00,18.5,59.5,critical
DEV021,humidity,東京,2026-04-27 11:20:00,27.2,38.1,N/A
DEV022,temperature,大阪,2026-04-27 11:20:00,25.5,61.4,normal
DEV023,temperature,東京,2026-04-27 11:20:00,21.2,48.0,normal
DEV024,humidity,東京,2026-04-27 11:20:00,19.4,51.1,normal
DEV025,humidity,大阪,2026-04-27 11:20:00,20.2,30.4,normal
DEV026,vibration,大阪,2026-04-27 11:20:00,20.4,57.5,normal
DEV027,temperature,愛知,2026-04-27 11:20:00,22.3,65.1,normal
DEV028,humidity,愛知,2026-04-27 11:20:00,,N/A,critical
DEV029,temperature,大阪,2026-04-27 11:20:00,21.0,58.6,normal
DEV030,temperature,愛知,2026-04-27 11:20:00,25.1,30.1,critical
DEV001,vibration,東京,2026-04-27 11:25:00,27.3,34.9,normal
DEV002,temperature,愛知,2026-04-27 11:25:00,18.0,64.2,normal
DEV003,humidity,東京,2026-04-27 11:25:00,27.0,62.8,normal
DEV004,temperature,東京,2026-04-27 11:25:00,20.4,63.3,critical
DEV005,vibration,東京,2026-04-27 11:25:00,24.9,58.7,normal
DEV006,vibration,愛知,2026-04-27 11:25:00,24.5,42.0,normal
DEV007,vibration,東京,2026-04-27 11:25:00,28.4,49.2,normal
DEV008,vibration,大阪,2026-04-27 11:25:00,18.5,N/A,N/A
DEV009,temperature,東京,2026-04-27 11:25:00,29.7,57.4,normal
DEV010,temperature,東京,2026-04-27 11:25:00,28.7,39.8,warning
DEV011,temperature,愛知,2026-04-27 11:25:00,19.2,42.7,N/A
DEV012,vibration,東京,2026-04-27 11:25:00,22.4,50.0,N/A
DEV013,vibration,東京,2026-04-27 11:25:00,21.7,37.6,normal
DEV014,vibration,愛知,2026-04-27 11:25:00,26.0,38.1,normal
DEV015,vibration,愛知,2026-04-27 11:25:00,22.9,45.0,N/A
DEV016,humidity,東京,2026-04-27 11:25:00,21.0,58.2,normal
DEV017,humidity,愛知,2026-04-27 11:25:00,19.8,32.3,normal
DEV018,humidity,東京,2026-04-27 11:25:00,25.7,N/A,normal
DEV019,temperature,愛知,2026-04-27 11:25:00,24.5,50.3,normal
DEV020,humidity,大阪,2026-04-27 11:25:00,24.2,60.7,normal
DEV021,humidity,東京,2026-04-27 11:25:00,28.7,51.2,critical
DEV022,temperature,大阪,2026-04-27 11:25:00,24.0,66.2,warning
DEV023,temperature,東京,2026-04-27 11:25:00,29.0,37.7,normal
DEV024,humidity,東京,2026-04-27 11:25:00,29.2,48.2,normal
DEV025,humidity,大阪,2026-04-27 11:25:00,19.9,60.9,normal
DEV026,vibration,大阪,2026-04-27 11:25:00,22.0,57.5,normal
DEV027,temperature,愛知,2026-04-27 11:25:00,27.4,43.8,normal
DEV028,humidity,愛知,2026-04-27 11:25:00,28.4,65.3,normal
DEV029,temperature,大阪,2026-04-27 11:25:00,20.1,47.1,normal
DEV030,temperature,愛知,2026-04-27 11:25:00,19.5,35.7,normal
DEV001,vibration,東京,2026-04-27 11:30:00,,59.8,normal
DEV002,temperature,愛知,2026-04-27 11:30:00,28.8,69.6,normal
DEV003,humidity,東京,2026-04-27 11:30:00,19.1,N/A,normal
DEV004,temperature,東京,2026-04-27 11:30:00,26.6,N/A,normal
DEV005,vibration,東京,2026-04-27 11:30:00,21.9,60.9,normal
DEV006,vibration,愛知,2026-04-27 11:30:00,26.7,42.2,normal
DEV007,vibration,東京,2026-04-27 11:30:00,29.7,38.8,normal
DEV008,vibration,大阪,2026-04-27 11:30:00,29.6,33.5,normal
DEV009,temperature,東京,2026-04-27 11:30:00,,59.7,normal
DEV010,temperature,東京,2026-04-27 11:30:00,21.7,40.4,normal
DEV011,temperature,愛知,2026-04-27 11:30:00,23.1,46.4,normal
DEV012,vibration,東京,2026-04-27 11:30:00,21.8,57.2,warning
DEV013,vibration,東京,2026-04-27 11:30:00,20.2,30.2,normal
DEV014,vibration,愛知,2026-04-27 11:30:00,26.4,44.0,normal
DEV015,vibration,愛知,2026-04-27 11:30:00,28.3,33.1,N/A
DEV016,humidity,東京,2026-04-27 11:30:00,28.6,51.8,critical
DEV017,humidity,愛知,2026-04-27 11:30:00,21.2,48.9,normal
DEV018,humidity,東京,2026-04-27 11:30:00,24.9,44.5,normal
DEV019,temperature,愛知,2026-04-27 11:30:00,29.2,42.1,N/A
DEV020,humidity,大阪,2026-04-27 11:30:00,21.6,39.4,normal
DEV021,humidity,東京,2026-04-27 11:30:00,21.7,46.8,normal
DEV022,temperature,大阪,2026-04-27 11:30:00,29.4,43.5,normal
DEV023,temperature,東京,2026-04-27 11:30:00,25.3,36.5,normal
DEV024,humidity,東京,2026-04-27 11:30:00,20.1,56.4,normal
DEV025,humidity,大阪,2026-04-27 11:30:00,25.7,34.9,N/A
DEV026,vibration,大阪,2026-04-27 11:30:00,20.3,51.2,warning
DEV027,temperature,愛知,2026-04-27 11:30:00,28.3,42.3,normal
DEV028,humidity,愛知,2026-04-27 11:30:00,27.5,64.6,normal
DEV029,temperature,大阪,2026-04-27 11:30:00,24.3,62.1,critical
DEV030,temperature,愛知,2026-04-27 11:30:00,,40.4,normal
DEV001,vibration,東京,2026-04-27 11:35:00,19.2,31.7,normal
DEV002,temperature,愛知,2026-04-27 11:35:00,28.5,56.3,normal
DEV003,humidity,東京,2026-04-27 11:35:00,26.7,31.2,normal
DEV004,temperature,東京,2026-04-27 11:35:00,25.3,47.0,normal
DEV005,vibration,東京,2026-04-27 11:35:00,19.2,64.9,normal
DEV006,vibration,愛知,2026-04-27 11:35:00,18.7,70.0,normal
DEV007,vibration,東京,2026-04-27 11:35:00,23.4,54.9,normal
DEV008,vibration,大阪,2026-04-27 11:35:00,27.7,,normal
DEV009,temperature,東京,2026-04-27 11:35:00,29.0,34.7,normal
DEV010,temperature,東京,2026-04-27 11:35:00,24.0,62.9,critical
DEV011,temperature,愛知,2026-04-27 11:35:00,27.4,55.2,normal
DEV012,vibration,東京,2026-04-27 11:35:00,19.9,44.2,N/A
DEV013,vibration,東京,2026-04-27 11:35:00,29.9,40.3,N/A
DEV014,vibration,愛知,2026-04-27 11:35:00,28.1,62.9,normal
DEV015,vibration,愛知,2026-04-27 11:35:00,29.1,33.1,warning
DEV016,humidity,東京,2026-04-27 11:35:00,22.1,34.8,warning
DEV017,humidity,愛知,2026-04-27 11:35:00,24.7,63.5,critical
DEV018,humidity,東京,2026-04-27 11:35:00,23.7,53.9,normal
DEV019,temperature,愛知,2026-04-27 11:35:00,23.6,34.2,normal
DEV020,humidity,大阪,2026-04-27 11:35:00,24.1,48.8,normal
DEV021,humidity,東京,2026-04-27 11:35:00,20.4,60.3,normal
DEV022,temperature,大阪,2026-04-27 11:35:00,23.9,37.9,normal
DEV023,temperature,東京,2026-04-27 11:35:00,18.5,52.4,normal
DEV024,humidity,東京,2026-04-27 11:35:00,18.1,51.9,critical
DEV025,humidity,大阪,2026-04-27 11:35:00,22.2,50.0,normal
DEV026,vibration,大阪,2026-04-27 11:35:00,21.1,37.8,normal
DEV027,temperature,愛知,2026-04-27 11:35:00,22.7,68.8,normal
DEV028,humidity,愛知,2026-04-27 11:35:00,18.5,54.1,normal
DEV029,temperature,大阪,2026-04-27 11:35:00,28.2,56.7,normal
DEV030,temperature,愛知,2026-04-27 11:35:00,23.3,32.7,N/A
DEV001,vibration,東京,2026-04-27 11:40:00,21.0,66.6,normal
DEV002,temperature,愛知,2026-04-27 11:40:00,29.3,33.6,normal
DEV003,humidity,東京,2026-04-27 11:40:00,28.1,62.9,normal
DEV004,temperature,東京,2026-04-27 11:40:00,23.8,N/A,normal
DEV005,vibration,東京,2026-04-27 11:40:00,29.8,56.0,normal
DEV006,vibration,愛知,2026-04-27 11:40:00,19.9,58.1,normal
DEV007,vibration,東京,2026-04-27 11:40:00,28.4,41.5,normal
DEV008,vibration,大阪,2026-04-27 11:40:00,20.6,N/A,normal
DEV009,temperature,東京,2026-04-27 11:40:00,25.2,62.6,normal
DEV010,temperature,東京,2026-04-27 11:40:00,18.6,66.5,normal
DEV011,temperature,愛知,2026-04-27 11:40:00,22.4,52.0,normal
DEV012,vibration,東京,2026-04-27 11:40:00,22.9,39.2,N/A
DEV013,vibration,東京,2026-04-27 11:40:00,20.8,33.7,normal
DEV014,vibration,愛知,2026-04-27 11:40:00,,60.4,warning
DEV015,vibration,愛知,2026-04-27 11:40:00,27.2,50.2,N/A
DEV016,humidity,東京,2026-04-27 11:40:00,28.3,48.9,critical
DEV017,humidity,愛知,2026-04-27 11:40:00,26.9,34.4,critical
DEV018,humidity,東京,2026-04-27 11:40:00,28.9,43.2,normal
DEV019,temperature,愛知,2026-04-27 11:40:00,25.1,49.9,normal
DEV020,humidity,大阪,2026-04-27 11:40:00,21.1,67.6,normal
DEV021,humidity,東京,2026-04-27 11:40:00,27.7,39.1,normal
DEV022,temperature,大阪,2026-04-27 11:40:00,,41.7,normal
DEV023,temperature,東京,2026-04-27 11:40:00,23.1,35.7,normal
DEV024,humidity,東京,2026-04-27 11:40:00,19.2,32.4,critical
DEV025,humidity,大阪,2026-04-27 11:40:00,22.3,60.2,warning
DEV026,vibration,大阪,2026-04-27 11:40:00,25.7,56.6,normal
DEV027,temperature,愛知,2026-04-27 11:40:00,23.8,39.1,normal
DEV028,humidity,愛知,2026-04-27 11:40:00,28.7,32.9,normal
DEV029,temperature,大阪,2026-04-27 11:40:00,21.9,37.2,normal
DEV030,temperature,愛知,2026-04-27 11:40:00,20.1,60.1,critical
DEV001,vibration,東京,2026-04-27 11:45:00,19.8,52.2,normal
DEV002,temperature,愛知,2026-04-27 11:45:00,23.4,35.4,warning
DEV003,humidity,東京,2026-04-27 11:45:00,22.5,49.1,normal
DEV004,temperature,東京,2026-04-27 11:45:00,26.5,38.3,critical
DEV005,vibration,東京,2026-04-27 11:45:00,22.8,35.5,N/A
DEV006,vibration,愛知,2026-04-27 11:45:00,28.7,50.2,warning
DEV007,vibration,東京,2026-04-27 11:45:00,22.9,31.2,normal
DEV008,vibration,大阪,2026-04-27 11:45:00,29.2,53.7,normal
DEV009,temperature,東京,2026-04-27 11:45:00,26.3,61.1,normal
DEV010,temperature,東京,2026-04-27 11:45:00,,57.5,N/A
DEV011,temperature,愛知,2026-04-27 11:45:00,23.7,59.7,normal
DEV012,vibration,東京,2026-04-27 11:45:00,23.4,61.1,normal
DEV013,vibration,東京,2026-04-27 11:45:00,25.9,48.0,warning
DEV014,vibration,愛知,2026-04-27 11:45:00,28.6,43.6,normal
DEV015,vibration,愛知,2026-04-27 11:45:00,28.2,64.5,normal
DEV016,humidity,東京,2026-04-27 11:45:00,24.3,37.2,normal
DEV017,humidity,愛知,2026-04-27 11:45:00,27.0,59.1,normal
DEV018,humidity,東京,2026-04-27 11:45:00,20.1,35.9,normal
DEV019,temperature,愛知,2026-04-27 11:45:00,18.9,44.8,warning
DEV020,humidity,大阪,2026-04-27 11:45:00,19.4,46.9,normal
DEV021,humidity,東京,2026-04-27 11:45:00,19.9,44.9,normal
DEV022,temperature,大阪,2026-04-27 11:45:00,24.6,39.3,normal
DEV023,temperature,東京,2026-04-27 11:45:00,19.2,53.1,normal
DEV024,humidity,東京,2026-04-27 11:45:00,27.7,65.9,normal
DEV025,humidity,大阪,2026-04-27 11:45:00,29.8,30.6,normal
DEV026,vibration,大阪,2026-04-27 11:45:00,22.8,33.1,normal
DEV027,temperature,愛知,2026-04-27 11:45:00,28.4,65.3,normal
DEV028,humidity,愛知,2026-04-27 11:45:00,27.7,67.0,warning
DEV029,temperature,大阪,2026-04-27 11:45:00,18.5,30.4,normal
DEV030,temperature,愛知,2026-04-27 11:45:00,20.4,63.4,normal
DEV001,vibration,東京,2026-04-27 11:50:00,21.4,64.1,warning
DEV002,temperature,愛知,2026-04-27 11:50:00,21.3,69.2,critical
DEV003,humidity,東京,2026-04-27 11:50:00,,52.5,normal
DEV004,temperature,東京,2026-04-27 11:50:00,21.9,65.2,N/A
DEV005,vibration,東京,2026-04-27 11:50:00,27.8,34.3,N/A
DEV006,vibration,愛知,2026-04-27 11:50:00,25.3,58.0,warning
DEV007,vibration,東京,2026-04-27 11:50:00,28.3,52.9,normal
DEV008,vibration,大阪,2026-04-27 11:50:00,25.8,60.9,normal
DEV009,temperature,東京,2026-04-27 11:50:00,28.0,48.1,normal
DEV010,temperature,東京,2026-04-27 11:50:00,23.4,55.8,normal
DEV011,temperature,愛知,2026-04-27 11:50:00,25.1,60.0,N/A
DEV012,vibration,東京,2026-04-27 11:50:00,23.4,N/A,critical
DEV013,vibration,東京,2026-04-27 11:50:00,27.8,49.8,normal
DEV014,vibration,愛知,2026-04-27 11:50:00,28.2,N/A,normal
DEV015,vibration,愛知,2026-04-27 11:50:00,26.0,52.6,normal
DEV016,humidity,東京,2026-04-27 11:50:00,20.0,66.2,normal
DEV017,humidity,愛知,2026-04-27 11:50:00,20.9,,normal
DEV018,humidity,東京,2026-04-27 11:50:00,29.0,36.9,normal
DEV019,temperature,愛知,2026-04-27 11:50:00,20.3,30.3,normal
DEV020,humidity,大阪,2026-04-27 11:50:00,18.8,45.0,normal
DEV021,humidity,東京,2026-04-27 11:50:00,29.7,65.4,normal
DEV022,temperature,大阪,2026-04-27 11:50:00,21.4,57.3,normal
DEV023,temperature,東京,2026-04-27 11:50:00,22.9,52.2,critical
DEV024,humidity,東京,2026-04-27 11:50:00,27.4,60.2,normal
DEV025,humidity,大阪,2026-04-27 11:50:00,19.9,45.8,normal
DEV026,vibration,大阪,2026-04-27 11:50:00,19.6,31.1,N/A
DEV027,temperature,愛知,2026-04-27 11:50:00,24.5,34.9,normal
DEV028,humidity,愛知,2026-04-27 11:50:00,19.1,32.3,normal
DEV029,temperature,大阪,2026-04-27 11:50:00,22.7,54.5,N/A
DEV030,temperature,愛知,2026-04-27 11:50:00,18.7,68.7,normal
DEV001,vibration,東京,2026-04-27 11:55:00,23.8,44.9,normal
DEV002,temperature,愛知,2026-04-27 11:55:00,18.2,61.0,normal
DEV003,humidity,東京,2026-04-27 11:55:00,24.8,43.7,normal
DEV004,temperature,東京,2026-04-27 11:55:00,20.2,58.1,normal
DEV005,vibration,東京,2026-04-27 11:55:00,20.8,67.8,normal
DEV006,vibration,愛知,2026-04-27 11:55:00,19.8,55.2,normal
DEV007,vibration,東京,2026-04-27 11:55:00,19.2,58.0,N/A
DEV008,vibration,大阪,2026-04-27 11:55:00,23.4,31.1,N/A
DEV009,temperature,東京,2026-04-27 11:55:00,25.9,66.1,normal
DEV010,temperature,東京,2026-04-27 11:55:00,21.2,58.2,normal
DEV011,temperature,愛知,2026-04-27 11:55:00,20.8,30.4,normal
DEV012,vibration,東京,2026-04-27 11:55:00,26.6,53.3,normal
DEV013,vibration,東京,2026-04-27 11:55:00,26.0,,warning
DEV014,vibration,愛知,2026-04-27 11:55:00,25.1,40.4,N/A
DEV015,vibration,愛知,2026-04-27 11:55:00,22.5,64.4,normal
DEV016,humidity,東京,2026-04-27 11:55:00,24.0,62.7,normal
DEV017,humidity,愛知,2026-04-27 11:55:00,24.5,37.2,normal
DEV018,humidity,東京,2026-04-27 11:55:00,24.5,47.3,normal
DEV019,temperature,愛知,2026-04-27 11:55:00,20.4,39.4,normal
DEV020,humidity,大阪,2026-04-27 11:55:00,29.8,33.8,N/A
DEV021,humidity,東京,2026-04-27 11:55:00,20.0,51.7,normal
DEV022,temperature,大阪,2026-04-27 11:55:00,21.3,43.3,critical
DEV023,temperature,東京,2026-04-27 11:55:00,22.3,37.7,critical
DEV024,humidity,東京,2026-04-27 11:55:00,27.3,58.4,warning
DEV025,humidity,大阪,2026-04-27 11:55:00,27.5,N/A,critical
DEV026,vibration,大阪,2026-04-27 11:55:00,23.8,61.2,normal
DEV027,temperature,愛知,2026-04-27 11:55:00,20.6,65.0,normal
DEV028,humidity,愛知,2026-04-27 11:55:00,25.0,36.4,normal
DEV029,temperature,大阪,2026-04-27 11:55:00,18.1,37.3,normal
DEV030,temperature,愛知,2026-04-27 11:55:00,28.6,36.9,normal
DEV001,vibration,東京,2026-04-27 12:00:00,27.1,55.8,normal
DEV002,temperature,愛知,2026-04-27 12:00:00,20.0,66.9,normal
DEV003,humidity,東京,2026-04-27 12:00:00,24.9,61.5,N/A
DEV004,temperature,東京,2026-04-27 12:00:00,23.0,57.7,normal
DEV005,vibration,東京,2026-04-27 12:00:00,22.8,63.2,normal
DEV006,vibration,愛知,2026-04-27 12:00:00,18.6,47.2,normal
DEV007,vibration,東京,2026-04-27 12:00:00,28.0,30.8,normal
DEV008,vibration,大阪,2026-04-27 12:00:00,18.6,53.0,normal
DEV009,temperature,東京,2026-04-27 12:00:00,20.4,35.4,normal
DEV010,temperature,東京,2026-04-27 12:00:00,19.1,38.9,normal
DEV011,temperature,愛知,2026-04-27 12:00:00,23.0,N/A,critical
DEV012,vibration,東京,2026-04-27 12:00:00,23.8,,normal
DEV013,vibration,東京,2026-04-27 12:00:00,19.3,46.7,normal
DEV014,vibration,愛知,2026-04-27 12:00:00,23.2,41.3,critical
DEV015,vibration,愛知,2026-04-27 12:00:00,22.2,N/A,normal
DEV016,humidity,東京,2026-04-27 12:00:00,20.1,33.6,normal
DEV017,humidity,愛知,2026-04-27 12:00:00,28.3,38.2,normal
DEV018,humidity,東京,2026-04-27 12:00:00,19.4,61.7,normal
DEV019,temperature,愛知,2026-04-27 12:00:00,19.1,35.5,normal
DEV020,humidity,大阪,2026-04-27 12:00:00,22.7,62.7,normal
DEV021,humidity,東京,2026-04-27 12:00:00,20.4,48.8,normal
DEV022,temperature,大阪,2026-04-27 12:00:00,23.7,66.7,normal
DEV023,temperature,東京,2026-04-27 12:00:00,26.3,54.2,normal
DEV024,humidity,東京,2026-04-27 12:00:00,18.5,47.1,normal
DEV025,humidity,大阪,2026-04-27 12:00:00,28.3,52.0,normal
DEV026,vibration,大阪,2026-04-27 12:00:00,28.0,54.6,normal
DEV027,temperature,愛知,2026-04-27 12:00:00,26.4,,normal
DEV028,humidity,愛知,2026-04-27 12:00:00,20.6,60.9,normal
DEV029,temperature,大阪,2026-04-27 12:00:00,20.0,47.1,normal
DEV030,temperature,愛知,2026-04-27 12:00:00,24.0,40.2,N/A
DEV001,vibration,東京,2026-04-27 12:05:00,18.1,41.7,critical
DEV002,temperature,愛知,2026-04-27 12:05:00,20.7,35.5,critical
DEV003,humidity,東京,2026-04-27 12:05:00,21.4,37.9,normal
DEV004,temperature,東京,2026-04-27 12:05:00,21.2,69.2,normal
DEV005,vibration,東京,2026-04-27 12:05:00,20.7,55.0,normal
DEV006,vibration,愛知,2026-04-27 12:05:00,29.3,45.6,normal
DEV007,vibration,東京,2026-04-27 12:05:00,27.4,63.4,normal
DEV008,vibration,大阪,2026-04-27 12:05:00,20.6,40.5,normal
DEV009,temperature,東京,2026-04-27 12:05:00,999,55.9,normal
DEV010,temperature,東京,2026-04-27 12:05:00,21.5,68.2,critical
DEV011,temperature,愛知,2026-04-27 12:05:00,20.5,59.1,normal
DEV012,vibration,東京,2026-04-27 12:05:00,23.4,64.2,normal
DEV013,vibration,東京,2026-04-27 12:05:00,23.0,57.2,normal
DEV014,vibration,愛知,2026-04-27 12:05:00,22.8,66.1,normal
DEV015,vibration,愛知,2026-04-27 12:05:00,21.6,50.8,critical
DEV016,humidity,東京,2026-04-27 12:05:00,24.9,36.0,warning
DEV017,humidity,愛知,2026-04-27 12:05:00,20.0,30.4,critical
DEV018,humidity,東京,2026-04-27 12:05:00,18.5,63.7,critical
DEV019,temperature,愛知,2026-04-27 12:05:00,21.5,46.5,normal
DEV020,humidity,大阪,2026-04-27 12:05:00,999,39.1,normal
DEV021,humidity,東京,2026-04-27 12:05:00,29.0,39.8,normal
DEV022,temperature,大阪,2026-04-27 12:05:00,25.7,30.9,normal
DEV023,temperature,東京,2026-04-27 12:05:00,27.5,51.9,normal
DEV024,humidity,東京,2026-04-27 12:05:00,20.2,64.3,N/A
DEV025,humidity,大阪,2026-04-27 12:05:00,27.3,60.8,warning
DEV026,vibration,大阪,2026-04-27 12:05:00,24.1,50.1,normal
DEV027,temperature,愛知,2026-04-27 12:05:00,27.7,,warning
DEV028,humidity,愛知,2026-04-27 12:05:00,24.9,57.2,normal
DEV029,temperature,大阪,2026-04-27 12:05:00,26.3,50.1,warning
DEV030,temperature,愛知,2026-04-27 12:05:00,18.3,62.0,normal
DEV001,vibration,東京,2026-04-27 12:10:00,28.1,52.8,normal
DEV002,temperature,愛知,2026-04-27 12:10:00,26.3,55.9,critical
DEV003,humidity,東京,2026-04-27 12:10:00,26.4,64.6,warning
DEV004,temperature,東京,2026-04-27 12:10:00,,37.5,normal
DEV005,vibration,東京,2026-04-27 12:10:00,22.8,67.2,normal
DEV006,vibration,愛知,2026-04-27 12:10:00,29.3,37.1,critical
DEV007,vibration,東京,2026-04-27 12:10:00,19.0,62.7,normal
DEV008,vibration,大阪,2026-04-27 12:10:00,24.7,42.9,normal
DEV009,temperature,東京,2026-04-27 12:10:00,20.8,59.5,normal
DEV010,temperature,東京,2026-04-27 12:10:00,27.9,40.5,normal
DEV011,temperature,愛知,2026-04-27 12:10:00,19.9,57.8,critical
DEV012,vibration,東京,2026-04-27 12:10:00,26.0,33.5,normal
DEV013,vibration,東京,2026-04-27 12:10:00,21.6,54.1,normal
DEV014,vibration,愛知,2026-04-27 12:10:00,22.3,69.1,warning
DEV015,vibration,愛知,2026-04-27 12:10:00,,37.2,N/A
DEV016,humidity,東京,2026-04-27 12:10:00,24.5,44.7,N/A
DEV017,humidity,愛知,2026-04-27 12:10:00,29.5,52.5,critical
DEV018,humidity,東京,2026-04-27 12:10:00,21.3,62.5,normal
DEV019,temperature,愛知,2026-04-27 12:10:00,26.3,33.0,critical
DEV020,humidity,大阪,2026-04-27 12:10:00,23.7,30.2,normal
DEV021,humidity,東京,2026-04-27 12:10:00,21.3,34.6,critical
DEV022,temperature,大阪,2026-04-27 12:10:00,27.1,32.1,normal
DEV023,temperature,東京,2026-04-27 12:10:00,21.0,66.8,normal
DEV024,humidity,東京,2026-04-27 12:10:00,25.8,30.1,warning
DEV025,humidity,大阪,2026-04-27 12:10:00,19.4,54.0,normal
DEV026,vibration,大阪,2026-04-27 12:10:00,21.6,31.9,normal
DEV027,temperature,愛知,2026-04-27 12:10:00,24.5,65.9,normal
DEV028,humidity,愛知,2026-04-27 12:10:00,22.8,54.0,normal
DEV029,temperature,大阪,2026-04-27 12:10:00,25.8,63.3,critical
DEV030,temperature,愛知,2026-04-27 12:10:00,29.4,30.8,normal
DEV001,vibration,東京,2026-04-27 12:15:00,25.9,68.1,normal
DEV002,temperature,愛知,2026-04-27 12:15:00,23.6,33.0,critical
DEV003,humidity,東京,2026-04-27 12:15:00,,57.4,N/A
DEV004,temperature,東京,2026-04-27 12:15:00,22.6,62.0,normal
DEV005,vibration,東京,2026-04-27 12:15:00,18.2,,normal
DEV006,vibration,愛知,2026-04-27 12:15:00,20.9,32.3,normal
DEV007,vibration,東京,2026-04-27 12:15:00,23.1,65.3,normal
DEV008,vibration,大阪,2026-04-27 12:15:00,21.9,55.2,normal
DEV009,temperature,東京,2026-04-27 12:15:00,22.0,62.9,warning
DEV010,temperature,東京,2026-04-27 12:15:00,19.0,N/A,normal
DEV011,temperature,愛知,2026-04-27 12:15:00,29.2,36.5,normal
DEV012,vibration,東京,2026-04-27 12:15:00,25.2,67.6,normal
DEV013,vibration,東京,2026-04-27 12:15:00,23.5,37.3,normal
DEV014,vibration,愛知,2026-04-27 12:15:00,22.9,58.2,normal
DEV015,vibration,愛知,2026-04-27 12:15:00,25.8,35.3,normal
DEV016,humidity,東京,2026-04-27 12:15:00,21.8,65.7,normal
DEV017,humidity,愛知,2026-04-27 12:15:00,999,57.9,normal
DEV018,humidity,東京,2026-04-27 12:15:00,27.0,62.6,normal
DEV019,temperature,愛知,2026-04-27 12:15:00,21.3,N/A,normal
DEV020,humidity,大阪,2026-04-27 12:15:00,27.9,65.1,critical
DEV021,humidity,東京,2026-04-27 12:15:00,19.4,52.8,warning
DEV022,temperature,大阪,2026-04-27 12:15:00,22.4,46.0,normal
DEV023,temperature,東京,2026-04-27 12:15:00,29.5,31.5,normal
DEV024,humidity,東京,2026-04-27 12:15:00,25.3,51.2,normal
DEV025,humidity,大阪,2026-04-27 12:15:00,19.6,52.7,warning
DEV026,vibration,大阪,2026-04-27 12:15:00,28.3,37.0,normal
DEV027,temperature,愛知,2026-04-27 12:15:00,20.2,37.4,normal
DEV028,humidity,愛知,2026-04-27 12:15:00,19.5,45.9,warning
DEV029,temperature,大阪,2026-04-27 12:15:00,24.8,37.6,normal
DEV030,temperature,愛知,2026-04-27 12:15:00,29.8,67.9,normal
DEV001,vibration,東京,2026-04-27 12:20:00,26.8,59.4,normal
DEV002,temperature,愛知,2026-04-27 12:20:00,27.0,64.6,normal
DEV003,humidity,東京,2026-04-27 12:20:00,23.6,54.4,normal
DEV004,temperature,東京,2026-04-27 12:20:00,23.2,39.9,critical
DEV005,vibration,東京,2026-04-27 12:20:00,24.3,40.1,N/A
DEV006,vibration,愛知,2026-04-27 12:20:00,19.1,51.1,normal
DEV007,vibration,東京,2026-04-27 12:20:00,25.2,35.0,normal
DEV008,vibration,大阪,2026-04-27 12:20:00,,41.6,normal
DEV009,temperature,東京,2026-04-27 12:20:00,25.9,46.0,N/A
DEV010,temperature,東京,2026-04-27 12:20:00,29.3,42.2,normal
DEV011,temperature,愛知,2026-04-27 12:20:00,28.4,52.6,normal
DEV012,vibration,東京,2026-04-27 12:20:00,18.2,53.0,normal
DEV013,vibration,東京,2026-04-27 12:20:00,25.6,35.3,N/A
DEV014,vibration,愛知,2026-04-27 12:20:00,23.2,56.9,normal
DEV015,vibration,愛知,2026-04-27 12:20:00,27.4,35.4,normal
DEV016,humidity,東京,2026-04-27 12:20:00,29.6,32.2,normal
DEV017,humidity,愛知,2026-04-27 12:20:00,28.0,,warning
DEV018,humidity,東京,2026-04-27 12:20:00,23.1,34.1,normal
DEV019,temperature,愛知,2026-04-27 12:20:00,25.4,67.5,critical
DEV020,humidity,大阪,2026-04-27 12:20:00,29.7,,normal
DEV021,humidity,東京,2026-04-27 12:20:00,19.6,N/A,warning
DEV022,temperature,大阪,2026-04-27 12:20:00,21.0,47.9,normal
DEV023,temperature,東京,2026-04-27 12:20:00,29.2,43.3,warning
DEV024,humidity,東京,2026-04-27 12:20:00,27.2,55.7,normal
DEV025,humidity,大阪,2026-04-27 12:20:00,18.1,67.6,warning
DEV026,vibration,大阪,2026-04-27 12:20:00,26.5,68.6,normal
DEV027,temperature,愛知,2026-04-27 12:20:00,25.4,33.9,normal
DEV028,humidity,愛知,2026-04-27 12:20:00,24.0,32.9,normal
DEV029,temperature,大阪,2026-04-27 12:20:00,23.0,60.5,normal
DEV030,temperature,愛知,2026-04-27 12:20:00,19.8,54.9,N/A
DEV001,vibration,東京,2026-04-27 12:25:00,18.9,49.4,normal
DEV002,temperature,愛知,2026-04-27 12:25:00,20.3,62.4,normal
DEV003,humidity,東京,2026-04-27 12:25:00,23.4,30.0,normal
DEV004,temperature,東京,2026-04-27 12:25:00,18.3,51.4,normal
DEV005,vibration,東京,2026-04-27 12:25:00,21.8,68.7,normal
DEV006,vibration,愛知,2026-04-27 12:25:00,23.6,61.1,N/A
DEV007,vibration,東京,2026-04-27 12:25:00,23.7,,critical
DEV008,vibration,大阪,2026-04-27 12:25:00,29.7,57.8,normal
DEV009,temperature,東京,2026-04-27 12:25:00,25.1,44.1,normal
DEV010,temperature,東京,2026-04-27 12:25:00,18.4,52.3,normal
DEV011,temperature,愛知,2026-04-27 12:25:00,22.1,33.2,normal
DEV012,vibration,東京,2026-04-27 12:25:00,28.0,58.7,N/A
DEV013,vibration,東京,2026-04-27 12:25:00,22.4,34.7,normal
DEV014,vibration,愛知,2026-04-27 12:25:00,999,48.9,normal
DEV015,vibration,愛知,2026-04-27 12:25:00,25.1,62.0,normal
DEV016,humidity,東京,2026-04-27 12:25:00,21.7,69.4,normal
DEV017,humidity,愛知,2026-04-27 12:25:00,27.5,37.1,critical
DEV018,humidity,東京,2026-04-27 12:25:00,,45.3,normal
DEV019,temperature,愛知,2026-04-27 12:25:00,26.9,,critical
DEV020,humidity,大阪,2026-04-27 12:25:00,27.8,57.4,normal
DEV021,humidity,東京,2026-04-27 12:25:00,26.3,N/A,warning
DEV022,temperature,大阪,2026-04-27 12:25:00,18.1,36.3,normal
DEV023,temperature,東京,2026-04-27 12:25:00,28.8,47.5,N/A
DEV024,humidity,東京,2026-04-27 12:25:00,20.4,58.8,normal
DEV025,humidity,大阪,2026-04-27 12:25:00,29.2,48.7,normal
DEV026,vibration,大阪,2026-04-27 12:25:00,24.0,32.1,normal
DEV027,temperature,愛知,2026-04-27 12:25:00,24.1,52.3,normal
DEV028,humidity,愛知,2026-04-27 12:25:00,18.5,34.7,N/A
DEV029,temperature,大阪,2026-04-27 12:25:00,28.1,55.2,normal
DEV030,temperature,愛知,2026-04-27 12:25:00,18.9,64.2,normal
DEV001,vibration,東京,2026-04-27 12:30:00,22.5,51.5,critical
DEV002,temperature,愛知,2026-04-27 12:30:00,18.6,46.0,normal
DEV003,humidity,東京,2026-04-27 12:30:00,19.3,31.3,warning
DEV004,temperature,東京,2026-04-27 12:30:00,26.1,30.7,normal
DEV005,vibration,東京,2026-04-27 12:30:00,23.6,N/A,warning
DEV006,vibration,愛知,2026-04-27 12:30:00,22.4,49.2,normal
DEV007,vibration,東京,2026-04-27 12:30:00,26.1,35.5,normal
DEV008,vibration,大阪,2026-04-27 12:30:00,27.0,59.8,N/A
DEV009,temperature,東京,2026-04-27 12:30:00,26.8,46.8,warning
DEV010,temperature,東京,2026-04-27 12:30:00,30.0,46.3,normal
DEV011,temperature,愛知,2026-04-27 12:30:00,27.1,30.1,normal
DEV012,vibration,東京,2026-04-27 12:30:00,19.7,59.6,normal
DEV013,vibration,東京,2026-04-27 12:30:00,,62.5,warning
DEV014,vibration,愛知,2026-04-27 12:30:00,,50.7,normal
DEV015,vibration,愛知,2026-04-27 12:30:00,27.8,31.7,normal
DEV016,humidity,東京,2026-04-27 12:30:00,28.0,35.2,critical
DEV017,humidity,愛知,2026-04-27 12:30:00,19.1,40.6,normal
DEV018,humidity,東京,2026-04-27 12:30:00,25.1,N/A,normal
DEV019,temperature,愛知,2026-04-27 12:30:00,25.1,32.3,normal
DEV020,humidity,大阪,2026-04-27 12:30:00,19.7,54.3,normal
DEV021,humidity,東京,2026-04-27 12:30:00,20.4,60.3,N/A
DEV022,temperature,大阪,2026-04-27 12:30:00,25.2,34.5,normal
DEV023,temperature,東京,2026-04-27 12:30:00,18.5,51.3,normal
DEV024,humidity,東京,2026-04-27 12:30:00,29.6,62.6,warning
DEV025,humidity,大阪,2026-04-27 12:30:00,25.9,40.9,N/A
DEV026,vibration,大阪,2026-04-27 12:30:00,18.5,52.3,N/A
DEV027,temperature,愛知,2026-04-27 12:30:00,21.4,50.6,normal
DEV028,humidity,愛知,2026-04-27 12:30:00,25.6,51.9,normal
DEV029,temperature,大阪,2026-04-27 12:30:00,22.2,65.5,normal
DEV030,temperature,愛知,2026-04-27 12:30:00,22.8,64.7,N/A
DEV001,vibration,東京,2026-04-27 12:35:00,22.5,54.7,normal
DEV002,temperature,愛知,2026-04-27 12:35:00,22.9,N/A,normal
DEV003,humidity,東京,2026-04-27 12:35:00,23.0,51.7,normal
DEV004,temperature,東京,2026-04-27 12:35:00,21.6,36.2,normal
DEV005,vibration,東京,2026-04-27 12:35:00,22.9,44.1,normal
DEV006,vibration,愛知,2026-04-27 12:35:00,22.4,68.2,normal
DEV007,vibration,東京,2026-04-27 12:35:00,20.8,68.0,normal
DEV008,vibration,大阪,2026-04-27 12:35:00,19.1,43.9,warning
DEV009,temperature,東京,2026-04-27 12:35:00,22.5,42.1,normal
DEV010,temperature,東京,2026-04-27 12:35:00,21.9,40.6,normal
DEV011,temperature,愛知,2026-04-27 12:35:00,26.8,33.9,normal
DEV012,vibration,東京,2026-04-27 12:35:00,29.9,32.2,warning
DEV013,vibration,東京,2026-04-27 12:35:00,29.2,55.7,critical
DEV014,vibration,愛知,2026-04-27 12:35:00,24.4,59.7,normal
DEV015,vibration,愛知,2026-04-27 12:35:00,22.9,43.2,normal
DEV016,humidity,東京,2026-04-27 12:35:00,20.3,54.3,normal
DEV017,humidity,愛知,2026-04-27 12:35:00,24.7,68.2,normal
DEV018,humidity,東京,2026-04-27 12:35:00,18.6,39.7,warning
DEV019,temperature,愛知,2026-04-27 12:35:00,27.6,40.6,normal
DEV020,humidity,大阪,2026-04-27 12:35:00,19.2,31.0,normal
DEV021,humidity,東京,2026-04-27 12:35:00,20.9,62.7,N/A
DEV022,temperature,大阪,2026-04-27 12:35:00,20.6,38.4,normal
DEV023,temperature,東京,2026-04-27 12:35:00,18.5,66.9,normal
DEV024,humidity,東京,2026-04-27 12:35:00,20.0,62.2,warning
DEV025,humidity,大阪,2026-04-27 12:35:00,28.3,40.3,warning
DEV026,vibration,大阪,2026-04-27 12:35:00,20.8,36.4,critical
DEV027,temperature,愛知,2026-04-27 12:35:00,25.8,,normal
DEV028,humidity,愛知,2026-04-27 12:35:00,18.3,57.5,normal
DEV029,temperature,大阪,2026-04-27 12:35:00,25.4,61.9,critical
DEV030,temperature,愛知,2026-04-27 12:35:00,19.7,49.8,normal
DEV001,vibration,東京,2026-04-27 12:40:00,24.3,30.4,warning
DEV002,temperature,愛知,2026-04-27 12:40:00,21.9,63.7,normal
DEV003,humidity,東京,2026-04-27 12:40:00,22.7,47.7,normal
DEV004,temperature,東京,2026-04-27 12:40:00,25.3,52.0,normal
DEV005,vibration,東京,2026-04-27 12:40:00,18.0,61.5,normal
DEV006,vibration,愛知,2026-04-27 12:40:00,19.9,47.3,normal
DEV007,vibration,東京,2026-04-27 12:40:00,23.9,38.7,normal
DEV008,vibration,大阪,2026-04-27 12:40:00,26.7,31.4,normal
DEV009,temperature,東京,2026-04-27 12:40:00,21.6,67.0,warning
DEV010,temperature,東京,2026-04-27 12:40:00,,32.1,normal
DEV011,temperature,愛知,2026-04-27 12:40:00,22.0,55.0,normal
DEV012,vibration,東京,2026-04-27 12:40:00,21.5,31.5,warning
DEV013,vibration,東京,2026-04-27 12:40:00,21.6,65.9,normal
DEV014,vibration,愛知,2026-04-27 12:40:00,,47.4,normal
DEV015,vibration,愛知,2026-04-27 12:40:00,23.1,44.9,normal
DEV016,humidity,東京,2026-04-27 12:40:00,23.2,63.7,normal
DEV017,humidity,愛知,2026-04-27 12:40:00,20.3,69.3,normal
DEV018,humidity,東京,2026-04-27 12:40:00,27.5,59.2,normal
DEV019,temperature,愛知,2026-04-27 12:40:00,21.2,55.8,normal
DEV020,humidity,大阪,2026-04-27 12:40:00,29.1,58.0,N/A
DEV021,humidity,東京,2026-04-27 12:40:00,27.0,58.3,N/A
DEV022,temperature,大阪,2026-04-27 12:40:00,21.1,50.2,normal
DEV023,temperature,東京,2026-04-27 12:40:00,25.4,42.5,normal
DEV024,humidity,東京,2026-04-27 12:40:00,27.6,62.9,normal
DEV025,humidity,大阪,2026-04-27 12:40:00,19.5,69.0,normal
DEV026,vibration,大阪,2026-04-27 12:40:00,19.2,58.7,N/A
DEV027,temperature,愛知,2026-04-27 12:40:00,28.6,33.0,normal
DEV028,humidity,愛知,2026-04-27 12:40:00,21.5,39.1,normal
DEV029,temperature,大阪,2026-04-27 12:40:00,,57.4,normal
DEV030,temperature,愛知,2026-04-27 12:40:00,29.9,35.5,normal
DEV001,vibration,東京,2026-04-27 12:45:00,29.7,42.2,warning
DEV002,temperature,愛知,2026-04-27 12:45:00,27.9,36.5,normal
DEV003,humidity,東京,2026-04-27 12:45:00,27.0,32.6,critical
DEV004,temperature,東京,2026-04-27 12:45:00,24.3,35.2,warning
DEV005,vibration,東京,2026-04-27 12:45:00,24.6,43.2,critical
DEV006,vibration,愛知,2026-04-27 12:45:00,21.5,32.0,normal
DEV007,vibration,東京,2026-04-27 12:45:00,20.4,53.0,normal
DEV008,vibration,大阪,2026-04-27 12:45:00,23.6,54.0,normal
DEV009,temperature,東京,2026-04-27 12:45:00,27.0,47.1,warning
DEV010,temperature,東京,2026-04-27 12:45:00,24.8,37.7,critical
DEV011,temperature,愛知,2026-04-27 12:45:00,18.0,66.7,normal
DEV012,vibration,東京,2026-04-27 12:45:00,27.6,51.7,N/A
DEV013,vibration,東京,2026-04-27 12:45:00,23.0,35.3,normal
DEV014,vibration,愛知,2026-04-27 12:45:00,22.3,48.0,critical
DEV015,vibration,愛知,2026-04-27 12:45:00,21.3,67.1,normal
DEV016,humidity,東京,2026-04-27 12:45:00,27.0,49.7,normal
DEV017,humidity,愛知,2026-04-27 12:45:00,20.1,41.0,normal
DEV018,humidity,東京,2026-04-27 12:45:00,24.3,61.5,normal
DEV019,temperature,愛知,2026-04-27 12:45:00,28.3,32.3,normal
DEV020,humidity,大阪,2026-04-27 12:45:00,22.2,36.2,normal
DEV021,humidity,東京,2026-04-27 12:45:00,21.1,53.5,warning
DEV022,temperature,大阪,2026-04-27 12:45:00,18.1,63.3,normal
DEV023,temperature,東京,2026-04-27 12:45:00,28.9,30.7,normal
DEV024,humidity,東京,2026-04-27 12:45:00,27.8,59.2,warning
DEV025,humidity,大阪,2026-04-27 12:45:00,,37.8,N/A
DEV026,vibration,大阪,2026-04-27 12:45:00,29.2,38.5,normal
DEV027,temperature,愛知,2026-04-27 12:45:00,18.5,59.3,critical
DEV028,humidity,愛知,2026-04-27 12:45:00,24.4,,N/A
DEV029,temperature,大阪,2026-04-27 12:45:00,21.3,40.8,N/A
DEV030,temperature,愛知,2026-04-27 12:45:00,,55.5,N/A
DEV001,vibration,東京,2026-04-27 12:50:00,23.8,62.9,N/A
DEV002,temperature,愛知,2026-04-27 12:50:00,19.6,69.6,critical
DEV003,humidity,東京,2026-04-27 12:50:00,20.5,40.8,normal
DEV004,temperature,東京,2026-04-27 12:50:00,29.0,44.2,normal
DEV005,vibration,東京,2026-04-27 12:50:00,23.9,68.9,normal
DEV006,vibration,愛知,2026-04-27 12:50:00,24.0,38.9,normal
DEV007,vibration,東京,2026-04-27 12:50:00,28.7,55.1,critical
DEV008,vibration,大阪,2026-04-27 12:50:00,999,47.3,normal
DEV009,temperature,東京,2026-04-27 12:50:00,21.0,64.9,normal
DEV010,temperature,東京,2026-04-27 12:50:00,29.6,51.2,normal
DEV011,temperature,愛知,2026-04-27 12:50:00,21.4,30.7,normal
DEV012,vibration,東京,2026-04-27 12:50:00,19.8,52.5,warning
DEV013,vibration,東京,2026-04-27 12:50:00,23.7,48.4,N/A
DEV014,vibration,愛知,2026-04-27 12:50:00,29.4,32.7,normal
DEV015,vibration,愛知,2026-04-27 12:50:00,29.9,58.9,normal
DEV016,humidity,東京,2026-04-27 12:50:00,,59.0,N/A
DEV017,humidity,愛知,2026-04-27 12:50:00,25.7,57.9,normal
DEV018,humidity,東京,2026-04-27 12:50:00,23.0,60.7,normal
DEV019,temperature,愛知,2026-04-27 12:50:00,23.2,44.4,critical
DEV020,humidity,大阪,2026-04-27 12:50:00,25.5,48.4,warning
DEV021,humidity,東京,2026-04-27 12:50:00,24.2,69.3,normal
DEV022,temperature,大阪,2026-04-27 12:50:00,22.6,53.6,normal
DEV023,temperature,東京,2026-04-27 12:50:00,29.8,65.7,normal
DEV024,humidity,東京,2026-04-27 12:50:00,24.0,35.9,normal
DEV025,humidity,大阪,2026-04-27 12:50:00,27.9,46.6,critical
DEV026,vibration,大阪,2026-04-27 12:50:00,18.3,36.1,normal
DEV027,temperature,愛知,2026-04-27 12:50:00,19.7,34.8,N/A
DEV028,humidity,愛知,2026-04-27 12:50:00,25.0,65.4,normal
DEV029,temperature,大阪,2026-04-27 12:50:00,27.9,58.3,normal
DEV030,temperature,愛知,2026-04-27 12:50:00,21.3,51.7,warning
DEV001,vibration,東京,2026-04-27 12:55:00,28.7,48.6,warning
DEV002,temperature,愛知,2026-04-27 12:55:00,26.4,61.6,normal
DEV003,humidity,東京,2026-04-27 12:55:00,21.8,33.1,critical
DEV004,temperature,東京,2026-04-27 12:55:00,26.2,60.0,warning
DEV005,vibration,東京,2026-04-27 12:55:00,22.2,49.8,normal
DEV006,vibration,愛知,2026-04-27 12:55:00,21.6,54.3,normal
DEV007,vibration,東京,2026-04-27 12:55:00,27.9,40.5,critical
DEV008,vibration,大阪,2026-04-27 12:55:00,20.5,N/A,normal
DEV009,temperature,東京,2026-04-27 12:55:00,26.2,36.0,N/A
DEV010,temperature,東京,2026-04-27 12:55:00,19.3,55.3,N/A
DEV011,temperature,愛知,2026-04-27 12:55:00,,59.5,critical
DEV012,vibration,東京,2026-04-27 12:55:00,24.6,52.7,critical
DEV013,vibration,東京,2026-04-27 12:55:00,22.6,60.5,critical
DEV014,vibration,愛知,2026-04-27 12:55:00,27.8,N/A,warning
DEV015,vibration,愛知,2026-04-27 12:55:00,,58.6,N/A
DEV016,humidity,東京,2026-04-27 12:55:00,999,48.2,normal
DEV017,humidity,愛知,2026-04-27 12:55:00,27.4,35.8,critical
DEV018,humidity,東京,2026-04-27 12:55:00,20.8,58.3,normal
DEV019,temperature,愛知,2026-04-27 12:55:00,25.3,31.8,normal
DEV020,humidity,大阪,2026-04-27 12:55:00,999,48.4,N/A
DEV021,humidity,東京,2026-04-27 12:55:00,24.2,39.0,normal
DEV022,temperature,大阪,2026-04-27 12:55:00,26.3,N/A,warning
DEV023,temperature,東京,2026-04-27 12:55:00,26.9,63.6,normal
DEV024,humidity,東京,2026-04-27 12:55:00,22.0,57.3,normal
DEV025,humidity,大阪,2026-04-27 12:55:00,28.9,55.7,critical
DEV026,vibration,大阪,2026-04-27 12:55:00,25.2,38.9,normal
DEV027,temperature,愛知,2026-04-27 12:55:00,21.4,,normal
DEV028,humidity,愛知,2026-04-27 12:55:00,24.4,33.1,normal
DEV029,temperature,大阪,2026-04-27 12:55:00,23.8,66.8,normal
DEV030,temperature,愛知,2026-04-27 12:55:00,29.2,61.7,normal
DEV001,vibration,東京,2026-04-27 13:00:00,24.4,43.0,normal
DEV002,temperature,愛知,2026-04-27 13:00:00,27.3,59.7,N/A
DEV003,humidity,東京,2026-04-27 13:00:00,28.5,47.9,normal
DEV004,temperature,東京,2026-04-27 13:00:00,19.7,42.1,normal
DEV005,vibration,東京,2026-04-27 13:00:00,24.1,69.1,N/A
DEV006,vibration,愛知,2026-04-27 13:00:00,18.3,39.3,normal
DEV007,vibration,東京,2026-04-27 13:00:00,23.1,30.9,normal
DEV008,vibration,大阪,2026-04-27 13:00:00,19.6,38.7,warning
DEV009,temperature,東京,2026-04-27 13:00:00,20.5,53.3,warning
DEV010,temperature,東京,2026-04-27 13:00:00,26.5,66.4,normal
DEV011,temperature,愛知,2026-04-27 13:00:00,20.8,68.5,normal
DEV012,vibration,東京,2026-04-27 13:00:00,19.6,43.3,normal
DEV013,vibration,東京,2026-04-27 13:00:00,25.9,69.8,normal
DEV014,vibration,愛知,2026-04-27 13:00:00,21.6,69.7,normal
DEV015,vibration,愛知,2026-04-27 13:00:00,22.2,51.5,N/A
DEV016,humidity,東京,2026-04-27 13:00:00,22.7,66.4,normal
DEV017,humidity,愛知,2026-04-27 13:00:00,22.6,40.2,normal
DEV018,humidity,東京,2026-04-27 13:00:00,22.1,44.3,normal
DEV019,temperature,愛知,2026-04-27 13:00:00,29.1,59.6,N/A
DEV020,humidity,大阪,2026-04-27 13:00:00,18.8,N/A,normal
DEV021,humidity,東京,2026-04-27 13:00:00,28.8,56.6,normal
DEV022,temperature,大阪,2026-04-27 13:00:00,18.9,41.5,normal
DEV023,temperature,東京,2026-04-27 13:00:00,27.2,56.7,normal
DEV024,humidity,東京,2026-04-27 13:00:00,18.7,62.7,normal
DEV025,humidity,大阪,2026-04-27 13:00:00,27.7,59.4,normal
DEV026,vibration,大阪,2026-04-27 13:00:00,26.6,46.2,normal
DEV027,temperature,愛知,2026-04-27 13:00:00,27.2,N/A,normal
DEV028,humidity,愛知,2026-04-27 13:00:00,28.2,67.3,normal
DEV029,temperature,大阪,2026-04-27 13:00:00,25.7,62.8,normal
DEV030,temperature,愛知,2026-04-27 13:00:00,20.3,48.4,N/A
DEV001,vibration,東京,2026-04-27 13:05:00,29.9,68.1,normal
DEV002,temperature,愛知,2026-04-27 13:05:00,21.8,39.6,normal
DEV003,humidity,東京,2026-04-27 13:05:00,29.1,64.0,normal
DEV004,temperature,東京,2026-04-27 13:05:00,26.4,54.5,critical
DEV005,vibration,東京,2026-04-27 13:05:00,999,38.4,warning
DEV006,vibration,愛知,2026-04-27 13:05:00,24.6,49.5,N/A
DEV007,vibration,東京,2026-04-27 13:05:00,19.1,54.6,normal
DEV008,vibration,大阪,2026-04-27 13:05:00,21.7,34.8,normal
DEV009,temperature,東京,2026-04-27 13:05:00,,39.8,normal
DEV010,temperature,東京,2026-04-27 13:05:00,21.6,44.4,normal
DEV011,temperature,愛知,2026-04-27 13:05:00,27.7,34.4,normal
DEV012,vibration,東京,2026-04-27 13:05:00,27.0,32.7,N/A
DEV013,vibration,東京,2026-04-27 13:05:00,22.3,45.3,N/A
DEV014,vibration,愛知,2026-04-27 13:05:00,22.3,55.6,warning
DEV015,vibration,愛知,2026-04-27 13:05:00,22.5,62.5,normal
DEV016,humidity,東京,2026-04-27 13:05:00,18.3,68.7,critical
DEV017,humidity,愛知,2026-04-27 13:05:00,29.7,43.4,normal
DEV018,humidity,東京,2026-04-27 13:05:00,29.7,61.3,normal
DEV019,temperature,愛知,2026-04-27 13:05:00,29.1,52.0,warning
DEV020,humidity,大阪,2026-04-27 13:05:00,24.4,52.9,normal
DEV021,humidity,東京,2026-04-27 13:05:00,20.9,40.1,normal
DEV022,temperature,大阪,2026-04-27 13:05:00,26.8,45.0,warning
DEV023,temperature,東京,2026-04-27 13:05:00,28.0,33.7,normal
DEV024,humidity,東京,2026-04-27 13:05:00,25.1,48.7,normal
DEV025,humidity,大阪,2026-04-27 13:05:00,19.6,41.6,N/A
DEV026,vibration,大阪,2026-04-27 13:05:00,20.9,47.4,normal
DEV027,temperature,愛知,2026-04-27 13:05:00,18.6,45.0,normal
DEV028,humidity,愛知,2026-04-27 13:05:00,26.7,68.6,normal
DEV029,temperature,大阪,2026-04-27 13:05:00,25.0,67.5,normal
DEV030,temperature,愛知,2026-04-27 13:05:00,23.8,55.3,normal
DEV001,vibration,東京,2026-04-27 13:10:00,24.6,33.9,N/A
DEV002,temperature,愛知,2026-04-27 13:10:00,25.6,42.0,normal
DEV003,humidity,東京,2026-04-27 13:10:00,28.1,51.9,normal
DEV004,temperature,東京,2026-04-27 13:10:00,23.1,37.9,normal
DEV005,vibration,東京,2026-04-27 13:10:00,21.2,37.8,normal
DEV006,vibration,愛知,2026-04-27 13:10:00,999,32.2,critical
DEV007,vibration,東京,2026-04-27 13:10:00,22.0,67.7,normal
DEV008,vibration,大阪,2026-04-27 13:10:00,29.0,41.5,normal
DEV009,temperature,東京,2026-04-27 13:10:00,27.5,N/A,normal
DEV010,temperature,東京,2026-04-27 13:10:00,19.2,42.8,N/A
DEV011,temperature,愛知,2026-04-27 13:10:00,18.2,46.1,normal
DEV012,vibration,東京,2026-04-27 13:10:00,26.9,35.4,normal
DEV013,vibration,東京,2026-04-27 13:10:00,18.4,64.8,N/A
DEV014,vibration,愛知,2026-04-27 13:10:00,26.0,,normal
DEV015,vibration,愛知,2026-04-27 13:10:00,18.3,59.6,normal
DEV016,humidity,東京,2026-04-27 13:10:00,19.4,51.4,normal
DEV017,humidity,愛知,2026-04-27 13:10:00,19.2,37.0,normal
DEV018,humidity,東京,2026-04-27 13:10:00,29.5,38.6,normal
DEV019,temperature,愛知,2026-04-27 13:10:00,21.0,46.5,normal
DEV020,humidity,大阪,2026-04-27 13:10:00,20.6,46.0,normal
DEV021,humidity,東京,2026-04-27 13:10:00,23.1,N/A,normal
DEV022,temperature,大阪,2026-04-27 13:10:00,23.2,37.0,normal
DEV023,temperature,東京,2026-04-27 13:10:00,25.0,47.5,warning
DEV024,humidity,東京,2026-04-27 13:10:00,23.7,62.8,normal
DEV025,humidity,大阪,2026-04-27 13:10:00,24.6,37.1,warning
DEV026,vibration,大阪,2026-04-27 13:10:00,22.3,33.7,normal
DEV027,temperature,愛知,2026-04-27 13:10:00,29.8,62.6,N/A
DEV028,humidity,愛知,2026-04-27 13:10:00,21.2,45.6,normal
DEV029,temperature,大阪,2026-04-27 13:10:00,21.0,32.4,normal
DEV030,temperature,愛知,2026-04-27 13:10:00,19.3,69.7,normal
DEV001,vibration,東京,2026-04-27 13:15:00,28.2,36.4,warning
DEV002,temperature,愛知,2026-04-27 13:15:00,29.4,45.8,normal
DEV003,humidity,東京,2026-04-27 13:15:00,22.1,57.9,normal
DEV004,temperature,東京,2026-04-27 13:15:00,25.6,52.1,normal
DEV005,vibration,東京,2026-04-27 13:15:00,19.8,66.4,normal
DEV006,vibration,愛知,2026-04-27 13:15:00,25.1,43.6,normal
DEV007,vibration,東京,2026-04-27 13:15:00,23.5,67.4,normal
DEV008,vibration,大阪,2026-04-27 13:15:00,24.6,40.9,normal
DEV009,temperature,東京,2026-04-27 13:15:00,21.9,39.9,N/A
DEV010,temperature,東京,2026-04-27 13:15:00,,45.7,critical
DEV011,temperature,愛知,2026-04-27 13:15:00,24.8,39.5,N/A
DEV012,vibration,東京,2026-04-27 13:15:00,27.1,33.1,normal
DEV013,vibration,東京,2026-04-27 13:15:00,20.7,33.3,normal
DEV014,vibration,愛知,2026-04-27 13:15:00,24.2,48.5,normal
DEV015,vibration,愛知,2026-04-27 13:15:00,24.0,35.2,normal
DEV016,humidity,東京,2026-04-27 13:15:00,20.0,30.2,normal
DEV017,humidity,愛知,2026-04-27 13:15:00,25.4,68.4,normal
DEV018,humidity,東京,2026-04-27 13:15:00,19.7,53.0,normal
DEV019,temperature,愛知,2026-04-27 13:15:00,19.5,61.4,N/A
DEV020,humidity,大阪,2026-04-27 13:15:00,27.4,37.4,normal
DEV021,humidity,東京,2026-04-27 13:15:00,27.0,55.3,normal
DEV022,temperature,大阪,2026-04-27 13:15:00,21.6,38.2,normal
DEV023,temperature,東京,2026-04-27 13:15:00,23.5,53.4,N/A
DEV024,humidity,東京,2026-04-27 13:15:00,21.6,62.8,normal
DEV025,humidity,大阪,2026-04-27 13:15:00,26.0,34.4,normal
DEV026,vibration,大阪,2026-04-27 13:15:00,22.6,48.4,N/A
DEV027,temperature,愛知,2026-04-27 13:15:00,29.9,N/A,critical
DEV028,humidity,愛知,2026-04-27 13:15:00,21.9,31.3,normal
DEV029,temperature,大阪,2026-04-27 13:15:00,22.2,31.1,normal
DEV030,temperature,愛知,2026-04-27 13:15:00,21.0,59.3,normal
DEV001,vibration,東京,2026-04-27 13:20:00,19.0,40.9,normal
DEV002,temperature,愛知,2026-04-27 13:20:00,29.0,49.3,normal
DEV003,humidity,東京,2026-04-27 13:20:00,21.3,41.3,N/A
DEV004,temperature,東京,2026-04-27 13:20:00,26.3,32.5,normal
DEV005,vibration,東京,2026-04-27 13:20:00,23.9,33.0,normal
DEV006,vibration,愛知,2026-04-27 13:20:00,19.1,69.0,N/A
DEV007,vibration,東京,2026-04-27 13:20:00,25.1,60.9,normal
DEV008,vibration,大阪,2026-04-27 13:20:00,25.9,65.7,normal
DEV009,temperature,東京,2026-04-27 13:20:00,24.7,64.1,normal
DEV010,temperature,東京,2026-04-27 13:20:00,24.5,,normal
DEV011,temperature,愛知,2026-04-27 13:20:00,25.2,35.8,normal
DEV012,vibration,東京,2026-04-27 13:20:00,28.7,42.1,normal
DEV013,vibration,東京,2026-04-27 13:20:00,30.0,37.9,normal
DEV014,vibration,愛知,2026-04-27 13:20:00,23.7,33.8,N/A
DEV015,vibration,愛知,2026-04-27 13:20:00,29.0,33.2,warning
DEV016,humidity,東京,2026-04-27 13:20:00,26.4,49.8,normal
DEV017,humidity,愛知,2026-04-27 13:20:00,27.4,57.3,normal
DEV018,humidity,東京,2026-04-27 13:20:00,21.6,64.7,normal
DEV019,temperature,愛知,2026-04-27 13:20:00,24.2,33.5,normal
DEV020,humidity,大阪,2026-04-27 13:20:00,28.1,55.3,normal
DEV021,humidity,東京,2026-04-27 13:20:00,23.8,60.9,N/A
DEV022,temperature,大阪,2026-04-27 13:20:00,23.2,44.7,normal
DEV023,temperature,東京,2026-04-27 13:20:00,23.1,39.6,normal
DEV024,humidity,東京,2026-04-27 13:20:00,999,42.1,normal
DEV025,humidity,大阪,2026-04-27 13:20:00,22.5,70.0,normal
DEV026,vibration,大阪,2026-04-27 13:20:00,19.8,65.1,normal
DEV027,temperature,愛知,2026-04-27 13:20:00,19.0,43.3,normal
DEV028,humidity,愛知,2026-04-27 13:20:00,23.2,45.5,normal
DEV029,temperature,大阪,2026-04-27 13:20:00,27.8,69.9,normal
DEV030,temperature,愛知,2026-04-27 13:20:00,24.0,33.0,normal
DEV001,vibration,東京,2026-04-27 13:25:00,21.4,32.6,warning
DEV002,temperature,愛知,2026-04-27 13:25:00,25.2,50.8,normal
DEV003,humidity,東京,2026-04-27 13:25:00,25.3,69.3,N/A
DEV004,temperature,東京,2026-04-27 13:25:00,18.7,53.6,normal
DEV005,vibration,東京,2026-04-27 13:25:00,22.2,46.1,normal
DEV006,vibration,愛知,2026-04-27 13:25:00,24.1,64.1,normal
DEV007,vibration,東京,2026-04-27 13:25:00,26.7,45.6,normal
DEV008,vibration,大阪,2026-04-27 13:25:00,22.3,40.4,normal
DEV009,temperature,東京,2026-04-27 13:25:00,26.0,64.4,normal
DEV010,temperature,東京,2026-04-27 13:25:00,20.7,45.1,normal
DEV011,temperature,愛知,2026-04-27 13:25:00,21.1,50.5,normal
DEV012,vibration,東京,2026-04-27 13:25:00,18.0,62.5,normal
DEV013,vibration,東京,2026-04-27 13:25:00,18.7,68.9,normal
DEV014,vibration,愛知,2026-04-27 13:25:00,24.4,N/A,normal
DEV015,vibration,愛知,2026-04-27 13:25:00,24.0,44.0,normal
DEV016,humidity,東京,2026-04-27 13:25:00,19.7,37.0,normal
DEV017,humidity,愛知,2026-04-27 13:25:00,24.4,64.7,critical
DEV018,humidity,東京,2026-04-27 13:25:00,30.0,41.9,normal
DEV019,temperature,愛知,2026-04-27 13:25:00,18.5,40.7,N/A
DEV020,humidity,大阪,2026-04-27 13:25:00,20.7,34.1,normal
DEV021,humidity,東京,2026-04-27 13:25:00,22.2,N/A,normal
DEV022,temperature,大阪,2026-04-27 13:25:00,29.6,67.1,normal
DEV023,temperature,東京,2026-04-27 13:25:00,24.4,63.0,normal
DEV024,humidity,東京,2026-04-27 13:25:00,25.7,44.4,warning
DEV025,humidity,大阪,2026-04-27 13:25:00,18.5,51.0,normal
DEV026,vibration,大阪,2026-04-27 13:25:00,24.5,30.9,normal
DEV027,temperature,愛知,2026-04-27 13:25:00,21.5,67.7,normal
DEV028,humidity,愛知,2026-04-27 13:25:00,25.4,35.0,critical
DEV029,temperature,大阪,2026-04-27 13:25:00,19.1,41.5,critical
DEV030,temperature,愛知,2026-04-27 13:25:00,23.4,55.2,critical
DEV001,vibration,東京,2026-04-27 13:30:00,999,50.4,critical
DEV002,temperature,愛知,2026-04-27 13:30:00,20.7,60.2,warning
DEV003,humidity,東京,2026-04-27 13:30:00,24.7,31.0,normal
DEV004,temperature,東京,2026-04-27 13:30:00,25.0,35.8,normal
DEV005,vibration,東京,2026-04-27 13:30:00,25.4,47.8,normal
DEV006,vibration,愛知,2026-04-27 13:30:00,22.8,42.8,normal
DEV007,vibration,東京,2026-04-27 13:30:00,29.5,61.4,N/A
DEV008,vibration,大阪,2026-04-27 13:30:00,26.4,N/A,normal
DEV009,temperature,東京,2026-04-27 13:30:00,28.7,N/A,normal
DEV010,temperature,東京,2026-04-27 13:30:00,23.2,57.6,normal
DEV011,temperature,愛知,2026-04-27 13:30:00,24.2,47.2,normal
DEV012,vibration,東京,2026-04-27 13:30:00,18.6,48.4,normal
DEV013,vibration,東京,2026-04-27 13:30:00,21.3,31.7,normal
DEV014,vibration,愛知,2026-04-27 13:30:00,23.3,38.9,critical
DEV015,vibration,愛知,2026-04-27 13:30:00,25.1,35.6,normal
DEV016,humidity,東京,2026-04-27 13:30:00,24.1,58.9,N/A
DEV017,humidity,愛知,2026-04-27 13:30:00,25.7,41.8,normal
DEV018,humidity,東京,2026-04-27 13:30:00,28.0,37.2,normal
DEV019,temperature,愛知,2026-04-27 13:30:00,26.1,35.6,normal
DEV020,humidity,大阪,2026-04-27 13:30:00,21.6,N/A,normal
DEV021,humidity,東京,2026-04-27 13:30:00,23.5,34.4,normal
DEV022,temperature,大阪,2026-04-27 13:30:00,29.3,34.3,critical
DEV023,temperature,東京,2026-04-27 13:30:00,23.5,53.4,normal
DEV024,humidity,東京,2026-04-27 13:30:00,28.0,45.2,normal
DEV025,humidity,大阪,2026-04-27 13:30:00,22.4,69.9,normal
DEV026,vibration,大阪,2026-04-27 13:30:00,19.7,57.0,normal
DEV027,temperature,愛知,2026-04-27 13:30:00,29.2,42.9,critical
DEV028,humidity,愛知,2026-04-27 13:30:00,19.7,31.8,normal
DEV029,temperature,大阪,2026-04-27 13:30:00,19.7,37.4,N/A
DEV030,temperature,愛知,2026-04-27 13:30:00,23.3,41.8,normal
DEV001,vibration,東京,2026-04-27 13:35:00,28.0,N/A,normal
DEV002,temperature,愛知,2026-04-27 13:35:00,24.5,66.2,normal
DEV003,humidity,東京,2026-04-27 13:35:00,25.1,45.3,normal
DEV004,temperature,東京,2026-04-27 13:35:00,29.9,N/A,normal
DEV005,vibration,東京,2026-04-27 13:35:00,27.8,68.8,normal
DEV006,vibration,愛知,2026-04-27 13:35:00,25.0,42.1,normal
DEV007,vibration,東京,2026-04-27 13:35:00,,46.7,N/A
DEV008,vibration,大阪,2026-04-27 13:35:00,999,55.7,normal
DEV009,temperature,東京,2026-04-27 13:35:00,20.7,33.4,normal
DEV010,temperature,東京,2026-04-27 13:35:00,,37.4,N/A
DEV011,temperature,愛知,2026-04-27 13:35:00,23.2,37.4,normal
DEV012,vibration,東京,2026-04-27 13:35:00,26.6,49.7,critical
DEV013,vibration,東京,2026-04-27 13:35:00,22.2,30.1,warning
DEV014,vibration,愛知,2026-04-27 13:35:00,25.5,39.1,normal
DEV015,vibration,愛知,2026-04-27 13:35:00,22.1,38.7,normal
DEV016,humidity,東京,2026-04-27 13:35:00,22.6,48.6,critical
DEV017,humidity,愛知,2026-04-27 13:35:00,21.4,47.6,normal
DEV018,humidity,東京,2026-04-27 13:35:00,23.3,34.7,normal
DEV019,temperature,愛知,2026-04-27 13:35:00,22.2,58.0,normal
DEV020,humidity,大阪,2026-04-27 13:35:00,26.0,47.1,normal
DEV021,humidity,東京,2026-04-27 13:35:00,22.1,56.4,normal
DEV022,temperature,大阪,2026-04-27 13:35:00,18.3,52.2,normal
DEV023,temperature,東京,2026-04-27 13:35:00,18.7,61.9,N/A
DEV024,humidity,東京,2026-04-27 13:35:00,19.6,34.6,warning
DEV025,humidity,大阪,2026-04-27 13:35:00,26.2,45.5,warning
DEV026,vibration,大阪,2026-04-27 13:35:00,20.5,36.0,warning
DEV027,temperature,愛知,2026-04-27 13:35:00,22.3,64.8,normal
DEV028,humidity,愛知,2026-04-27 13:35:00,24.2,50.5,normal
DEV029,temperature,大阪,2026-04-27 13:35:00,24.0,63.8,N/A
DEV030,temperature,愛知,2026-04-27 13:35:00,18.3,N/A,normal
DEV001,vibration,東京,2026-04-27 13:40:00,22.0,52.8,critical
DEV002,temperature,愛知,2026-04-27 13:40:00,26.4,58.1,normal
DEV003,humidity,東京,2026-04-27 13:40:00,21.1,56.3,critical
DEV004,temperature,東京,2026-04-27 13:40:00,22.6,68.8,critical
DEV005,vibration,東京,2026-04-27 13:40:00,19.2,38.1,warning
DEV006,vibration,愛知,2026-04-27 13:40:00,24.8,43.6,normal
DEV007,vibration,東京,2026-04-27 13:40:00,19.7,61.2,normal
DEV008,vibration,大阪,2026-04-27 13:40:00,27.6,47.1,normal
DEV009,temperature,東京,2026-04-27 13:40:00,23.3,38.8,normal
DEV010,temperature,東京,2026-04-27 13:40:00,19.7,41.2,normal
DEV011,temperature,愛知,2026-04-27 13:40:00,27.7,68.0,normal
DEV012,vibration,東京,2026-04-27 13:40:00,21.8,54.5,normal
DEV013,vibration,東京,2026-04-27 13:40:00,23.3,47.0,normal
DEV014,vibration,愛知,2026-04-27 13:40:00,27.6,44.7,normal
DEV015,vibration,愛知,2026-04-27 13:40:00,,35.5,normal
DEV016,humidity,東京,2026-04-27 13:40:00,24.9,46.8,normal
DEV017,humidity,愛知,2026-04-27 13:40:00,22.0,62.7,normal
DEV018,humidity,東京,2026-04-27 13:40:00,27.2,65.0,warning
DEV019,temperature,愛知,2026-04-27 13:40:00,29.3,58.1,N/A
DEV020,humidity,大阪,2026-04-27 13:40:00,27.3,65.1,normal
DEV021,humidity,東京,2026-04-27 13:40:00,24.9,64.7,normal
DEV022,temperature,大阪,2026-04-27 13:40:00,20.2,41.7,warning
DEV023,temperature,東京,2026-04-27 13:40:00,29.8,64.2,normal
DEV024,humidity,東京,2026-04-27 13:40:00,22.1,52.7,normal
DEV025,humidity,大阪,2026-04-27 13:40:00,28.4,56.2,warning
DEV026,vibration,大阪,2026-04-27 13:40:00,,54.4,normal
DEV027,temperature,愛知,2026-04-27 13:40:00,23.4,67.9,normal
DEV028,humidity,愛知,2026-04-27 13:40:00,20.3,65.2,normal
DEV029,temperature,大阪,2026-04-27 13:40:00,26.4,32.6,normal
DEV030,temperature,愛知,2026-04-27 13:40:00,27.2,45.8,normal
DEV001,vibration,東京,2026-04-27 13:45:00,26.1,61.4,critical
DEV002,temperature,愛知,2026-04-27 13:45:00,18.1,35.5,normal
DEV003,humidity,東京,2026-04-27 13:45:00,,32.0,critical
DEV004,temperature,東京,2026-04-27 13:45:00,29.0,62.7,critical
DEV005,vibration,東京,2026-04-27 13:45:00,29.9,64.0,N/A
DEV006,vibration,愛知,2026-04-27 13:45:00,29.4,67.5,critical
DEV007,vibration,東京,2026-04-27 13:45:00,24.0,33.4,normal
DEV008,vibration,大阪,2026-04-27 13:45:00,28.2,40.1,normal
DEV009,temperature,東京,2026-04-27 13:45:00,28.5,31.0,normal
DEV010,temperature,東京,2026-04-27 13:45:00,21.4,32.1,normal
DEV011,temperature,愛知,2026-04-27 13:45:00,25.5,33.7,N/A
DEV012,vibration,東京,2026-04-27 13:45:00,22.5,68.8,normal
DEV013,vibration,東京,2026-04-27 13:45:00,28.8,34.4,normal
DEV014,vibration,愛知,2026-04-27 13:45:00,24.4,58.3,normal
DEV015,vibration,愛知,2026-04-27 13:45:00,18.6,59.3,N/A
DEV016,humidity,東京,2026-04-27 13:45:00,26.7,,normal
DEV017,humidity,愛知,2026-04-27 13:45:00,18.7,39.7,normal
DEV018,humidity,東京,2026-04-27 13:45:00,28.7,57.5,normal
DEV019,temperature,愛知,2026-04-27 13:45:00,25.6,50.6,normal
DEV020,humidity,大阪,2026-04-27 13:45:00,23.5,32.0,normal
DEV021,humidity,東京,2026-04-27 13:45:00,18.1,50.7,normal
DEV022,temperature,大阪,2026-04-27 13:45:00,23.4,62.6,critical
DEV023,temperature,東京,2026-04-27 13:45:00,19.1,31.5,warning
DEV024,humidity,東京,2026-04-27 13:45:00,25.9,54.3,critical
DEV025,humidity,大阪,2026-04-27 13:45:00,20.5,47.4,normal
DEV026,vibration,大阪,2026-04-27 13:45:00,29.1,62.0,normal
DEV027,temperature,愛知,2026-04-27 13:45:00,24.8,63.3,warning
DEV028,humidity,愛知,2026-04-27 13:45:00,26.8,56.6,normal
DEV029,temperature,大阪,2026-04-27 13:45:00,23.7,,normal
DEV030,temperature,愛知,2026-04-27 13:45:00,22.0,38.3,normal
DEV001,vibration,東京,2026-04-27 13:50:00,25.7,43.9,normal
DEV002,temperature,愛知,2026-04-27 13:50:00,19.8,44.6,normal
DEV003,humidity,東京,2026-04-27 13:50:00,24.9,60.4,normal
DEV004,temperature,東京,2026-04-27 13:50:00,22.7,33.8,warning
DEV005,vibration,東京,2026-04-27 13:50:00,18.5,51.6,normal
DEV006,vibration,愛知,2026-04-27 13:50:00,23.1,64.8,normal
DEV007,vibration,東京,2026-04-27 13:50:00,27.3,N/A,critical
DEV008,vibration,大阪,2026-04-27 13:50:00,19.9,37.2,normal
DEV009,temperature,東京,2026-04-27 13:50:00,24.7,40.2,normal
DEV010,temperature,東京,2026-04-27 13:50:00,27.7,36.6,normal
DEV011,temperature,愛知,2026-04-27 13:50:00,22.4,34.3,normal
DEV012,vibration,東京,2026-04-27 13:50:00,,62.7,normal
DEV013,vibration,東京,2026-04-27 13:50:00,24.8,65.4,normal
DEV014,vibration,愛知,2026-04-27 13:50:00,27.2,64.6,normal
DEV015,vibration,愛知,2026-04-27 13:50:00,27.5,66.8,normal
DEV016,humidity,東京,2026-04-27 13:50:00,27.1,42.8,warning
DEV017,humidity,愛知,2026-04-27 13:50:00,29.1,61.2,normal
DEV018,humidity,東京,2026-04-27 13:50:00,,35.9,normal
DEV019,temperature,愛知,2026-04-27 13:50:00,26.6,37.7,normal
DEV020,humidity,大阪,2026-04-27 13:50:00,28.7,44.0,warning
DEV021,humidity,東京,2026-04-27 13:50:00,26.3,48.8,N/A
DEV022,temperature,大阪,2026-04-27 13:50:00,27.4,67.4,N/A
DEV023,temperature,東京,2026-04-27 13:50:00,23.7,58.4,normal
DEV024,humidity,東京,2026-04-27 13:50:00,22.8,46.3,normal
DEV025,humidity,大阪,2026-04-27 13:50:00,26.7,64.2,normal
DEV026,vibration,大阪,2026-04-27 13:50:00,21.2,N/A,normal
DEV027,temperature,愛知,2026-04-27 13:50:00,29.2,67.8,normal
DEV028,humidity,愛知,2026-04-27 13:50:00,22.4,55.0,normal
DEV029,temperature,大阪,2026-04-27 13:50:00,19.1,40.3,N/A
DEV030,temperature,愛知,2026-04-27 13:50:00,23.5,41.4,normal
DEV001,vibration,東京,2026-04-27 13:55:00,27.1,61.5,N/A
DEV002,temperature,愛知,2026-04-27 13:55:00,28.9,59.8,normal
DEV003,humidity,東京,2026-04-27 13:55:00,999,63.2,normal
DEV004,temperature,東京,2026-04-27 13:55:00,18.4,,normal
DEV005,vibration,東京,2026-04-27 13:55:00,24.9,40.5,warning
DEV006,vibration,愛知,2026-04-27 13:55:00,25.2,66.7,normal
DEV007,vibration,東京,2026-04-27 13:55:00,21.5,38.3,warning
DEV008,vibration,大阪,2026-04-27 13:55:00,25.2,52.8,warning
DEV009,temperature,東京,2026-04-27 13:55:00,27.8,68.8,critical
DEV010,temperature,東京,2026-04-27 13:55:00,29.8,41.3,normal
DEV011,temperature,愛知,2026-04-27 13:55:00,18.3,67.7,warning
DEV012,vibration,東京,2026-04-27 13:55:00,27.8,44.6,critical
DEV013,vibration,東京,2026-04-27 13:55:00,22.7,64.3,N/A
DEV014,vibration,愛知,2026-04-27 13:55:00,29.9,35.1,normal
DEV015,vibration,愛知,2026-04-27 13:55:00,999,,normal
DEV016,humidity,東京,2026-04-27 13:55:00,,32.0,normal
DEV017,humidity,愛知,2026-04-27 13:55:00,22.5,N/A,normal
DEV018,humidity,東京,2026-04-27 13:55:00,24.7,38.3,normal
DEV019,temperature,愛知,2026-04-27 13:55:00,19.4,38.1,normal
DEV020,humidity,大阪,2026-04-27 13:55:00,26.4,39.4,normal
DEV021,humidity,東京,2026-04-27 13:55:00,28.9,58.5,normal
DEV022,temperature,大阪,2026-04-27 13:55:00,19.1,58.9,N/A
DEV023,temperature,東京,2026-04-27 13:55:00,27.8,32.6,warning
DEV024,humidity,東京,2026-04-27 13:55:00,26.7,42.4,critical
DEV025,humidity,大阪,2026-04-27 13:55:00,20.1,67.9,normal
DEV026,vibration,大阪,2026-04-27 13:55:00,21.3,65.2,N/A
DEV027,temperature,愛知,2026-04-27 13:55:00,25.5,59.6,normal
DEV028,humidity,愛知,2026-04-27 13:55:00,26.5,46.7,normal
DEV029,temperature,大阪,2026-04-27 13:55:00,23.0,66.6,normal
DEV030,temperature,愛知,2026-04-27 13:55:00,27.7,35.5,normal
DEV001,vibration,東京,2026-04-27 14:00:00,22.2,60.4,normal
DEV002,temperature,愛知,2026-04-27 14:00:00,28.7,60.8,normal
DEV003,humidity,東京,2026-04-27 14:00:00,28.9,69.7,normal
DEV004,temperature,東京,2026-04-27 14:00:00,999,51.9,normal
DEV005,vibration,東京,2026-04-27 14:00:00,26.9,N/A,N/A
DEV006,vibration,愛知,2026-04-27 14:00:00,29.2,54.7,normal
DEV007,vibration,東京,2026-04-27 14:00:00,19.1,35.0,normal
DEV008,vibration,大阪,2026-04-27 14:00:00,23.1,69.9,normal
DEV009,temperature,東京,2026-04-27 14:00:00,27.1,62.5,normal
DEV010,temperature,東京,2026-04-27 14:00:00,28.4,49.1,normal
DEV011,temperature,愛知,2026-04-27 14:00:00,24.5,46.4,normal
DEV012,vibration,東京,2026-04-27 14:00:00,24.3,44.3,normal
DEV013,vibration,東京,2026-04-27 14:00:00,22.8,55.6,warning
DEV014,vibration,愛知,2026-04-27 14:00:00,20.1,47.0,normal
DEV015,vibration,愛知,2026-04-27 14:00:00,28.0,52.8,normal
DEV016,humidity,東京,2026-04-27 14:00:00,22.8,69.6,normal
DEV017,humidity,愛知,2026-04-27 14:00:00,24.6,57.0,critical
DEV018,humidity,東京,2026-04-27 14:00:00,18.0,53.3,normal
DEV019,temperature,愛知,2026-04-27 14:00:00,19.3,54.9,warning
DEV020,humidity,大阪,2026-04-27 14:00:00,23.2,63.4,normal
DEV021,humidity,東京,2026-04-27 14:00:00,24.6,52.3,critical
DEV022,temperature,大阪,2026-04-27 14:00:00,,N/A,normal
DEV023,temperature,東京,2026-04-27 14:00:00,29.3,60.9,normal
DEV024,humidity,東京,2026-04-27 14:00:00,27.4,52.1,normal
DEV025,humidity,大阪,2026-04-27 14:00:00,29.4,68.3,normal
DEV026,vibration,大阪,2026-04-27 14:00:00,22.2,51.3,normal
DEV027,temperature,愛知,2026-04-27 14:00:00,28.1,47.1,normal
DEV028,humidity,愛知,2026-04-27 14:00:00,22.3,,N/A
DEV029,temperature,大阪,2026-04-27 14:00:00,21.2,37.2,warning
DEV030,temperature,愛知,2026-04-27 14:00:00,28.7,48.5,normal
DEV001,vibration,東京,2026-04-27 14:05:00,25.7,53.6,normal
DEV002,temperature,愛知,2026-04-27 14:05:00,26.8,55.3,normal
DEV003,humidity,東京,2026-04-27 14:05:00,22.7,49.7,normal
DEV004,temperature,東京,2026-04-27 14:05:00,29.6,55.7,normal
DEV005,vibration,東京,2026-04-27 14:05:00,20.2,37.6,N/A
DEV006,vibration,愛知,2026-04-27 14:05:00,19.4,45.4,normal
DEV007,vibration,東京,2026-04-27 14:05:00,,55.6,normal
DEV008,vibration,大阪,2026-04-27 14:05:00,27.7,66.2,normal
DEV009,temperature,東京,2026-04-27 14:05:00,26.4,44.5,warning
DEV010,temperature,東京,2026-04-27 14:05:00,26.8,31.0,normal
DEV011,temperature,愛知,2026-04-27 14:05:00,27.4,55.7,normal
DEV012,vibration,東京,2026-04-27 14:05:00,29.4,44.7,normal
DEV013,vibration,東京,2026-04-27 14:05:00,28.9,58.8,critical
DEV014,vibration,愛知,2026-04-27 14:05:00,27.5,42.2,normal
DEV015,vibration,愛知,2026-04-27 14:05:00,22.0,45.2,normal
DEV016,humidity,東京,2026-04-27 14:05:00,29.7,46.8,critical
DEV017,humidity,愛知,2026-04-27 14:05:00,27.0,37.9,normal
DEV018,humidity,東京,2026-04-27 14:05:00,28.3,67.1,critical
DEV019,temperature,愛知,2026-04-27 14:05:00,25.6,63.3,normal
DEV020,humidity,大阪,2026-04-27 14:05:00,22.7,42.5,normal
DEV021,humidity,東京,2026-04-27 14:05:00,,48.4,normal
DEV022,temperature,大阪,2026-04-27 14:05:00,18.1,54.4,normal
DEV023,temperature,東京,2026-04-27 14:05:00,28.6,62.2,critical
DEV024,humidity,東京,2026-04-27 14:05:00,27.9,39.8,normal
DEV025,humidity,大阪,2026-04-27 14:05:00,26.3,31.3,normal
DEV026,vibration,大阪,2026-04-27 14:05:00,27.5,32.4,normal
DEV027,temperature,愛知,2026-04-27 14:05:00,24.4,36.6,normal
DEV028,humidity,愛知,2026-04-27 14:05:00,20.4,69.4,N/A
DEV029,temperature,大阪,2026-04-27 14:05:00,24.8,47.9,warning
DEV030,temperature,愛知,2026-04-27 14:05:00,28.1,40.8,normal
DEV001,vibration,東京,2026-04-27 14:10:00,29.6,N/A,critical
DEV002,temperature,愛知,2026-04-27 14:10:00,18.8,52.4,normal
DEV003,humidity,東京,2026-04-27 14:10:00,18.5,57.9,normal
DEV004,temperature,東京,2026-04-27 14:10:00,22.1,68.4,normal
DEV005,vibration,東京,2026-04-27 14:10:00,22.1,35.6,warning
DEV006,vibration,愛知,2026-04-27 14:10:00,27.3,57.4,normal
DEV007,vibration,東京,2026-04-27 14:10:00,25.4,43.2,normal
DEV008,vibration,大阪,2026-04-27 14:10:00,26.7,35.7,normal
DEV009,temperature,東京,2026-04-27 14:10:00,21.3,46.0,normal
DEV010,temperature,東京,2026-04-27 14:10:00,27.8,47.4,normal
DEV011,temperature,愛知,2026-04-27 14:10:00,27.7,57.7,critical
DEV012,vibration,東京,2026-04-27 14:10:00,20.7,58.6,normal
DEV013,vibration,東京,2026-04-27 14:10:00,22.1,55.3,normal
DEV014,vibration,愛知,2026-04-27 14:10:00,27.6,55.0,N/A
DEV015,vibration,愛知,2026-04-27 14:10:00,19.1,66.1,normal
DEV016,humidity,東京,2026-04-27 14:10:00,22.3,38.8,warning
DEV017,humidity,愛知,2026-04-27 14:10:00,29.1,49.0,critical
DEV018,humidity,東京,2026-04-27 14:10:00,23.0,47.7,normal
DEV019,temperature,愛知,2026-04-27 14:10:00,28.1,56.7,warning
DEV020,humidity,大阪,2026-04-27 14:10:00,23.1,64.8,normal
DEV021,humidity,東京,2026-04-27 14:10:00,21.1,60.1,normal
DEV022,temperature,大阪,2026-04-27 14:10:00,24.3,61.3,warning
DEV023,temperature,東京,2026-04-27 14:10:00,18.2,32.4,N/A
DEV024,humidity,東京,2026-04-27 14:10:00,25.2,30.8,normal
DEV025,humidity,大阪,2026-04-27 14:10:00,25.2,47.4,warning
DEV026,vibration,大阪,2026-04-27 14:10:00,21.7,,normal
DEV027,temperature,愛知,2026-04-27 14:10:00,27.9,66.7,normal
DEV028,humidity,愛知,2026-04-27 14:10:00,26.4,39.1,normal
DEV029,temperature,大阪,2026-04-27 14:10:00,29.4,61.3,critical
DEV030,temperature,愛知,2026-04-27 14:10:00,24.4,,critical
DEV001,vibration,東京,2026-04-27 14:15:00,29.2,56.0,normal
DEV002,temperature,愛知,2026-04-27 14:15:00,25.3,41.9,normal
DEV003,humidity,東京,2026-04-27 14:15:00,19.7,58.9,normal
DEV004,temperature,東京,2026-04-27 14:15:00,19.6,44.8,normal
DEV005,vibration,東京,2026-04-27 14:15:00,25.3,58.7,normal
DEV006,vibration,愛知,2026-04-27 14:15:00,27.0,37.8,normal
DEV007,vibration,東京,2026-04-27 14:15:00,26.5,39.9,N/A
DEV008,vibration,大阪,2026-04-27 14:15:00,29.0,31.5,normal
DEV009,temperature,東京,2026-04-27 14:15:00,25.0,57.1,normal
DEV010,temperature,東京,2026-04-27 14:15:00,22.9,34.6,warning
DEV011,temperature,愛知,2026-04-27 14:15:00,22.7,43.6,normal
DEV012,vibration,東京,2026-04-27 14:15:00,20.6,34.5,normal
DEV013,vibration,東京,2026-04-27 14:15:00,25.4,59.2,warning
DEV014,vibration,愛知,2026-04-27 14:15:00,25.4,53.7,normal
DEV015,vibration,愛知,2026-04-27 14:15:00,28.8,47.7,warning
DEV016,humidity,東京,2026-04-27 14:15:00,23.8,44.4,N/A
DEV017,humidity,愛知,2026-04-27 14:15:00,23.4,N/A,normal
DEV018,humidity,東京,2026-04-27 14:15:00,25.1,59.2,normal
DEV019,temperature,愛知,2026-04-27 14:15:00,18.7,32.0,normal
DEV020,humidity,大阪,2026-04-27 14:15:00,,45.1,critical
DEV021,humidity,東京,2026-04-27 14:15:00,23.9,65.5,normal
DEV022,temperature,大阪,2026-04-27 14:15:00,28.6,42.6,normal
DEV023,temperature,東京,2026-04-27 14:15:00,22.8,61.2,normal
DEV024,humidity,東京,2026-04-27 14:15:00,,61.5,normal
DEV025,humidity,大阪,2026-04-27 14:15:00,26.3,41.9,normal
DEV026,vibration,大阪,2026-04-27 14:15:00,26.7,47.0,critical
DEV027,temperature,愛知,2026-04-27 14:15:00,18.9,52.0,normal
DEV028,humidity,愛知,2026-04-27 14:15:00,18.9,42.5,normal
DEV029,temperature,大阪,2026-04-27 14:15:00,22.5,42.4,normal
DEV030,temperature,愛知,2026-04-27 14:15:00,,56.3,normal
DEV001,vibration,東京,2026-04-27 14:20:00,20.8,,critical
DEV002,temperature,愛知,2026-04-27 14:20:00,26.2,60.1,normal
DEV003,humidity,東京,2026-04-27 14:20:00,26.7,38.9,normal
DEV004,temperature,東京,2026-04-27 14:20:00,24.8,33.4,warning
DEV005,vibration,東京,2026-04-27 14:20:00,26.9,48.6,critical
DEV006,vibration,愛知,2026-04-27 14:20:00,21.7,49.3,normal
DEV007,vibration,東京,2026-04-27 14:20:00,999,33.2,normal
DEV008,vibration,大阪,2026-04-27 14:20:00,29.6,48.3,normal
DEV009,temperature,東京,2026-04-27 14:20:00,24.7,31.1,critical
DEV010,temperature,東京,2026-04-27 14:20:00,21.8,48.4,critical
DEV011,temperature,愛知,2026-04-27 14:20:00,27.2,53.4,normal
DEV012,vibration,東京,2026-04-27 14:20:00,27.6,40.4,normal
DEV013,vibration,東京,2026-04-27 14:20:00,23.7,43.8,normal
DEV014,vibration,愛知,2026-04-27 14:20:00,25.2,49.9,normal
DEV015,vibration,愛知,2026-04-27 14:20:00,26.8,57.5,critical
DEV016,humidity,東京,2026-04-27 14:20:00,27.0,39.6,normal
DEV017,humidity,愛知,2026-04-27 14:20:00,19.6,63.2,warning
DEV018,humidity,東京,2026-04-27 14:20:00,29.3,49.8,warning
DEV019,temperature,愛知,2026-04-27 14:20:00,24.5,49.1,normal
DEV020,humidity,大阪,2026-04-27 14:20:00,18.6,38.7,normal
DEV021,humidity,東京,2026-04-27 14:20:00,29.5,61.5,normal
DEV022,temperature,大阪,2026-04-27 14:20:00,23.1,30.0,normal
DEV023,temperature,東京,2026-04-27 14:20:00,23.5,57.4,normal
DEV024,humidity,東京,2026-04-27 14:20:00,19.2,50.5,normal
DEV025,humidity,大阪,2026-04-27 14:20:00,29.9,38.3,normal
DEV026,vibration,大阪,2026-04-27 14:20:00,18.3,42.5,critical
DEV027,temperature,愛知,2026-04-27 14:20:00,22.6,49.3,normal
DEV028,humidity,愛知,2026-04-27 14:20:00,24.6,39.3,normal
DEV029,temperature,大阪,2026-04-27 14:20:00,20.6,66.8,normal
DEV030,temperature,愛知,2026-04-27 14:20:00,20.7,60.6,N/A
DEV001,vibration,東京,2026-04-27 14:25:00,27.0,68.2,N/A
DEV002,temperature,愛知,2026-04-27 14:25:00,25.7,32.3,normal
DEV003,humidity,東京,2026-04-27 14:25:00,21.4,,normal
DEV004,temperature,東京,2026-04-27 14:25:00,999,57.4,N/A
DEV005,vibration,東京,2026-04-27 14:25:00,24.5,50.5,normal
DEV006,vibration,愛知,2026-04-27 14:25:00,24.2,N/A,critical
DEV007,vibration,東京,2026-04-27 14:25:00,26.4,67.8,normal
DEV008,vibration,大阪,2026-04-27 14:25:00,23.8,51.0,critical
DEV009,temperature,東京,2026-04-27 14:25:00,28.0,41.4,N/A
DEV010,temperature,東京,2026-04-27 14:25:00,25.2,67.2,normal
DEV011,temperature,愛知,2026-04-27 14:25:00,19.5,64.1,normal
DEV012,vibration,東京,2026-04-27 14:25:00,22.3,52.1,critical
DEV013,vibration,東京,2026-04-27 14:25:00,29.9,30.4,normal
DEV014,vibration,愛知,2026-04-27 14:25:00,25.6,68.3,normal
DEV015,vibration,愛知,2026-04-27 14:25:00,20.9,38.0,normal
DEV016,humidity,東京,2026-04-27 14:25:00,23.5,63.3,warning
DEV017,humidity,愛知,2026-04-27 14:25:00,26.9,34.1,N/A
DEV018,humidity,東京,2026-04-27 14:25:00,22.9,52.4,normal
DEV019,temperature,愛知,2026-04-27 14:25:00,28.1,64.1,N/A
DEV020,humidity,大阪,2026-04-27 14:25:00,28.6,51.2,normal
DEV021,humidity,東京,2026-04-27 14:25:00,19.4,62.9,warning
DEV022,temperature,大阪,2026-04-27 14:25:00,29.9,61.8,normal
DEV023,temperature,東京,2026-04-27 14:25:00,20.7,37.8,normal
DEV024,humidity,東京,2026-04-27 14:25:00,20.9,64.4,normal
DEV025,humidity,大阪,2026-04-27 14:25:00,18.4,42.4,N/A
DEV026,vibration,大阪,2026-04-27 14:25:00,20.9,54.1,normal
DEV027,temperature,愛知,2026-04-27 14:25:00,27.3,43.7,normal
DEV028,humidity,愛知,2026-04-27 14:25:00,27.8,53.9,N/A
DEV029,temperature,大阪,2026-04-27 14:25:00,28.0,64.0,normal
DEV030,temperature,愛知,2026-04-27 14:25:00,19.8,61.1,normal
DEV001,vibration,東京,2026-04-27 14:30:00,27.7,54.0,normal
DEV002,temperature,愛知,2026-04-27 14:30:00,28.6,59.6,normal
DEV003,humidity,東京,2026-04-27 14:30:00,28.4,66.2,normal
DEV004,temperature,東京,2026-04-27 14:30:00,29.9,46.2,normal
DEV005,vibration,東京,2026-04-27 14:30:00,24.5,53.9,normal
DEV006,vibration,愛知,2026-04-27 14:30:00,27.9,52.2,normal
DEV007,vibration,東京,2026-04-27 14:30:00,21.8,32.1,normal
DEV008,vibration,大阪,2026-04-27 14:30:00,,48.8,normal
DEV009,temperature,東京,2026-04-27 14:30:00,26.8,54.9,N/A
DEV010,temperature,東京,2026-04-27 14:30:00,25.9,61.5,critical
DEV011,temperature,愛知,2026-04-27 14:30:00,25.6,31.3,N/A
DEV012,vibration,東京,2026-04-27 14:30:00,20.1,49.3,normal
DEV013,vibration,東京,2026-04-27 14:30:00,29.3,46.7,critical
DEV014,vibration,愛知,2026-04-27 14:30:00,28.5,54.9,normal
DEV015,vibration,愛知,2026-04-27 14:30:00,23.4,35.4,warning
DEV016,humidity,東京,2026-04-27 14:30:00,26.5,58.3,normal
DEV017,humidity,愛知,2026-04-27 14:30:00,25.8,59.4,normal
DEV018,humidity,東京,2026-04-27 14:30:00,25.4,63.6,normal
DEV019,temperature,愛知,2026-04-27 14:30:00,18.7,39.8,normal
DEV020,humidity,大阪,2026-04-27 14:30:00,21.7,N/A,critical
DEV021,humidity,東京,2026-04-27 14:30:00,27.5,36.7,critical
DEV022,temperature,大阪,2026-04-27 14:30:00,21.2,56.7,normal
DEV023,temperature,東京,2026-04-27 14:30:00,20.9,44.7,N/A
DEV024,humidity,東京,2026-04-27 14:30:00,22.9,67.5,normal
DEV025,humidity,大阪,2026-04-27 14:30:00,24.2,69.2,normal
DEV026,vibration,大阪,2026-04-27 14:30:00,18.1,41.4,normal
DEV027,temperature,愛知,2026-04-27 14:30:00,20.3,58.3,normal
DEV028,humidity,愛知,2026-04-27 14:30:00,21.8,35.4,normal
DEV029,temperature,大阪,2026-04-27 14:30:00,26.2,50.3,normal
DEV030,temperature,愛知,2026-04-27 14:30:00,18.9,61.2,normal
DEV001,vibration,東京,2026-04-27 14:35:00,21.8,40.7,N/A
DEV002,temperature,愛知,2026-04-27 14:35:00,20.1,37.0,warning
DEV003,humidity,東京,2026-04-27 14:35:00,22.6,67.5,normal
DEV004,temperature,東京,2026-04-27 14:35:00,27.3,39.3,critical
DEV005,vibration,東京,2026-04-27 14:35:00,24.8,32.6,critical
DEV006,vibration,愛知,2026-04-27 14:35:00,20.3,63.4,normal
DEV007,vibration,東京,2026-04-27 14:35:00,21.7,55.2,normal
DEV008,vibration,大阪,2026-04-27 14:35:00,22.5,50.5,normal
DEV009,temperature,東京,2026-04-27 14:35:00,20.3,57.0,critical
DEV010,temperature,東京,2026-04-27 14:35:00,29.4,48.9,normal
DEV011,temperature,愛知,2026-04-27 14:35:00,26.9,66.1,normal
DEV012,vibration,東京,2026-04-27 14:35:00,24.1,44.5,normal
DEV013,vibration,東京,2026-04-27 14:35:00,21.0,45.3,N/A
DEV014,vibration,愛知,2026-04-27 14:35:00,24.7,48.0,normal
DEV015,vibration,愛知,2026-04-27 14:35:00,28.0,43.9,critical
DEV016,humidity,東京,2026-04-27 14:35:00,29.2,69.5,N/A
DEV017,humidity,愛知,2026-04-27 14:35:00,29.8,55.3,normal
DEV018,humidity,東京,2026-04-27 14:35:00,23.1,64.9,normal
DEV019,temperature,愛知,2026-04-27 14:35:00,20.5,63.6,warning
DEV020,humidity,大阪,2026-04-27 14:35:00,18.5,62.1,critical
DEV021,humidity,東京,2026-04-27 14:35:00,18.5,53.5,normal
DEV022,temperature,大阪,2026-04-27 14:35:00,24.1,67.4,normal
DEV023,temperature,東京,2026-04-27 14:35:00,25.3,45.1,normal
DEV024,humidity,東京,2026-04-27 14:35:00,25.1,40.3,normal
DEV025,humidity,大阪,2026-04-27 14:35:00,19.3,64.2,normal
DEV026,vibration,大阪,2026-04-27 14:35:00,28.4,32.1,normal
DEV027,temperature,愛知,2026-04-27 14:35:00,28.9,68.5,normal
DEV028,humidity,愛知,2026-04-27 14:35:00,21.1,58.6,warning
DEV029,temperature,大阪,2026-04-27 14:35:00,22.7,46.8,normal
DEV030,temperature,愛知,2026-04-27 14:35:00,,51.7,critical
DEV001,vibration,東京,2026-04-27 14:40:00,18.2,49.7,normal
DEV002,temperature,愛知,2026-04-27 14:40:00,28.6,38.2,normal
DEV003,humidity,東京,2026-04-27 14:40:00,22.4,69.3,N/A
DEV004,temperature,東京,2026-04-27 14:40:00,18.2,67.1,normal
DEV005,vibration,東京,2026-04-27 14:40:00,18.2,46.4,N/A
DEV006,vibration,愛知,2026-04-27 14:40:00,20.8,31.8,normal
DEV007,vibration,東京,2026-04-27 14:40:00,27.5,48.9,critical
DEV008,vibration,大阪,2026-04-27 14:40:00,28.8,35.0,normal
DEV009,temperature,東京,2026-04-27 14:40:00,22.0,57.3,normal
DEV010,temperature,東京,2026-04-27 14:40:00,28.5,47.1,normal
DEV011,temperature,愛知,2026-04-27 14:40:00,28.5,69.7,normal
DEV012,vibration,東京,2026-04-27 14:40:00,27.1,55.9,N/A
DEV013,vibration,東京,2026-04-27 14:40:00,27.0,64.7,normal
DEV014,vibration,愛知,2026-04-27 14:40:00,24.1,58.8,normal
DEV015,vibration,愛知,2026-04-27 14:40:00,,60.6,warning
DEV016,humidity,東京,2026-04-27 14:40:00,22.5,68.7,N/A
DEV017,humidity,愛知,2026-04-27 14:40:00,18.0,66.8,normal
DEV018,humidity,東京,2026-04-27 14:40:00,28.4,48.4,critical
DEV019,temperature,愛知,2026-04-27 14:40:00,23.7,45.5,normal
DEV020,humidity,大阪,2026-04-27 14:40:00,29.3,38.6,normal
DEV021,humidity,東京,2026-04-27 14:40:00,20.5,46.1,N/A
DEV022,temperature,大阪,2026-04-27 14:40:00,26.9,34.2,normal
DEV023,temperature,東京,2026-04-27 14:40:00,19.8,47.6,normal
DEV024,humidity,東京,2026-04-27 14:40:00,26.6,31.9,normal
DEV025,humidity,大阪,2026-04-27 14:40:00,28.6,64.7,warning
DEV026,vibration,大阪,2026-04-27 14:40:00,23.1,65.6,normal
DEV027,temperature,愛知,2026-04-27 14:40:00,22.7,57.9,critical
DEV028,humidity,愛知,2026-04-27 14:40:00,28.9,54.2,warning
DEV029,temperature,大阪,2026-04-27 14:40:00,23.9,45.0,normal
DEV030,temperature,愛知,2026-04-27 14:40:00,25.8,63.6,normal
DEV001,vibration,東京,2026-04-27 14:45:00,22.2,60.0,normal
DEV002,temperature,愛知,2026-04-27 14:45:00,28.4,61.4,warning
DEV003,humidity,東京,2026-04-27 14:45:00,23.0,31.0,normal
DEV004,temperature,東京,2026-04-27 14:45:00,,46.9,normal
DEV005,vibration,東京,2026-04-27 14:45:00,25.2,41.9,normal
DEV006,vibration,愛知,2026-04-27 14:45:00,23.7,61.1,normal
DEV007,vibration,東京,2026-04-27 14:45:00,18.7,,normal
DEV008,vibration,大阪,2026-04-27 14:45:00,21.3,,normal
DEV009,temperature,東京,2026-04-27 14:45:00,22.3,39.7,normal
DEV010,temperature,東京,2026-04-27 14:45:00,22.1,68.3,normal
DEV011,temperature,愛知,2026-04-27 14:45:00,23.1,68.2,normal
DEV012,vibration,東京,2026-04-27 14:45:00,19.6,69.4,normal
DEV013,vibration,東京,2026-04-27 14:45:00,18.4,64.2,N/A
DEV014,vibration,愛知,2026-04-27 14:45:00,18.8,62.6,N/A
DEV015,vibration,愛知,2026-04-27 14:45:00,26.0,33.1,N/A
DEV016,humidity,東京,2026-04-27 14:45:00,25.2,59.4,normal
DEV017,humidity,愛知,2026-04-27 14:45:00,19.0,65.5,critical
DEV018,humidity,東京,2026-04-27 14:45:00,29.5,41.1,normal
DEV019,temperature,愛知,2026-04-27 14:45:00,26.8,47.0,normal
DEV020,humidity,大阪,2026-04-27 14:45:00,27.2,49.5,normal
DEV021,humidity,東京,2026-04-27 14:45:00,23.5,46.0,normal
DEV022,temperature,大阪,2026-04-27 14:45:00,19.8,59.6,normal
DEV023,temperature,東京,2026-04-27 14:45:00,22.1,45.0,critical
DEV024,humidity,東京,2026-04-27 14:45:00,18.8,58.1,normal
DEV025,humidity,大阪,2026-04-27 14:45:00,,58.2,warning
DEV026,vibration,大阪,2026-04-27 14:45:00,21.4,N/A,normal
DEV027,temperature,愛知,2026-04-27 14:45:00,26.2,46.9,normal
DEV028,humidity,愛知,2026-04-27 14:45:00,18.7,65.0,critical
DEV029,temperature,大阪,2026-04-27 14:45:00,18.4,48.0,normal
DEV030,temperature,愛知,2026-04-27 14:45:00,25.1,48.2,critical
DEV001,vibration,東京,2026-04-27 14:50:00,21.1,42.1,normal
DEV002,temperature,愛知,2026-04-27 14:50:00,,40.5,normal
DEV003,humidity,東京,2026-04-27 14:50:00,,65.0,normal
DEV004,temperature,東京,2026-04-27 14:50:00,20.7,55.8,normal
DEV005,vibration,東京,2026-04-27 14:50:00,24.4,58.0,normal
DEV006,vibration,愛知,2026-04-27 14:50:00,29.1,49.2,normal
DEV007,vibration,東京,2026-04-27 14:50:00,29.6,33.1,normal
DEV008,vibration,大阪,2026-04-27 14:50:00,,45.0,normal
DEV009,temperature,東京,2026-04-27 14:50:00,29.6,51.4,normal
DEV010,temperature,東京,2026-04-27 14:50:00,29.4,61.0,normal
DEV011,temperature,愛知,2026-04-27 14:50:00,26.3,54.1,normal
DEV012,vibration,東京,2026-04-27 14:50:00,27.7,53.1,normal
DEV013,vibration,東京,2026-04-27 14:50:00,26.1,66.7,critical
DEV014,vibration,愛知,2026-04-27 14:50:00,22.0,63.6,normal
DEV015,vibration,愛知,2026-04-27 14:50:00,22.1,38.6,normal
DEV016,humidity,東京,2026-04-27 14:50:00,19.2,51.3,N/A
DEV017,humidity,愛知,2026-04-27 14:50:00,28.7,59.3,normal
DEV018,humidity,東京,2026-04-27 14:50:00,18.8,45.4,normal
DEV019,temperature,愛知,2026-04-27 14:50:00,25.3,42.5,normal
DEV020,humidity,大阪,2026-04-27 14:50:00,25.3,48.5,normal
DEV021,humidity,東京,2026-04-27 14:50:00,28.2,59.4,normal
DEV022,temperature,大阪,2026-04-27 14:50:00,24.2,66.2,normal
DEV023,temperature,東京,2026-04-27 14:50:00,19.0,33.5,normal
DEV024,humidity,東京,2026-04-27 14:50:00,28.6,37.8,normal
DEV025,humidity,大阪,2026-04-27 14:50:00,21.8,,normal
DEV026,vibration,大阪,2026-04-27 14:50:00,21.6,51.3,normal
DEV027,temperature,愛知,2026-04-27 14:50:00,25.4,46.3,N/A
DEV028,humidity,愛知,2026-04-27 14:50:00,26.0,48.3,normal
DEV029,temperature,大阪,2026-04-27 14:50:00,27.6,65.5,normal
DEV030,temperature,愛知,2026-04-27 14:50:00,26.9,53.6,normal
DEV001,vibration,東京,2026-04-27 14:55:00,25.4,40.7,normal
DEV002,temperature,愛知,2026-04-27 14:55:00,21.7,54.7,normal
DEV003,humidity,東京,2026-04-27 14:55:00,,66.7,normal
DEV004,temperature,東京,2026-04-27 14:55:00,22.6,30.7,critical
DEV005,vibration,東京,2026-04-27 14:55:00,19.9,62.0,normal
DEV006,vibration,愛知,2026-04-27 14:55:00,19.7,67.0,normal
DEV007,vibration,東京,2026-04-27 14:55:00,25.6,67.1,normal
DEV008,vibration,大阪,2026-04-27 14:55:00,27.4,52.7,normal
DEV009,temperature,東京,2026-04-27 14:55:00,18.4,40.8,N/A
DEV010,temperature,東京,2026-04-27 14:55:00,26.5,30.4,N/A
DEV011,temperature,愛知,2026-04-27 14:55:00,25.9,66.9,normal
DEV012,vibration,東京,2026-04-27 14:55:00,27.1,48.2,normal
DEV013,vibration,東京,2026-04-27 14:55:00,18.4,56.4,normal
DEV014,vibration,愛知,2026-04-27 14:55:00,25.4,40.2,normal
DEV015,vibration,愛知,2026-04-27 14:55:00,29.3,44.0,normal
DEV016,humidity,東京,2026-04-27 14:55:00,28.8,43.2,critical
DEV017,humidity,愛知,2026-04-27 14:55:00,27.6,N/A,normal
DEV018,humidity,東京,2026-04-27 14:55:00,29.4,62.2,normal
DEV019,temperature,愛知,2026-04-27 14:55:00,18.3,63.3,normal
DEV020,humidity,大阪,2026-04-27 14:55:00,,63.9,warning
DEV021,humidity,東京,2026-04-27 14:55:00,29.5,69.2,normal
DEV022,temperature,大阪,2026-04-27 14:55:00,999,40.3,normal
DEV023,temperature,東京,2026-04-27 14:55:00,29.7,43.2,normal
DEV024,humidity,東京,2026-04-27 14:55:00,21.1,,normal
DEV025,humidity,大阪,2026-04-27 14:55:00,28.1,35.4,critical
DEV026,vibration,大阪,2026-04-27 14:55:00,24.4,47.7,normal
DEV027,temperature,愛知,2026-04-27 14:55:00,26.4,54.5,normal
DEV028,humidity,愛知,2026-04-27 14:55:00,22.7,46.7,normal
DEV029,temperature,大阪,2026-04-27 14:55:00,19.7,65.4,normal
DEV030,temperature,愛知,2026-04-27 14:55:00,28.4,30.4,normal
DEV001,vibration,東京,2026-04-27 15:00:00,25.1,47.9,normal
DEV002,temperature,愛知,2026-04-27 15:00:00,25.4,30.7,normal
DEV003,humidity,東京,2026-04-27 15:00:00,26.7,69.8,N/A
DEV004,temperature,東京,2026-04-27 15:00:00,27.2,52.4,N/A
DEV005,vibration,東京,2026-04-27 15:00:00,18.9,34.9,warning
DEV006,vibration,愛知,2026-04-27 15:00:00,26.8,39.3,warning
DEV007,vibration,東京,2026-04-27 15:00:00,20.9,33.7,normal
DEV008,vibration,大阪,2026-04-27 15:00:00,25.7,43.3,normal
DEV009,temperature,東京,2026-04-27 15:00:00,26.8,62.3,normal
DEV010,temperature,東京,2026-04-27 15:00:00,27.1,55.1,normal
DEV011,temperature,愛知,2026-04-27 15:00:00,22.0,36.0,normal
DEV012,vibration,東京,2026-04-27 15:00:00,26.0,56.5,normal
DEV013,vibration,東京,2026-04-27 15:00:00,20.0,30.1,normal
DEV014,vibration,愛知,2026-04-27 15:00:00,19.9,31.7,critical
DEV015,vibration,愛知,2026-04-27 15:00:00,23.1,57.3,normal
DEV016,humidity,東京,2026-04-27 15:00:00,22.9,30.7,normal
DEV017,humidity,愛知,2026-04-27 15:00:00,27.6,68.9,normal
DEV018,humidity,東京,2026-04-27 15:00:00,28.0,35.9,normal
DEV019,temperature,愛知,2026-04-27 15:00:00,20.4,42.9,normal
DEV020,humidity,大阪,2026-04-27 15:00:00,26.5,36.3,critical
DEV021,humidity,東京,2026-04-27 15:00:00,23.9,48.3,normal
DEV022,temperature,大阪,2026-04-27 15:00:00,26.2,41.6,critical
DEV023,temperature,東京,2026-04-27 15:00:00,28.6,47.1,normal
DEV024,humidity,東京,2026-04-27 15:00:00,28.1,61.6,N/A
DEV025,humidity,大阪,2026-04-27 15:00:00,21.1,54.5,normal
DEV026,vibration,大阪,2026-04-27 15:00:00,18.9,55.7,normal
DEV027,temperature,愛知,2026-04-27 15:00:00,25.3,54.0,normal
DEV028,humidity,愛知,2026-04-27 15:00:00,18.1,52.6,normal
DEV029,temperature,大阪,2026-04-27 15:00:00,24.1,63.4,normal
DEV030,temperature,愛知,2026-04-27 15:00:00,28.0,59.5,N/A
DEV001,vibration,東京,2026-04-27 15:05:00,25.7,41.2,normal
DEV002,temperature,愛知,2026-04-27 15:05:00,27.1,38.6,N/A
DEV003,humidity,東京,2026-04-27 15:05:00,22.6,52.7,critical
DEV004,temperature,東京,2026-04-27 15:05:00,23.2,68.2,critical
DEV005,vibration,東京,2026-04-27 15:05:00,21.3,37.9,normal
DEV006,vibration,愛知,2026-04-27 15:05:00,18.9,64.8,warning
DEV007,vibration,東京,2026-04-27 15:05:00,22.5,46.0,warning
DEV008,vibration,大阪,2026-04-27 15:05:00,22.2,46.7,normal
DEV009,temperature,東京,2026-04-27 15:05:00,25.0,31.6,normal
DEV010,temperature,東京,2026-04-27 15:05:00,21.2,69.6,normal
DEV011,temperature,愛知,2026-04-27 15:05:00,18.6,38.2,normal
DEV012,vibration,東京,2026-04-27 15:05:00,18.8,36.1,critical
DEV013,vibration,東京,2026-04-27 15:05:00,22.2,55.1,normal
DEV014,vibration,愛知,2026-04-27 15:05:00,22.4,,normal
DEV015,vibration,愛知,2026-04-27 15:05:00,29.4,58.9,normal
DEV016,humidity,東京,2026-04-27 15:05:00,28.3,48.2,normal
DEV017,humidity,愛知,2026-04-27 15:05:00,19.1,37.3,normal
DEV018,humidity,東京,2026-04-27 15:05:00,25.3,55.7,normal
DEV019,temperature,愛知,2026-04-27 15:05:00,22.7,54.4,normal
DEV020,humidity,大阪,2026-04-27 15:05:00,28.0,61.3,N/A
DEV021,humidity,東京,2026-04-27 15:05:00,29.3,32.6,warning
DEV022,temperature,大阪,2026-04-27 15:05:00,18.8,57.5,normal
DEV023,temperature,東京,2026-04-27 15:05:00,21.7,43.6,normal
DEV024,humidity,東京,2026-04-27 15:05:00,21.3,50.8,normal
DEV025,humidity,大阪,2026-04-27 15:05:00,25.7,49.0,warning
DEV026,vibration,大阪,2026-04-27 15:05:00,22.2,53.3,normal
DEV027,temperature,愛知,2026-04-27 15:05:00,22.3,54.5,normal
DEV028,humidity,愛知,2026-04-27 15:05:00,21.7,47.3,warning
DEV029,temperature,大阪,2026-04-27 15:05:00,19.2,62.0,normal
DEV030,temperature,愛知,2026-04-27 15:05:00,26.7,40.6,N/A
DEV001,vibration,東京,2026-04-27 15:10:00,18.6,68.0,normal
DEV002,temperature,愛知,2026-04-27 15:10:00,19.4,53.7,warning
DEV003,humidity,東京,2026-04-27 15:10:00,18.6,,normal
DEV004,temperature,東京,2026-04-27 15:10:00,25.7,64.4,normal
DEV005,vibration,東京,2026-04-27 15:10:00,21.2,62.7,normal
DEV006,vibration,愛知,2026-04-27 15:10:00,23.8,67.7,warning
DEV007,vibration,東京,2026-04-27 15:10:00,22.0,38.9,normal
DEV008,vibration,大阪,2026-04-27 15:10:00,26.8,33.8,critical
DEV009,temperature,東京,2026-04-27 15:10:00,25.8,54.8,normal
DEV010,temperature,東京,2026-04-27 15:10:00,28.3,68.7,normal
DEV011,temperature,愛知,2026-04-27 15:10:00,28.0,53.3,normal
DEV012,vibration,東京,2026-04-27 15:10:00,25.2,44.5,critical
DEV013,vibration,東京,2026-04-27 15:10:00,22.9,,critical
DEV014,vibration,愛知,2026-04-27 15:10:00,21.1,61.1,normal
DEV015,vibration,愛知,2026-04-27 15:10:00,20.6,61.5,normal
DEV016,humidity,東京,2026-04-27 15:10:00,21.6,40.1,N/A
DEV017,humidity,愛知,2026-04-27 15:10:00,23.3,40.2,warning
DEV018,humidity,東京,2026-04-27 15:10:00,23.9,62.8,normal
DEV019,temperature,愛知,2026-04-27 15:10:00,19.5,42.8,normal
DEV020,humidity,大阪,2026-04-27 15:10:00,24.2,67.6,normal
DEV021,humidity,東京,2026-04-27 15:10:00,22.8,31.0,N/A
DEV022,temperature,大阪,2026-04-27 15:10:00,19.2,43.9,normal
DEV023,temperature,東京,2026-04-27 15:10:00,18.5,60.0,normal
DEV024,humidity,東京,2026-04-27 15:10:00,27.5,31.3,critical
DEV025,humidity,大阪,2026-04-27 15:10:00,25.2,42.5,normal
DEV026,vibration,大阪,2026-04-27 15:10:00,26.4,61.9,N/A
DEV027,temperature,愛知,2026-04-27 15:10:00,20.8,61.7,N/A
DEV028,humidity,愛知,2026-04-27 15:10:00,22.8,69.9,normal
DEV029,temperature,大阪,2026-04-27 15:10:00,20.9,61.8,critical
DEV030,temperature,愛知,2026-04-27 15:10:00,18.5,35.1,critical
DEV001,vibration,東京,2026-04-27 15:15:00,21.2,38.5,normal
DEV002,temperature,愛知,2026-04-27 15:15:00,27.0,33.0,normal
DEV003,humidity,東京,2026-04-27 15:15:00,999,64.3,normal
DEV004,temperature,東京,2026-04-27 15:15:00,21.7,47.3,normal
DEV005,vibration,東京,2026-04-27 15:15:00,26.5,46.6,normal
DEV006,vibration,愛知,2026-04-27 15:15:00,21.2,37.8,normal
DEV007,vibration,東京,2026-04-27 15:15:00,29.0,39.1,normal
DEV008,vibration,大阪,2026-04-27 15:15:00,23.2,62.6,normal
DEV009,temperature,東京,2026-04-27 15:15:00,24.2,43.7,normal
DEV010,temperature,東京,2026-04-27 15:15:00,26.8,67.8,normal
DEV011,temperature,愛知,2026-04-27 15:15:00,24.1,45.6,N/A
DEV012,vibration,東京,2026-04-27 15:15:00,27.7,68.3,normal
DEV013,vibration,東京,2026-04-27 15:15:00,25.5,64.7,normal
DEV014,vibration,愛知,2026-04-27 15:15:00,19.3,55.7,N/A
DEV015,vibration,愛知,2026-04-27 15:15:00,19.8,54.7,normal
DEV016,humidity,東京,2026-04-27 15:15:00,27.1,68.6,normal
DEV017,humidity,愛知,2026-04-27 15:15:00,22.5,45.0,normal
DEV018,humidity,東京,2026-04-27 15:15:00,29.1,33.9,critical
DEV019,temperature,愛知,2026-04-27 15:15:00,27.2,33.4,normal
DEV020,humidity,大阪,2026-04-27 15:15:00,20.3,57.5,normal
DEV021,humidity,東京,2026-04-27 15:15:00,24.6,51.6,N/A
DEV022,temperature,大阪,2026-04-27 15:15:00,28.1,50.5,normal
DEV023,temperature,東京,2026-04-27 15:15:00,28.8,67.6,normal
DEV024,humidity,東京,2026-04-27 15:15:00,19.6,N/A,normal
DEV025,humidity,大阪,2026-04-27 15:15:00,24.3,42.9,normal
DEV026,vibration,大阪,2026-04-27 15:15:00,19.3,51.7,normal
DEV027,temperature,愛知,2026-04-27 15:15:00,,N/A,warning
DEV028,humidity,愛知,2026-04-27 15:15:00,22.7,66.3,normal
DEV029,temperature,大阪,2026-04-27 15:15:00,18.1,56.6,normal
DEV030,temperature,愛知,2026-04-27 15:15:00,24.5,45.1,N/A
DEV001,vibration,東京,2026-04-27 15:20:00,23.8,57.6,normal
DEV002,temperature,愛知,2026-04-27 15:20:00,20.2,35.9,normal
DEV003,humidity,東京,2026-04-27 15:20:00,28.1,32.0,normal
DEV004,temperature,東京,2026-04-27 15:20:00,22.7,31.8,normal
DEV005,vibration,東京,2026-04-27 15:20:00,21.6,46.0,N/A
DEV006,vibration,愛知,2026-04-27 15:20:00,21.6,33.3,normal
DEV007,vibration,東京,2026-04-27 15:20:00,28.9,54.4,normal
DEV008,vibration,大阪,2026-04-27 15:20:00,28.9,52.8,N/A
DEV009,temperature,東京,2026-04-27 15:20:00,27.0,39.2,normal
DEV010,temperature,東京,2026-04-27 15:20:00,25.9,68.5,warning
DEV011,temperature,愛知,2026-04-27 15:20:00,19.5,64.5,critical
DEV012,vibration,東京,2026-04-27 15:20:00,20.3,35.7,normal
DEV013,vibration,東京,2026-04-27 15:20:00,18.1,34.7,normal
DEV014,vibration,愛知,2026-04-27 15:20:00,18.8,66.1,normal
DEV015,vibration,愛知,2026-04-27 15:20:00,22.1,61.8,normal
DEV016,humidity,東京,2026-04-27 15:20:00,23.1,60.3,critical
DEV017,humidity,愛知,2026-04-27 15:20:00,23.5,50.6,normal
DEV018,humidity,東京,2026-04-27 15:20:00,29.1,60.9,normal
DEV019,temperature,愛知,2026-04-27 15:20:00,27.1,37.7,N/A
DEV020,humidity,大阪,2026-04-27 15:20:00,18.1,39.6,normal
DEV021,humidity,東京,2026-04-27 15:20:00,23.8,40.1,N/A
DEV022,temperature,大阪,2026-04-27 15:20:00,26.3,31.0,normal
DEV023,temperature,東京,2026-04-27 15:20:00,21.7,60.6,normal
DEV024,humidity,東京,2026-04-27 15:20:00,20.9,43.2,critical
DEV025,humidity,大阪,2026-04-27 15:20:00,25.0,53.1,normal
DEV026,vibration,大阪,2026-04-27 15:20:00,27.1,34.0,warning
DEV027,temperature,愛知,2026-04-27 15:20:00,23.8,N/A,normal
DEV028,humidity,愛知,2026-04-27 15:20:00,24.0,65.7,normal
DEV029,temperature,大阪,2026-04-27 15:20:00,21.0,45.3,normal
DEV030,temperature,愛知,2026-04-27 15:20:00,22.7,39.3,critical
DEV001,vibration,東京,2026-04-27 15:25:00,20.5,52.3,normal
DEV002,temperature,愛知,2026-04-27 15:25:00,23.4,48.3,normal
DEV003,humidity,東京,2026-04-27 15:25:00,18.1,42.4,N/A
DEV004,temperature,東京,2026-04-27 15:25:00,23.5,63.7,normal
DEV005,vibration,東京,2026-04-27 15:25:00,23.7,39.1,normal
DEV006,vibration,愛知,2026-04-27 15:25:00,27.5,58.9,warning
DEV007,vibration,東京,2026-04-27 15:25:00,27.1,69.2,normal
DEV008,vibration,大阪,2026-04-27 15:25:00,18.0,65.9,normal
DEV009,temperature,東京,2026-04-27 15:25:00,26.4,59.0,normal
DEV010,temperature,東京,2026-04-27 15:25:00,24.5,45.5,normal
DEV011,temperature,愛知,2026-04-27 15:25:00,19.9,53.8,N/A
DEV012,vibration,東京,2026-04-27 15:25:00,22.3,65.6,warning
DEV013,vibration,東京,2026-04-27 15:25:00,19.4,49.4,N/A
DEV014,vibration,愛知,2026-04-27 15:25:00,21.7,41.6,normal
DEV015,vibration,愛知,2026-04-27 15:25:00,23.5,61.6,normal
DEV016,humidity,東京,2026-04-27 15:25:00,26.2,50.3,normal
DEV017,humidity,愛知,2026-04-27 15:25:00,26.2,53.2,N/A
DEV018,humidity,東京,2026-04-27 15:25:00,29.5,64.3,normal
DEV019,temperature,愛知,2026-04-27 15:25:00,,58.9,N/A
DEV020,humidity,大阪,2026-04-27 15:25:00,28.4,64.5,normal
DEV021,humidity,東京,2026-04-27 15:25:00,19.6,51.9,normal
DEV022,temperature,大阪,2026-04-27 15:25:00,28.3,65.6,warning
DEV023,temperature,東京,2026-04-27 15:25:00,23.6,38.2,N/A
DEV024,humidity,東京,2026-04-27 15:25:00,22.9,49.9,N/A
DEV025,humidity,大阪,2026-04-27 15:25:00,26.9,47.8,normal
DEV026,vibration,大阪,2026-04-27 15:25:00,23.3,44.3,normal
DEV027,temperature,愛知,2026-04-27 15:25:00,23.0,61.7,normal
DEV028,humidity,愛知,2026-04-27 15:25:00,28.8,41.5,normal
DEV029,temperature,大阪,2026-04-27 15:25:00,26.2,32.1,normal
DEV030,temperature,愛知,2026-04-27 15:25:00,25.1,41.2,normal
DEV001,vibration,東京,2026-04-27 15:30:00,27.8,63.4,normal
DEV002,temperature,愛知,2026-04-27 15:30:00,29.7,57.2,normal
DEV003,humidity,東京,2026-04-27 15:30:00,22.1,43.6,critical
DEV004,temperature,東京,2026-04-27 15:30:00,21.9,42.2,normal
DEV005,vibration,東京,2026-04-27 15:30:00,20.9,31.9,normal
DEV006,vibration,愛知,2026-04-27 15:30:00,21.2,63.1,normal
DEV007,vibration,東京,2026-04-27 15:30:00,23.7,39.8,normal
DEV008,vibration,大阪,2026-04-27 15:30:00,25.6,50.8,normal
DEV009,temperature,東京,2026-04-27 15:30:00,22.3,66.2,critical
DEV010,temperature,東京,2026-04-27 15:30:00,21.9,46.4,normal
DEV011,temperature,愛知,2026-04-27 15:30:00,22.4,49.2,normal
DEV012,vibration,東京,2026-04-27 15:30:00,25.7,45.9,normal
DEV013,vibration,東京,2026-04-27 15:30:00,999,68.0,normal
DEV014,vibration,愛知,2026-04-27 15:30:00,28.7,31.4,normal
DEV015,vibration,愛知,2026-04-27 15:30:00,26.6,46.1,normal
DEV016,humidity,東京,2026-04-27 15:30:00,29.4,56.5,critical
DEV017,humidity,愛知,2026-04-27 15:30:00,24.8,36.4,critical
DEV018,humidity,東京,2026-04-27 15:30:00,27.9,40.1,normal
DEV019,temperature,愛知,2026-04-27 15:30:00,24.8,36.9,normal
DEV020,humidity,大阪,2026-04-27 15:30:00,26.0,42.0,normal
DEV021,humidity,東京,2026-04-27 15:30:00,,37.3,critical
DEV022,temperature,大阪,2026-04-27 15:30:00,23.7,N/A,normal
DEV023,temperature,東京,2026-04-27 15:30:00,20.1,43.5,normal
DEV024,humidity,東京,2026-04-27 15:30:00,18.3,59.2,normal
DEV025,humidity,大阪,2026-04-27 15:30:00,28.6,44.7,normal
DEV026,vibration,大阪,2026-04-27 15:30:00,21.3,35.5,normal
DEV027,temperature,愛知,2026-04-27 15:30:00,28.7,35.3,warning
DEV028,humidity,愛知,2026-04-27 15:30:00,26.9,44.2,normal
DEV029,temperature,大阪,2026-04-27 15:30:00,24.9,36.8,normal
DEV030,temperature,愛知,2026-04-27 15:30:00,26.7,51.4,normal
DEV001,vibration,東京,2026-04-27 15:35:00,24.5,37.5,normal
DEV002,temperature,愛知,2026-04-27 15:35:00,22.5,35.7,normal
DEV003,humidity,東京,2026-04-27 15:35:00,20.6,55.8,normal
DEV004,temperature,東京,2026-04-27 15:35:00,999,40.4,warning
DEV005,vibration,東京,2026-04-27 15:35:00,19.8,49.4,normal
DEV006,vibration,愛知,2026-04-27 15:35:00,24.4,34.0,warning
DEV007,vibration,東京,2026-04-27 15:35:00,,58.9,N/A
DEV008,vibration,大阪,2026-04-27 15:35:00,25.3,49.3,normal
DEV009,temperature,東京,2026-04-27 15:35:00,,32.9,normal
DEV010,temperature,東京,2026-04-27 15:35:00,999,36.2,normal
DEV011,temperature,愛知,2026-04-27 15:35:00,20.7,52.6,normal
DEV012,vibration,東京,2026-04-27 15:35:00,24.9,60.2,N/A
DEV013,vibration,東京,2026-04-27 15:35:00,19.9,43.7,normal
DEV014,vibration,愛知,2026-04-27 15:35:00,27.7,63.7,N/A
DEV015,vibration,愛知,2026-04-27 15:35:00,19.0,68.9,warning
DEV016,humidity,東京,2026-04-27 15:35:00,29.2,64.4,normal
DEV017,humidity,愛知,2026-04-27 15:35:00,21.6,63.1,N/A
DEV018,humidity,東京,2026-04-27 15:35:00,22.6,33.2,critical
DEV019,temperature,愛知,2026-04-27 15:35:00,18.8,53.0,warning
DEV020,humidity,大阪,2026-04-27 15:35:00,20.8,47.4,warning
DEV021,humidity,東京,2026-04-27 15:35:00,28.6,37.7,normal
DEV022,temperature,大阪,2026-04-27 15:35:00,28.6,54.9,warning
DEV023,temperature,東京,2026-04-27 15:35:00,20.0,45.1,warning
DEV024,humidity,東京,2026-04-27 15:35:00,28.8,64.1,normal
DEV025,humidity,大阪,2026-04-27 15:35:00,28.4,63.4,N/A
DEV026,vibration,大阪,2026-04-27 15:35:00,18.6,40.8,critical
DEV027,temperature,愛知,2026-04-27 15:35:00,25.7,48.8,normal
DEV028,humidity,愛知,2026-04-27 15:35:00,25.5,52.7,normal
DEV029,temperature,大阪,2026-04-27 15:35:00,23.0,39.1,normal
DEV030,temperature,愛知,2026-04-27 15:35:00,28.5,57.8,normal
DEV001,vibration,東京,2026-04-27 15:40:00,21.1,31.3,normal
DEV002,temperature,愛知,2026-04-27 15:40:00,20.8,33.4,normal
DEV003,humidity,東京,2026-04-27 15:40:00,25.6,34.0,normal
DEV004,temperature,東京,2026-04-27 15:40:00,20.9,34.5,warning
DEV005,vibration,東京,2026-04-27 15:40:00,20.2,32.6,warning
DEV006,vibration,愛知,2026-04-27 15:40:00,21.9,61.5,normal
DEV007,vibration,東京,2026-04-27 15:40:00,24.3,54.4,normal
DEV008,vibration,大阪,2026-04-27 15:40:00,22.0,59.5,warning
DEV009,temperature,東京,2026-04-27 15:40:00,20.0,55.5,normal
DEV010,temperature,東京,2026-04-27 15:40:00,26.2,49.3,warning
DEV011,temperature,愛知,2026-04-27 15:40:00,19.0,64.5,normal
DEV012,vibration,東京,2026-04-27 15:40:00,20.0,36.5,normal
DEV013,vibration,東京,2026-04-27 15:40:00,27.4,30.4,normal
DEV014,vibration,愛知,2026-04-27 15:40:00,24.8,58.1,normal
DEV015,vibration,愛知,2026-04-27 15:40:00,28.1,64.6,normal
DEV016,humidity,東京,2026-04-27 15:40:00,23.4,63.7,normal
DEV017,humidity,愛知,2026-04-27 15:40:00,25.9,66.8,normal
DEV018,humidity,東京,2026-04-27 15:40:00,19.5,53.9,normal
DEV019,temperature,愛知,2026-04-27 15:40:00,23.3,64.5,N/A
DEV020,humidity,大阪,2026-04-27 15:40:00,20.4,57.4,normal
DEV021,humidity,東京,2026-04-27 15:40:00,21.3,59.6,N/A
DEV022,temperature,大阪,2026-04-27 15:40:00,27.5,37.0,warning
DEV023,temperature,東京,2026-04-27 15:40:00,20.7,39.9,critical
DEV024,humidity,東京,2026-04-27 15:40:00,20.7,N/A,warning
DEV025,humidity,大阪,2026-04-27 15:40:00,22.1,63.5,normal
DEV026,vibration,大阪,2026-04-27 15:40:00,29.8,34.1,normal
DEV027,temperature,愛知,2026-04-27 15:40:00,27.1,30.9,N/A
DEV028,humidity,愛知,2026-04-27 15:40:00,20.3,36.3,normal
DEV029,temperature,大阪,2026-04-27 15:40:00,18.5,46.0,normal
DEV030,temperature,愛知,2026-04-27 15:40:00,19.6,31.1,normal
DEV001,vibration,東京,2026-04-27 15:45:00,22.3,49.9,N/A
DEV002,temperature,愛知,2026-04-27 15:45:00,21.2,32.1,normal
DEV003,humidity,東京,2026-04-27 15:45:00,25.8,42.0,normal
DEV004,temperature,東京,2026-04-27 15:45:00,18.9,36.3,normal
DEV005,vibration,東京,2026-04-27 15:45:00,19.6,62.0,normal
DEV006,vibration,愛知,2026-04-27 15:45:00,27.2,33.6,normal
DEV007,vibration,東京,2026-04-27 15:45:00,26.8,66.1,normal
DEV008,vibration,大阪,2026-04-27 15:45:00,20.7,54.4,normal
DEV009,temperature,東京,2026-04-27 15:45:00,29.7,65.0,normal
DEV010,temperature,東京,2026-04-27 15:45:00,24.0,44.3,normal
DEV011,temperature,愛知,2026-04-27 15:45:00,22.7,36.9,critical
DEV012,vibration,東京,2026-04-27 15:45:00,19.6,39.8,normal
DEV013,vibration,東京,2026-04-27 15:45:00,22.9,33.0,critical
DEV014,vibration,愛知,2026-04-27 15:45:00,28.7,39.5,normal
DEV015,vibration,愛知,2026-04-27 15:45:00,,48.3,normal
DEV016,humidity,東京,2026-04-27 15:45:00,21.5,54.3,normal
DEV017,humidity,愛知,2026-04-27 15:45:00,22.3,53.8,warning
DEV018,humidity,東京,2026-04-27 15:45:00,21.7,57.7,normal
DEV019,temperature,愛知,2026-04-27 15:45:00,,31.7,N/A
DEV020,humidity,大阪,2026-04-27 15:45:00,999,,normal
DEV021,humidity,東京,2026-04-27 15:45:00,23.0,32.0,normal
DEV022,temperature,大阪,2026-04-27 15:45:00,23.8,50.0,normal
DEV023,temperature,東京,2026-04-27 15:45:00,20.5,69.0,normal
DEV024,humidity,東京,2026-04-27 15:45:00,22.6,50.9,normal
DEV025,humidity,大阪,2026-04-27 15:45:00,23.7,44.1,critical
DEV026,vibration,大阪,2026-04-27 15:45:00,22.2,53.8,normal
DEV027,temperature,愛知,2026-04-27 15:45:00,25.9,69.7,critical
DEV028,humidity,愛知,2026-04-27 15:45:00,19.9,51.0,normal
DEV029,temperature,大阪,2026-04-27 15:45:00,19.9,63.0,critical
DEV030,temperature,愛知,2026-04-27 15:45:00,26.0,47.9,normal
DEV001,vibration,東京,2026-04-27 15:50:00,22.2,48.6,normal
DEV002,temperature,愛知,2026-04-27 15:50:00,26.5,N/A,critical
DEV003,humidity,東京,2026-04-27 15:50:00,27.2,68.1,critical
DEV004,temperature,東京,2026-04-27 15:50:00,25.0,44.8,normal
DEV005,vibration,東京,2026-04-27 15:50:00,21.4,46.5,normal
DEV006,vibration,愛知,2026-04-27 15:50:00,23.8,67.8,normal
DEV007,vibration,東京,2026-04-27 15:50:00,26.7,32.7,critical
DEV008,vibration,大阪,2026-04-27 15:50:00,23.9,47.0,normal
DEV009,temperature,東京,2026-04-27 15:50:00,22.2,44.6,normal
DEV010,temperature,東京,2026-04-27 15:50:00,21.6,33.6,normal
DEV011,temperature,愛知,2026-04-27 15:50:00,25.9,67.3,normal
DEV012,vibration,東京,2026-04-27 15:50:00,19.6,68.5,normal
DEV013,vibration,東京,2026-04-27 15:50:00,27.5,48.8,warning
DEV014,vibration,愛知,2026-04-27 15:50:00,20.9,34.0,warning
DEV015,vibration,愛知,2026-04-27 15:50:00,23.8,36.4,normal
DEV016,humidity,東京,2026-04-27 15:50:00,21.4,36.1,normal
DEV017,humidity,愛知,2026-04-27 15:50:00,26.0,45.0,normal
DEV018,humidity,東京,2026-04-27 15:50:00,18.3,43.7,N/A
DEV019,temperature,愛知,2026-04-27 15:50:00,24.1,31.5,N/A
DEV020,humidity,大阪,2026-04-27 15:50:00,24.6,63.9,normal
DEV021,humidity,東京,2026-04-27 15:50:00,20.8,35.4,normal
DEV022,temperature,大阪,2026-04-27 15:50:00,20.6,61.7,normal
DEV023,temperature,東京,2026-04-27 15:50:00,20.6,31.1,N/A
DEV024,humidity,東京,2026-04-27 15:50:00,20.7,42.3,normal
DEV025,humidity,大阪,2026-04-27 15:50:00,23.9,41.1,warning
DEV026,vibration,大阪,2026-04-27 15:50:00,24.8,42.6,normal
DEV027,temperature,愛知,2026-04-27 15:50:00,22.6,49.9,normal
DEV028,humidity,愛知,2026-04-27 15:50:00,24.3,36.3,normal
DEV029,temperature,大阪,2026-04-27 15:50:00,27.3,32.2,normal
DEV030,temperature,愛知,2026-04-27 15:50:00,18.4,68.2,normal
DEV001,vibration,東京,2026-04-27 15:55:00,26.9,63.9,normal
DEV002,temperature,愛知,2026-04-27 15:55:00,18.9,52.6,normal
DEV003,humidity,東京,2026-04-27 15:55:00,19.2,55.2,critical
DEV004,temperature,東京,2026-04-27 15:55:00,18.1,46.1,normal
DEV005,vibration,東京,2026-04-27 15:55:00,27.6,38.7,normal
DEV006,vibration,愛知,2026-04-27 15:55:00,24.6,49.4,N/A
DEV007,vibration,東京,2026-04-27 15:55:00,999,62.0,normal
DEV008,vibration,大阪,2026-04-27 15:55:00,19.7,42.9,critical
DEV009,temperature,東京,2026-04-27 15:55:00,28.3,42.1,normal
DEV010,temperature,東京,2026-04-27 15:55:00,27.6,52.2,normal
DEV011,temperature,愛知,2026-04-27 15:55:00,28.0,32.8,warning
DEV012,vibration,東京,2026-04-27 15:55:00,18.9,39.1,normal
DEV013,vibration,東京,2026-04-27 15:55:00,28.5,31.3,normal
DEV014,vibration,愛知,2026-04-27 15:55:00,22.6,34.9,normal
DEV015,vibration,愛知,2026-04-27 15:55:00,25.3,53.0,normal
DEV016,humidity,東京,2026-04-27 15:55:00,18.3,61.3,normal
DEV017,humidity,愛知,2026-04-27 15:55:00,24.8,63.2,N/A
DEV018,humidity,東京,2026-04-27 15:55:00,25.4,63.9,normal
DEV019,temperature,愛知,2026-04-27 15:55:00,26.1,42.2,warning
DEV020,humidity,大阪,2026-04-27 15:55:00,24.6,41.6,normal
DEV021,humidity,東京,2026-04-27 15:55:00,18.9,60.2,critical
DEV022,temperature,大阪,2026-04-27 15:55:00,29.3,52.5,normal
DEV023,temperature,東京,2026-04-27 15:55:00,29.4,33.4,normal
DEV024,humidity,東京,2026-04-27 15:55:00,25.6,53.5,normal
DEV025,humidity,大阪,2026-04-27 15:55:00,23.4,46.6,N/A
DEV026,vibration,大阪,2026-04-27 15:55:00,27.5,66.1,warning
DEV027,temperature,愛知,2026-04-27 15:55:00,25.9,51.1,normal
DEV028,humidity,愛知,2026-04-27 15:55:00,,62.4,normal
DEV029,temperature,大阪,2026-04-27 15:55:00,22.7,35.0,normal
DEV030,temperature,愛知,2026-04-27 15:55:00,25.9,40.8,normal
DEV001,vibration,東京,2026-04-27 16:00:00,21.2,64.3,warning
DEV002,temperature,愛知,2026-04-27 16:00:00,25.4,66.8,critical
DEV003,humidity,東京,2026-04-27 16:00:00,25.3,54.3,normal
DEV004,temperature,東京,2026-04-27 16:00:00,29.6,33.6,normal
DEV005,vibration,東京,2026-04-27 16:00:00,18.8,30.7,normal
DEV006,vibration,愛知,2026-04-27 16:00:00,27.7,67.6,critical
DEV007,vibration,東京,2026-04-27 16:00:00,999,67.9,normal
DEV008,vibration,大阪,2026-04-27 16:00:00,28.0,69.9,N/A
DEV009,temperature,東京,2026-04-27 16:00:00,22.0,33.8,normal
DEV010,temperature,東京,2026-04-27 16:00:00,18.4,30.9,normal
DEV011,temperature,愛知,2026-04-27 16:00:00,29.4,54.0,critical
DEV012,vibration,東京,2026-04-27 16:00:00,25.6,50.8,normal
DEV013,vibration,東京,2026-04-27 16:00:00,24.2,65.9,normal
DEV014,vibration,愛知,2026-04-27 16:00:00,19.3,66.9,warning
DEV015,vibration,愛知,2026-04-27 16:00:00,18.0,49.5,normal
DEV016,humidity,東京,2026-04-27 16:00:00,21.8,53.8,normal
DEV017,humidity,愛知,2026-04-27 16:00:00,29.2,34.1,normal
DEV018,humidity,東京,2026-04-27 16:00:00,24.9,63.3,normal
DEV019,temperature,愛知,2026-04-27 16:00:00,18.3,40.7,normal
DEV020,humidity,大阪,2026-04-27 16:00:00,29.7,64.0,normal
DEV021,humidity,東京,2026-04-27 16:00:00,20.7,56.5,normal
DEV022,temperature,大阪,2026-04-27 16:00:00,26.8,67.0,normal
DEV023,temperature,東京,2026-04-27 16:00:00,20.7,49.2,normal
DEV024,humidity,東京,2026-04-27 16:00:00,26.7,66.3,normal
DEV025,humidity,大阪,2026-04-27 16:00:00,26.3,37.2,normal
DEV026,vibration,大阪,2026-04-27 16:00:00,20.6,34.5,N/A
DEV027,temperature,愛知,2026-04-27 16:00:00,28.0,69.8,normal
DEV028,humidity,愛知,2026-04-27 16:00:00,28.4,57.8,normal
DEV029,temperature,大阪,2026-04-27 16:00:00,23.9,67.2,normal
DEV030,temperature,愛知,2026-04-27 16:00:00,27.7,63.8,normal
DEV001,vibration,東京,2026-04-27 16:05:00,29.6,54.9,warning
DEV002,temperature,愛知,2026-04-27 16:05:00,22.7,33.7,normal
DEV003,humidity,東京,2026-04-27 16:05:00,29.5,38.0,normal
DEV004,temperature,東京,2026-04-27 16:05:00,23.8,47.6,normal
DEV005,vibration,東京,2026-04-27 16:05:00,22.4,34.1,normal
DEV006,vibration,愛知,2026-04-27 16:05:00,23.6,65.2,normal
DEV007,vibration,東京,2026-04-27 16:05:00,22.1,62.5,critical
DEV008,vibration,大阪,2026-04-27 16:05:00,29.2,40.5,normal
DEV009,temperature,東京,2026-04-27 16:05:00,27.8,53.8,normal
DEV010,temperature,東京,2026-04-27 16:05:00,21.6,55.8,normal
DEV011,temperature,愛知,2026-04-27 16:05:00,28.2,58.7,normal
DEV012,vibration,東京,2026-04-27 16:05:00,23.7,34.0,critical
DEV013,vibration,東京,2026-04-27 16:05:00,22.8,68.6,normal
DEV014,vibration,愛知,2026-04-27 16:05:00,25.3,32.2,normal
DEV015,vibration,愛知,2026-04-27 16:05:00,20.1,30.3,normal
DEV016,humidity,東京,2026-04-27 16:05:00,27.6,60.8,normal
DEV017,humidity,愛知,2026-04-27 16:05:00,21.9,32.8,N/A
DEV018,humidity,東京,2026-04-27 16:05:00,24.7,68.7,N/A
DEV019,temperature,愛知,2026-04-27 16:05:00,19.0,64.2,normal
DEV020,humidity,大阪,2026-04-27 16:05:00,999,50.5,normal
DEV021,humidity,東京,2026-04-27 16:05:00,21.6,63.3,N/A
DEV022,temperature,大阪,2026-04-27 16:05:00,26.2,66.5,critical
DEV023,temperature,東京,2026-04-27 16:05:00,23.7,67.3,normal
DEV024,humidity,東京,2026-04-27 16:05:00,26.0,49.8,warning
DEV025,humidity,大阪,2026-04-27 16:05:00,20.9,64.2,normal
DEV026,vibration,大阪,2026-04-27 16:05:00,26.7,35.5,normal
DEV027,temperature,愛知,2026-04-27 16:05:00,24.4,35.6,normal
DEV028,humidity,愛知,2026-04-27 16:05:00,19.0,45.9,normal
DEV029,temperature,大阪,2026-04-27 16:05:00,22.6,55.1,normal
DEV030,temperature,愛知,2026-04-27 16:05:00,19.9,60.6,normal
DEV001,vibration,東京,2026-04-27 16:10:00,23.1,66.5,N/A
DEV002,temperature,愛知,2026-04-27 16:10:00,23.0,41.0,normal
DEV003,humidity,東京,2026-04-27 16:10:00,27.4,58.5,normal
DEV004,temperature,東京,2026-04-27 16:10:00,29.7,66.0,normal
DEV005,vibration,東京,2026-04-27 16:10:00,25.6,48.2,normal
DEV006,vibration,愛知,2026-04-27 16:10:00,28.7,53.3,N/A
DEV007,vibration,東京,2026-04-27 16:10:00,24.8,36.6,normal
DEV008,vibration,大阪,2026-04-27 16:10:00,28.9,40.3,normal
DEV009,temperature,東京,2026-04-27 16:10:00,21.3,62.1,normal
DEV010,temperature,東京,2026-04-27 16:10:00,26.8,34.5,normal
DEV011,temperature,愛知,2026-04-27 16:10:00,27.4,31.9,normal
DEV012,vibration,東京,2026-04-27 16:10:00,,31.0,critical
DEV013,vibration,東京,2026-04-27 16:10:00,19.0,58.1,N/A
DEV014,vibration,愛知,2026-04-27 16:10:00,27.4,55.6,normal
DEV015,vibration,愛知,2026-04-27 16:10:00,20.0,49.2,N/A
DEV016,humidity,東京,2026-04-27 16:10:00,29.1,57.5,normal
DEV017,humidity,愛知,2026-04-27 16:10:00,21.2,39.4,normal
DEV018,humidity,東京,2026-04-27 16:10:00,20.1,45.9,normal
DEV019,temperature,愛知,2026-04-27 16:10:00,20.3,32.9,normal
DEV020,humidity,大阪,2026-04-27 16:10:00,21.8,53.6,warning
DEV021,humidity,東京,2026-04-27 16:10:00,20.7,66.7,N/A
DEV022,temperature,大阪,2026-04-27 16:10:00,28.0,64.1,normal
DEV023,temperature,東京,2026-04-27 16:10:00,18.8,62.6,normal
DEV024,humidity,東京,2026-04-27 16:10:00,21.2,32.6,normal
DEV025,humidity,大阪,2026-04-27 16:10:00,29.6,38.7,critical
DEV026,vibration,大阪,2026-04-27 16:10:00,29.5,56.1,normal
DEV027,temperature,愛知,2026-04-27 16:10:00,19.9,41.7,normal
DEV028,humidity,愛知,2026-04-27 16:10:00,18.4,N/A,normal
DEV029,temperature,大阪,2026-04-27 16:10:00,29.5,,critical
DEV030,temperature,愛知,2026-04-27 16:10:00,24.9,40.1,critical
DEV001,vibration,東京,2026-04-27 16:15:00,23.6,63.5,normal
DEV002,temperature,愛知,2026-04-27 16:15:00,18.5,58.6,critical
DEV003,humidity,東京,2026-04-27 16:15:00,20.1,58.7,normal
DEV004,temperature,東京,2026-04-27 16:15:00,21.5,37.4,warning
DEV005,vibration,東京,2026-04-27 16:15:00,18.8,30.9,normal
DEV006,vibration,愛知,2026-04-27 16:15:00,23.6,32.8,normal
DEV007,vibration,東京,2026-04-27 16:15:00,26.4,38.4,normal
DEV008,vibration,大阪,2026-04-27 16:15:00,19.9,43.1,normal
DEV009,temperature,東京,2026-04-27 16:15:00,26.5,N/A,normal
DEV010,temperature,東京,2026-04-27 16:15:00,18.4,42.1,critical
DEV011,temperature,愛知,2026-04-27 16:15:00,26.5,65.1,normal
DEV012,vibration,東京,2026-04-27 16:15:00,18.2,69.8,normal
DEV013,vibration,東京,2026-04-27 16:15:00,21.9,56.2,normal
DEV014,vibration,愛知,2026-04-27 16:15:00,,56.8,normal
DEV015,vibration,愛知,2026-04-27 16:15:00,25.7,48.3,normal
DEV016,humidity,東京,2026-04-27 16:15:00,29.8,35.7,critical
DEV017,humidity,愛知,2026-04-27 16:15:00,999,64.8,normal
DEV018,humidity,東京,2026-04-27 16:15:00,23.1,47.1,normal
DEV019,temperature,愛知,2026-04-27 16:15:00,23.7,30.4,normal
DEV020,humidity,大阪,2026-04-27 16:15:00,21.1,40.1,normal
DEV021,humidity,東京,2026-04-27 16:15:00,23.2,48.6,normal
DEV022,temperature,大阪,2026-04-27 16:15:00,21.4,43.3,normal
DEV023,temperature,東京,2026-04-27 16:15:00,26.7,46.3,normal
DEV024,humidity,東京,2026-04-27 16:15:00,23.0,50.6,N/A
DEV025,humidity,大阪,2026-04-27 16:15:00,19.2,42.7,normal
DEV026,vibration,大阪,2026-04-27 16:15:00,29.6,52.9,normal
DEV027,temperature,愛知,2026-04-27 16:15:00,26.6,43.2,normal
DEV028,humidity,愛知,2026-04-27 16:15:00,22.5,57.9,normal
DEV029,temperature,大阪,2026-04-27 16:15:00,29.8,43.0,critical
DEV030,temperature,愛知,2026-04-27 16:15:00,23.5,42.2,normal
DEV001,vibration,東京,2026-04-27 16:20:00,26.9,64.0,normal
DEV002,temperature,愛知,2026-04-27 16:20:00,22.9,59.8,normal
DEV003,humidity,東京,2026-04-27 16:20:00,18.6,34.6,normal
DEV004,temperature,東京,2026-04-27 16:20:00,27.8,57.4,normal
DEV005,vibration,東京,2026-04-27 16:20:00,26.4,37.1,normal
DEV006,vibration,愛知,2026-04-27 16:20:00,29.8,53.5,normal
DEV007,vibration,東京,2026-04-27 16:20:00,,44.3,critical
DEV008,vibration,大阪,2026-04-27 16:20:00,24.1,53.7,normal
DEV009,temperature,東京,2026-04-27 16:20:00,23.2,64.0,normal
DEV010,temperature,東京,2026-04-27 16:20:00,19.6,65.7,normal
DEV011,temperature,愛知,2026-04-27 16:20:00,21.9,41.8,normal
DEV012,vibration,東京,2026-04-27 16:20:00,20.2,61.7,N/A
DEV013,vibration,東京,2026-04-27 16:20:00,21.9,54.3,normal
DEV014,vibration,愛知,2026-04-27 16:20:00,20.3,53.7,critical
DEV015,vibration,愛知,2026-04-27 16:20:00,26.5,48.7,normal
DEV016,humidity,東京,2026-04-27 16:20:00,21.0,57.3,normal
DEV017,humidity,愛知,2026-04-27 16:20:00,18.0,65.7,normal
DEV018,humidity,東京,2026-04-27 16:20:00,24.8,31.6,normal
DEV019,temperature,愛知,2026-04-27 16:20:00,25.9,37.3,normal
DEV020,humidity,大阪,2026-04-27 16:20:00,26.5,45.0,normal
DEV021,humidity,東京,2026-04-27 16:20:00,20.3,57.2,normal
DEV022,temperature,大阪,2026-04-27 16:20:00,24.1,50.6,N/A
DEV023,temperature,東京,2026-04-27 16:20:00,18.1,49.8,normal
DEV024,humidity,東京,2026-04-27 16:20:00,26.9,59.2,N/A
DEV025,humidity,大阪,2026-04-27 16:20:00,25.7,64.4,N/A
DEV026,vibration,大阪,2026-04-27 16:20:00,19.3,43.1,normal
DEV027,temperature,愛知,2026-04-27 16:20:00,28.9,38.8,critical
DEV028,humidity,愛知,2026-04-27 16:20:00,27.0,57.1,normal
DEV029,temperature,大阪,2026-04-27 16:20:00,26.8,52.4,N/A
DEV030,temperature,愛知,2026-04-27 16:20:00,24.2,60.9,normal
DEV001,vibration,東京,2026-04-27 16:25:00,29.6,57.9,normal
DEV002,temperature,愛知,2026-04-27 16:25:00,28.8,N/A,normal
DEV003,humidity,東京,2026-04-27 16:25:00,24.0,53.3,N/A
DEV004,temperature,東京,2026-04-27 16:25:00,29.3,41.9,normal
DEV005,vibration,東京,2026-04-27 16:25:00,26.2,40.1,normal
DEV006,vibration,愛知,2026-04-27 16:25:00,28.2,,normal
DEV007,vibration,東京,2026-04-27 16:25:00,27.9,35.4,normal
DEV008,vibration,大阪,2026-04-27 16:25:00,20.8,63.2,N/A
DEV009,temperature,東京,2026-04-27 16:25:00,22.7,59.3,normal
DEV010,temperature,東京,2026-04-27 16:25:00,25.8,66.8,critical
DEV011,temperature,愛知,2026-04-27 16:25:00,25.5,52.7,normal
DEV012,vibration,東京,2026-04-27 16:25:00,25.3,68.6,normal
DEV013,vibration,東京,2026-04-27 16:25:00,21.8,38.9,warning
DEV014,vibration,愛知,2026-04-27 16:25:00,26.0,32.9,warning
DEV015,vibration,愛知,2026-04-27 16:25:00,30.0,42.3,normal
DEV016,humidity,東京,2026-04-27 16:25:00,29.5,69.8,normal
DEV017,humidity,愛知,2026-04-27 16:25:00,28.1,45.5,normal
DEV018,humidity,東京,2026-04-27 16:25:00,18.3,49.7,critical
DEV019,temperature,愛知,2026-04-27 16:25:00,25.0,37.9,critical
DEV020,humidity,大阪,2026-04-27 16:25:00,18.2,46.4,N/A
DEV021,humidity,東京,2026-04-27 16:25:00,19.6,57.3,normal
DEV022,temperature,大阪,2026-04-27 16:25:00,20.7,68.5,normal
DEV023,temperature,東京,2026-04-27 16:25:00,19.9,57.8,normal
DEV024,humidity,東京,2026-04-27 16:25:00,21.4,40.5,normal
DEV025,humidity,大阪,2026-04-27 16:25:00,29.6,49.3,normal
DEV026,vibration,大阪,2026-04-27 16:25:00,27.5,31.3,normal
DEV027,temperature,愛知,2026-04-27 16:25:00,21.8,48.1,normal
DEV028,humidity,愛知,2026-04-27 16:25:00,19.8,,normal
DEV029,temperature,大阪,2026-04-27 16:25:00,18.9,42.4,normal
DEV030,temperature,愛知,2026-04-27 16:25:00,27.6,34.4,normal
DEV001,vibration,東京,2026-04-27 16:30:00,24.8,53.9,normal
DEV002,temperature,愛知,2026-04-27 16:30:00,26.8,63.7,normal
DEV003,humidity,東京,2026-04-27 16:30:00,,34.1,normal
DEV004,temperature,東京,2026-04-27 16:30:00,19.8,56.0,normal
DEV005,vibration,東京,2026-04-27 16:30:00,21.6,57.8,normal
DEV006,vibration,愛知,2026-04-27 16:30:00,29.2,43.0,normal
DEV007,vibration,東京,2026-04-27 16:30:00,18.6,38.5,normal
DEV008,vibration,大阪,2026-04-27 16:30:00,24.0,51.6,normal
DEV009,temperature,東京,2026-04-27 16:30:00,20.6,49.5,normal
DEV010,temperature,東京,2026-04-27 16:30:00,25.2,62.9,normal
DEV011,temperature,愛知,2026-04-27 16:30:00,,59.7,normal
DEV012,vibration,東京,2026-04-27 16:30:00,22.5,62.8,normal
DEV013,vibration,東京,2026-04-27 16:30:00,23.1,30.7,normal
DEV014,vibration,愛知,2026-04-27 16:30:00,24.8,43.5,normal
DEV015,vibration,愛知,2026-04-27 16:30:00,23.5,47.3,warning
DEV016,humidity,東京,2026-04-27 16:30:00,,68.2,normal
DEV017,humidity,愛知,2026-04-27 16:30:00,18.7,38.4,normal
DEV018,humidity,東京,2026-04-27 16:30:00,23.5,65.8,normal
DEV019,temperature,愛知,2026-04-27 16:30:00,26.7,37.7,normal
DEV020,humidity,大阪,2026-04-27 16:30:00,27.8,55.4,normal
DEV021,humidity,東京,2026-04-27 16:30:00,19.9,61.3,N/A
DEV022,temperature,大阪,2026-04-27 16:30:00,18.0,31.0,normal
DEV023,temperature,東京,2026-04-27 16:30:00,29.0,,normal
DEV024,humidity,東京,2026-04-27 16:30:00,19.5,39.3,warning
DEV025,humidity,大阪,2026-04-27 16:30:00,21.4,32.2,normal
DEV026,vibration,大阪,2026-04-27 16:30:00,21.9,51.4,warning
DEV027,temperature,愛知,2026-04-27 16:30:00,28.7,32.5,normal
DEV028,humidity,愛知,2026-04-27 16:30:00,26.3,57.7,normal
DEV029,temperature,大阪,2026-04-27 16:30:00,29.8,69.0,critical
DEV030,temperature,愛知,2026-04-27 16:30:00,21.5,46.8,critical
DEV001,vibration,東京,2026-04-27 16:35:00,19.6,49.6,normal
DEV002,temperature,愛知,2026-04-27 16:35:00,23.0,30.8,normal
DEV003,humidity,東京,2026-04-27 16:35:00,29.4,57.8,normal
DEV004,temperature,東京,2026-04-27 16:35:00,30.0,48.4,warning
DEV005,vibration,東京,2026-04-27 16:35:00,26.3,51.9,critical
DEV006,vibration,愛知,2026-04-27 16:35:00,23.3,58.0,normal
DEV007,vibration,東京,2026-04-27 16:35:00,23.7,64.7,normal
DEV008,vibration,大阪,2026-04-27 16:35:00,28.9,54.3,normal
DEV009,temperature,東京,2026-04-27 16:35:00,19.9,61.8,normal
DEV010,temperature,東京,2026-04-27 16:35:00,29.9,57.5,normal
DEV011,temperature,愛知,2026-04-27 16:35:00,27.1,47.5,normal
DEV012,vibration,東京,2026-04-27 16:35:00,28.4,50.6,normal
DEV013,vibration,東京,2026-04-27 16:35:00,999,58.7,critical
DEV014,vibration,愛知,2026-04-27 16:35:00,27.5,63.6,normal
DEV015,vibration,愛知,2026-04-27 16:35:00,30.0,53.1,normal
DEV016,humidity,東京,2026-04-27 16:35:00,19.7,37.6,normal
DEV017,humidity,愛知,2026-04-27 16:35:00,27.1,35.3,normal
DEV018,humidity,東京,2026-04-27 16:35:00,22.5,33.3,normal
DEV019,temperature,愛知,2026-04-27 16:35:00,19.0,69.1,critical
DEV020,humidity,大阪,2026-04-27 16:35:00,24.7,30.1,normal
DEV021,humidity,東京,2026-04-27 16:35:00,26.3,57.4,warning
DEV022,temperature,大阪,2026-04-27 16:35:00,19.2,49.2,normal
DEV023,temperature,東京,2026-04-27 16:35:00,18.7,32.3,normal
DEV024,humidity,東京,2026-04-27 16:35:00,29.7,59.3,N/A
DEV025,humidity,大阪,2026-04-27 16:35:00,26.4,41.7,normal
DEV026,vibration,大阪,2026-04-27 16:35:00,21.9,31.4,N/A
DEV027,temperature,愛知,2026-04-27 16:35:00,18.6,62.6,warning
DEV028,humidity,愛知,2026-04-27 16:35:00,22.3,30.5,normal
DEV029,temperature,大阪,2026-04-27 16:35:00,26.0,36.5,normal
DEV030,temperature,愛知,2026-04-27 16:35:00,25.4,,normal
DEV001,vibration,東京,2026-04-27 16:40:00,20.1,48.8,N/A
DEV002,temperature,愛知,2026-04-27 16:40:00,23.7,57.0,normal
DEV003,humidity,東京,2026-04-27 16:40:00,28.4,53.8,warning
DEV004,temperature,東京,2026-04-27 16:40:00,21.1,43.9,normal
DEV005,vibration,東京,2026-04-27 16:40:00,26.2,40.3,normal
DEV006,vibration,愛知,2026-04-27 16:40:00,19.0,44.0,normal
DEV007,vibration,東京,2026-04-27 16:40:00,18.5,57.2,normal
DEV008,vibration,大阪,2026-04-27 16:40:00,28.8,48.3,N/A
DEV009,temperature,東京,2026-04-27 16:40:00,28.4,61.8,normal
DEV010,temperature,東京,2026-04-27 16:40:00,27.3,47.9,critical
DEV011,temperature,愛知,2026-04-27 16:40:00,26.1,66.7,critical
DEV012,vibration,東京,2026-04-27 16:40:00,24.0,61.8,normal
DEV013,vibration,東京,2026-04-27 16:40:00,18.6,41.9,normal
DEV014,vibration,愛知,2026-04-27 16:40:00,18.9,54.5,critical
DEV015,vibration,愛知,2026-04-27 16:40:00,29.5,50.1,normal
DEV016,humidity,東京,2026-04-27 16:40:00,18.5,40.2,normal
DEV017,humidity,愛知,2026-04-27 16:40:00,,52.3,normal
DEV018,humidity,東京,2026-04-27 16:40:00,22.5,35.8,warning
DEV019,temperature,愛知,2026-04-27 16:40:00,19.3,33.6,normal
DEV020,humidity,大阪,2026-04-27 16:40:00,24.2,64.5,critical
DEV021,humidity,東京,2026-04-27 16:40:00,26.1,54.4,normal
DEV022,temperature,大阪,2026-04-27 16:40:00,27.8,44.3,N/A
DEV023,temperature,東京,2026-04-27 16:40:00,24.0,62.7,warning
DEV024,humidity,東京,2026-04-27 16:40:00,20.4,67.5,critical
DEV025,humidity,大阪,2026-04-27 16:40:00,,65.4,normal
DEV026,vibration,大阪,2026-04-27 16:40:00,23.0,54.6,warning
DEV027,temperature,愛知,2026-04-27 16:40:00,19.6,43.3,critical
DEV028,humidity,愛知,2026-04-27 16:40:00,27.9,65.4,warning
DEV029,temperature,大阪,2026-04-27 16:40:00,24.6,54.4,normal
DEV030,temperature,愛知,2026-04-27 16:40:00,27.7,57.3,N/A
DEV001,vibration,東京,2026-04-27 16:45:00,21.4,30.2,normal
DEV002,temperature,愛知,2026-04-27 16:45:00,29.2,49.3,critical
DEV003,humidity,東京,2026-04-27 16:45:00,26.2,65.2,normal
DEV004,temperature,東京,2026-04-27 16:45:00,18.9,43.4,normal
DEV005,vibration,東京,2026-04-27 16:45:00,22.1,63.3,normal
DEV006,vibration,愛知,2026-04-27 16:45:00,28.4,54.8,critical
DEV007,vibration,東京,2026-04-27 16:45:00,25.4,51.7,warning
DEV008,vibration,大阪,2026-04-27 16:45:00,22.0,50.5,warning
DEV009,temperature,東京,2026-04-27 16:45:00,29.6,30.2,N/A
DEV010,temperature,東京,2026-04-27 16:45:00,19.6,69.6,normal
DEV011,temperature,愛知,2026-04-27 16:45:00,28.7,N/A,normal
DEV012,vibration,東京,2026-04-27 16:45:00,23.2,43.3,normal
DEV013,vibration,東京,2026-04-27 16:45:00,25.0,65.8,critical
DEV014,vibration,愛知,2026-04-27 16:45:00,19.3,63.7,critical
DEV015,vibration,愛知,2026-04-27 16:45:00,21.5,46.9,normal
DEV016,humidity,東京,2026-04-27 16:45:00,29.1,44.4,critical
DEV017,humidity,愛知,2026-04-27 16:45:00,19.6,66.9,normal
DEV018,humidity,東京,2026-04-27 16:45:00,27.7,N/A,normal
DEV019,temperature,愛知,2026-04-27 16:45:00,21.0,,normal
DEV020,humidity,大阪,2026-04-27 16:45:00,19.2,,normal
DEV021,humidity,東京,2026-04-27 16:45:00,29.1,32.1,warning
DEV022,temperature,大阪,2026-04-27 16:45:00,20.1,56.0,warning
DEV023,temperature,東京,2026-04-27 16:45:00,23.0,41.4,warning
DEV024,humidity,東京,2026-04-27 16:45:00,22.2,32.5,normal
DEV025,humidity,大阪,2026-04-27 16:45:00,18.9,30.6,critical
DEV026,vibration,大阪,2026-04-27 16:45:00,24.7,60.3,normal
DEV027,temperature,愛知,2026-04-27 16:45:00,23.0,65.3,normal
DEV028,humidity,愛知,2026-04-27 16:45:00,24.1,45.1,normal
DEV029,temperature,大阪,2026-04-27 16:45:00,26.5,50.9,normal
DEV030,temperature,愛知,2026-04-27 16:45:00,28.3,37.0,normal
DEV001,vibration,東京,2026-04-27 16:50:00,20.1,58.2,normal
DEV002,temperature,愛知,2026-04-27 16:50:00,18.5,63.4,N/A
DEV003,humidity,東京,2026-04-27 16:50:00,25.1,51.0,normal
DEV004,temperature,東京,2026-04-27 16:50:00,24.0,57.7,critical
DEV005,vibration,東京,2026-04-27 16:50:00,23.4,,normal
DEV006,vibration,愛知,2026-04-27 16:50:00,999,38.8,normal
DEV007,vibration,東京,2026-04-27 16:50:00,24.5,48.4,normal
DEV008,vibration,大阪,2026-04-27 16:50:00,19.9,N/A,normal
DEV009,temperature,東京,2026-04-27 16:50:00,24.3,35.1,warning
DEV010,temperature,東京,2026-04-27 16:50:00,27.0,35.4,critical
DEV011,temperature,愛知,2026-04-27 16:50:00,27.3,35.8,warning
DEV012,vibration,東京,2026-04-27 16:50:00,29.8,36.0,critical
DEV013,vibration,東京,2026-04-27 16:50:00,23.8,63.2,warning
DEV014,vibration,愛知,2026-04-27 16:50:00,29.5,N/A,normal
DEV015,vibration,愛知,2026-04-27 16:50:00,20.7,55.5,normal
DEV016,humidity,東京,2026-04-27 16:50:00,27.1,55.5,normal
DEV017,humidity,愛知,2026-04-27 16:50:00,22.1,37.7,normal
DEV018,humidity,東京,2026-04-27 16:50:00,28.2,55.8,normal
DEV019,temperature,愛知,2026-04-27 16:50:00,22.0,44.3,N/A
DEV020,humidity,大阪,2026-04-27 16:50:00,18.7,48.5,normal
DEV021,humidity,東京,2026-04-27 16:50:00,22.1,47.9,normal
DEV022,temperature,大阪,2026-04-27 16:50:00,20.0,60.5,normal
DEV023,temperature,東京,2026-04-27 16:50:00,22.1,50.8,normal
DEV024,humidity,東京,2026-04-27 16:50:00,27.5,69.3,normal
DEV025,humidity,大阪,2026-04-27 16:50:00,19.2,52.3,normal
DEV026,vibration,大阪,2026-04-27 16:50:00,25.0,64.6,normal
DEV027,temperature,愛知,2026-04-27 16:50:00,23.5,63.7,normal
DEV028,humidity,愛知,2026-04-27 16:50:00,18.1,41.1,normal
DEV029,temperature,大阪,2026-04-27 16:50:00,23.2,38.3,normal
DEV030,temperature,愛知,2026-04-27 16:50:00,18.8,41.3,N/A
DEV001,vibration,東京,2026-04-27 16:55:00,24.4,47.5,normal
DEV002,temperature,愛知,2026-04-27 16:55:00,23.1,57.1,normal
DEV003,humidity,東京,2026-04-27 16:55:00,25.0,63.7,normal
DEV004,temperature,東京,2026-04-27 16:55:00,18.4,55.4,N/A
DEV005,vibration,東京,2026-04-27 16:55:00,18.7,58.7,normal
DEV006,vibration,愛知,2026-04-27 16:55:00,20.9,57.8,normal
DEV007,vibration,東京,2026-04-27 16:55:00,24.1,60.4,normal
DEV008,vibration,大阪,2026-04-27 16:55:00,21.0,55.0,normal
DEV009,temperature,東京,2026-04-27 16:55:00,24.6,31.5,normal
DEV010,temperature,東京,2026-04-27 16:55:00,22.4,48.3,normal
DEV011,temperature,愛知,2026-04-27 16:55:00,23.5,56.2,warning
DEV012,vibration,東京,2026-04-27 16:55:00,27.2,42.8,normal
DEV013,vibration,東京,2026-04-27 16:55:00,23.2,48.5,N/A
DEV014,vibration,愛知,2026-04-27 16:55:00,21.5,43.6,normal
DEV015,vibration,愛知,2026-04-27 16:55:00,22.5,65.6,normal
DEV016,humidity,東京,2026-04-27 16:55:00,20.9,35.4,normal
DEV017,humidity,愛知,2026-04-27 16:55:00,21.6,65.6,normal
DEV018,humidity,東京,2026-04-27 16:55:00,24.7,67.7,normal
DEV019,temperature,愛知,2026-04-27 16:55:00,28.2,35.7,normal
DEV020,humidity,大阪,2026-04-27 16:55:00,28.7,55.8,critical
DEV021,humidity,東京,2026-04-27 16:55:00,27.1,42.5,normal
DEV022,temperature,大阪,2026-04-27 16:55:00,26.5,63.3,normal
DEV023,temperature,東京,2026-04-27 16:55:00,26.5,32.4,normal
DEV024,humidity,東京,2026-04-27 16:55:00,999,35.4,normal
DEV025,humidity,大阪,2026-04-27 16:55:00,28.6,31.0,critical
DEV026,vibration,大阪,2026-04-27 16:55:00,29.4,59.2,normal
DEV027,temperature,愛知,2026-04-27 16:55:00,29.2,59.5,normal
DEV028,humidity,愛知,2026-04-27 16:55:00,21.4,36.9,normal
DEV029,temperature,大阪,2026-04-27 16:55:00,23.2,63.4,normal
DEV030,temperature,愛知,2026-04-27 16:55:00,19.1,33.5,critical
DEV001,vibration,東京,2026-04-27 17:00:00,22.3,36.6,warning
DEV002,temperature,愛知,2026-04-27 17:00:00,25.0,31.1,warning
DEV003,humidity,東京,2026-04-27 17:00:00,21.0,66.4,normal
DEV004,temperature,東京,2026-04-27 17:00:00,21.9,33.5,N/A
DEV005,vibration,東京,2026-04-27 17:00:00,29.6,62.0,normal
DEV006,vibration,愛知,2026-04-27 17:00:00,24.0,32.7,normal
DEV007,vibration,東京,2026-04-27 17:00:00,26.2,37.0,warning
DEV008,vibration,大阪,2026-04-27 17:00:00,23.0,39.6,normal
DEV009,temperature,東京,2026-04-27 17:00:00,19.4,N/A,normal
DEV010,temperature,東京,2026-04-27 17:00:00,28.6,50.1,normal
DEV011,temperature,愛知,2026-04-27 17:00:00,999,64.4,critical
DEV012,vibration,東京,2026-04-27 17:00:00,999,68.0,normal
DEV013,vibration,東京,2026-04-27 17:00:00,25.7,53.1,normal
DEV014,vibration,愛知,2026-04-27 17:00:00,22.3,63.0,normal
DEV015,vibration,愛知,2026-04-27 17:00:00,28.4,,normal
DEV016,humidity,東京,2026-04-27 17:00:00,20.6,68.6,normal
DEV017,humidity,愛知,2026-04-27 17:00:00,29.5,47.2,normal
DEV018,humidity,東京,2026-04-27 17:00:00,29.9,58.5,normal
DEV019,temperature,愛知,2026-04-27 17:00:00,19.0,38.7,critical
DEV020,humidity,大阪,2026-04-27 17:00:00,19.1,50.2,warning
DEV021,humidity,東京,2026-04-27 17:00:00,21.9,34.5,normal
DEV022,temperature,大阪,2026-04-27 17:00:00,18.3,40.0,normal
DEV023,temperature,東京,2026-04-27 17:00:00,23.2,33.1,critical
DEV024,humidity,東京,2026-04-27 17:00:00,22.7,58.6,warning
DEV025,humidity,大阪,2026-04-27 17:00:00,26.4,64.4,warning
DEV026,vibration,大阪,2026-04-27 17:00:00,18.9,59.9,normal
DEV027,temperature,愛知,2026-04-27 17:00:00,28.0,68.4,critical
DEV028,humidity,愛知,2026-04-27 17:00:00,19.1,56.9,normal
DEV029,temperature,大阪,2026-04-27 17:00:00,28.7,69.1,normal
DEV030,temperature,愛知,2026-04-27 17:00:00,27.1,45.2,normal
DEV001,vibration,東京,2026-04-27 17:05:00,22.8,30.5,N/A
DEV002,temperature,愛知,2026-04-27 17:05:00,22.8,63.5,normal
DEV003,humidity,東京,2026-04-27 17:05:00,25.3,35.5,normal
DEV004,temperature,東京,2026-04-27 17:05:00,23.5,N/A,normal
DEV005,vibration,東京,2026-04-27 17:05:00,21.8,61.3,N/A
DEV006,vibration,愛知,2026-04-27 17:05:00,29.0,31.9,normal
DEV007,vibration,東京,2026-04-27 17:05:00,20.2,63.8,normal
DEV008,vibration,大阪,2026-04-27 17:05:00,24.4,41.4,critical
DEV009,temperature,東京,2026-04-27 17:05:00,24.6,56.0,normal
DEV010,temperature,東京,2026-04-27 17:05:00,25.2,N/A,N/A
DEV011,temperature,愛知,2026-04-27 17:05:00,19.7,43.0,critical
DEV012,vibration,東京,2026-04-27 17:05:00,19.7,67.8,normal
DEV013,vibration,東京,2026-04-27 17:05:00,30.0,54.8,normal
DEV014,vibration,愛知,2026-04-27 17:05:00,29.5,68.6,normal
DEV015,vibration,愛知,2026-04-27 17:05:00,20.0,47.1,critical
DEV016,humidity,東京,2026-04-27 17:05:00,20.5,37.8,N/A
DEV017,humidity,愛知,2026-04-27 17:05:00,20.3,51.3,normal
DEV018,humidity,東京,2026-04-27 17:05:00,20.8,44.6,normal
DEV019,temperature,愛知,2026-04-27 17:05:00,28.8,47.2,warning
DEV020,humidity,大阪,2026-04-27 17:05:00,21.2,49.6,normal
DEV021,humidity,東京,2026-04-27 17:05:00,22.8,43.3,normal
DEV022,temperature,大阪,2026-04-27 17:05:00,23.8,,normal
DEV023,temperature,東京,2026-04-27 17:05:00,21.6,34.4,normal
DEV024,humidity,東京,2026-04-27 17:05:00,19.0,51.8,normal
DEV025,humidity,大阪,2026-04-27 17:05:00,26.4,32.9,critical
DEV026,vibration,大阪,2026-04-27 17:05:00,19.2,31.2,normal
DEV027,temperature,愛知,2026-04-27 17:05:00,18.9,36.7,normal
DEV028,humidity,愛知,2026-04-27 17:05:00,22.1,40.8,normal
DEV029,temperature,大阪,2026-04-27 17:05:00,20.1,68.8,normal
DEV030,temperature,愛知,2026-04-27 17:05:00,21.1,61.2,normal
DEV001,vibration,東京,2026-04-27 17:10:00,19.1,31.1,normal
DEV002,temperature,愛知,2026-04-27 17:10:00,26.1,42.6,normal
DEV003,humidity,東京,2026-04-27 17:10:00,22.3,47.0,normal
DEV004,temperature,東京,2026-04-27 17:10:00,18.1,54.0,normal
DEV005,vibration,東京,2026-04-27 17:10:00,19.7,36.0,normal
DEV006,vibration,愛知,2026-04-27 17:10:00,22.5,66.3,normal
DEV007,vibration,東京,2026-04-27 17:10:00,25.8,60.6,normal
DEV008,vibration,大阪,2026-04-27 17:10:00,24.4,56.3,normal
DEV009,temperature,東京,2026-04-27 17:10:00,21.9,48.0,N/A
DEV010,temperature,東京,2026-04-27 17:10:00,18.4,52.9,normal
DEV011,temperature,愛知,2026-04-27 17:10:00,28.9,,normal
DEV012,vibration,東京,2026-04-27 17:10:00,22.9,40.4,normal
DEV013,vibration,東京,2026-04-27 17:10:00,27.8,52.5,normal
DEV014,vibration,愛知,2026-04-27 17:10:00,29.5,31.4,normal
DEV015,vibration,愛知,2026-04-27 17:10:00,23.8,58.5,N/A
DEV016,humidity,東京,2026-04-27 17:10:00,26.5,37.2,normal
DEV017,humidity,愛知,2026-04-27 17:10:00,25.4,53.0,normal
DEV018,humidity,東京,2026-04-27 17:10:00,19.0,57.9,normal
DEV019,temperature,愛知,2026-04-27 17:10:00,19.6,50.0,normal
DEV020,humidity,大阪,2026-04-27 17:10:00,29.6,69.8,normal
DEV021,humidity,東京,2026-04-27 17:10:00,23.4,48.4,normal
DEV022,temperature,大阪,2026-04-27 17:10:00,21.8,42.5,normal
DEV023,temperature,東京,2026-04-27 17:10:00,26.5,62.9,normal
DEV024,humidity,東京,2026-04-27 17:10:00,26.8,58.7,normal
DEV025,humidity,大阪,2026-04-27 17:10:00,23.3,68.6,normal
DEV026,vibration,大阪,2026-04-27 17:10:00,26.5,56.2,warning
DEV027,temperature,愛知,2026-04-27 17:10:00,18.9,31.6,normal
DEV028,humidity,愛知,2026-04-27 17:10:00,27.3,42.1,normal
DEV029,temperature,大阪,2026-04-27 17:10:00,29.1,55.0,normal
DEV030,temperature,愛知,2026-04-27 17:10:00,22.2,69.9,critical
DEV001,vibration,東京,2026-04-27 17:15:00,20.6,51.4,warning
DEV002,temperature,愛知,2026-04-27 17:15:00,28.3,53.0,critical
DEV003,humidity,東京,2026-04-27 17:15:00,20.5,46.6,normal
DEV004,temperature,東京,2026-04-27 17:15:00,25.6,48.9,normal
DEV005,vibration,東京,2026-04-27 17:15:00,24.7,59.2,normal
DEV006,vibration,愛知,2026-04-27 17:15:00,28.4,68.4,critical
DEV007,vibration,東京,2026-04-27 17:15:00,21.3,67.4,warning
DEV008,vibration,大阪,2026-04-27 17:15:00,19.4,34.8,normal
DEV009,temperature,東京,2026-04-27 17:15:00,21.1,56.0,normal
DEV010,temperature,東京,2026-04-27 17:15:00,28.3,60.3,warning
DEV011,temperature,愛知,2026-04-27 17:15:00,21.6,42.1,warning
DEV012,vibration,東京,2026-04-27 17:15:00,26.8,50.6,critical
DEV013,vibration,東京,2026-04-27 17:15:00,27.2,37.4,warning
DEV014,vibration,愛知,2026-04-27 17:15:00,26.0,52.4,warning
DEV015,vibration,愛知,2026-04-27 17:15:00,18.7,65.5,normal
DEV016,humidity,東京,2026-04-27 17:15:00,20.1,36.3,critical
DEV017,humidity,愛知,2026-04-27 17:15:00,24.6,36.6,warning
DEV018,humidity,東京,2026-04-27 17:15:00,25.0,56.6,normal
DEV019,temperature,愛知,2026-04-27 17:15:00,19.8,66.4,normal
DEV020,humidity,大阪,2026-04-27 17:15:00,20.6,69.9,warning
DEV021,humidity,東京,2026-04-27 17:15:00,21.7,56.7,normal
DEV022,temperature,大阪,2026-04-27 17:15:00,27.2,N/A,normal
DEV023,temperature,東京,2026-04-27 17:15:00,29.9,63.3,N/A
DEV024,humidity,東京,2026-04-27 17:15:00,18.3,,normal
DEV025,humidity,大阪,2026-04-27 17:15:00,27.3,50.5,normal
DEV026,vibration,大阪,2026-04-27 17:15:00,26.5,62.3,N/A
DEV027,temperature,愛知,2026-04-27 17:15:00,18.4,61.8,normal
DEV028,humidity,愛知,2026-04-27 17:15:00,28.7,40.9,normal
DEV029,temperature,大阪,2026-04-27 17:15:00,26.1,49.7,normal
DEV030,temperature,愛知,2026-04-27 17:15:00,28.4,37.0,normal
DEV001,vibration,東京,2026-04-27 17:20:00,28.2,56.9,normal
DEV002,temperature,愛知,2026-04-27 17:20:00,22.7,47.1,normal
DEV003,humidity,東京,2026-04-27 17:20:00,21.3,50.4,critical
DEV004,temperature,東京,2026-04-27 17:20:00,30.0,49.1,normal
DEV005,vibration,東京,2026-04-27 17:20:00,,31.6,normal
DEV006,vibration,愛知,2026-04-27 17:20:00,19.6,37.4,normal
DEV007,vibration,東京,2026-04-27 17:20:00,29.9,38.7,normal
DEV008,vibration,大阪,2026-04-27 17:20:00,28.8,68.1,normal
DEV009,temperature,東京,2026-04-27 17:20:00,20.7,N/A,normal
DEV010,temperature,東京,2026-04-27 17:20:00,23.5,40.3,normal
DEV011,temperature,愛知,2026-04-27 17:20:00,20.7,50.6,normal
DEV012,vibration,東京,2026-04-27 17:20:00,21.3,49.1,normal
DEV013,vibration,東京,2026-04-27 17:20:00,26.5,60.4,N/A
DEV014,vibration,愛知,2026-04-27 17:20:00,18.3,44.3,normal
DEV015,vibration,愛知,2026-04-27 17:20:00,29.1,67.2,normal
DEV016,humidity,東京,2026-04-27 17:20:00,23.2,40.3,normal
DEV017,humidity,愛知,2026-04-27 17:20:00,22.3,60.9,critical
DEV018,humidity,東京,2026-04-27 17:20:00,19.7,64.2,normal
DEV019,temperature,愛知,2026-04-27 17:20:00,20.1,53.2,normal
DEV020,humidity,大阪,2026-04-27 17:20:00,999,58.7,normal
DEV021,humidity,東京,2026-04-27 17:20:00,,42.5,normal
DEV022,temperature,大阪,2026-04-27 17:20:00,28.8,47.8,normal
DEV023,temperature,東京,2026-04-27 17:20:00,20.8,57.3,critical
DEV024,humidity,東京,2026-04-27 17:20:00,24.2,44.7,normal
DEV025,humidity,大阪,2026-04-27 17:20:00,25.7,55.0,normal
DEV026,vibration,大阪,2026-04-27 17:20:00,20.6,51.0,normal
DEV027,temperature,愛知,2026-04-27 17:20:00,26.2,68.0,N/A
DEV028,humidity,愛知,2026-04-27 17:20:00,24.5,56.1,normal
DEV029,temperature,大阪,2026-04-27 17:20:00,28.1,42.1,normal
DEV030,temperature,愛知,2026-04-27 17:20:00,23.9,61.7,warning
DEV001,vibration,東京,2026-04-27 17:25:00,19.9,42.9,normal
DEV002,temperature,愛知,2026-04-27 17:25:00,23.4,69.6,N/A
DEV003,humidity,東京,2026-04-27 17:25:00,24.4,40.5,normal
DEV004,temperature,東京,2026-04-27 17:25:00,24.7,52.9,normal
DEV005,vibration,東京,2026-04-27 17:25:00,25.4,66.5,critical
DEV006,vibration,愛知,2026-04-27 17:25:00,26.1,44.9,normal
DEV007,vibration,東京,2026-04-27 17:25:00,25.1,53.3,normal
DEV008,vibration,大阪,2026-04-27 17:25:00,27.6,57.2,normal
DEV009,temperature,東京,2026-04-27 17:25:00,18.1,65.1,critical
DEV010,temperature,東京,2026-04-27 17:25:00,26.1,,warning
DEV011,temperature,愛知,2026-04-27 17:25:00,21.6,33.7,normal
DEV012,vibration,東京,2026-04-27 17:25:00,24.9,39.9,critical
DEV013,vibration,東京,2026-04-27 17:25:00,26.7,59.2,normal
DEV014,vibration,愛知,2026-04-27 17:25:00,20.2,48.8,normal
DEV015,vibration,愛知,2026-04-27 17:25:00,21.9,46.0,warning
DEV016,humidity,東京,2026-04-27 17:25:00,24.9,39.1,N/A
DEV017,humidity,愛知,2026-04-27 17:25:00,22.0,30.3,critical
DEV018,humidity,東京,2026-04-27 17:25:00,21.8,46.6,normal
DEV019,temperature,愛知,2026-04-27 17:25:00,25.8,48.8,critical
DEV020,humidity,大阪,2026-04-27 17:25:00,18.4,64.1,normal
DEV021,humidity,東京,2026-04-27 17:25:00,26.8,67.6,normal
DEV022,temperature,大阪,2026-04-27 17:25:00,20.7,36.7,normal
DEV023,temperature,東京,2026-04-27 17:25:00,23.5,63.1,normal
DEV024,humidity,東京,2026-04-27 17:25:00,20.5,48.1,N/A
DEV025,humidity,大阪,2026-04-27 17:25:00,29.8,45.7,normal
DEV026,vibration,大阪,2026-04-27 17:25:00,18.4,N/A,critical
DEV027,temperature,愛知,2026-04-27 17:25:00,22.8,30.9,warning
DEV028,humidity,愛知,2026-04-27 17:25:00,28.3,42.4,warning
DEV029,temperature,大阪,2026-04-27 17:25:00,24.7,57.6,warning
DEV030,temperature,愛知,2026-04-27 17:25:00,25.4,41.2,warning
DEV001,vibration,東京,2026-04-27 17:30:00,27.5,54.7,normal
DEV002,temperature,愛知,2026-04-27 17:30:00,23.9,41.7,normal
DEV003,humidity,東京,2026-04-27 17:30:00,24.7,N/A,normal
DEV004,temperature,東京,2026-04-27 17:30:00,27.8,46.7,N/A
DEV005,vibration,東京,2026-04-27 17:30:00,21.1,38.5,normal
DEV006,vibration,愛知,2026-04-27 17:30:00,27.2,59.8,normal
DEV007,vibration,東京,2026-04-27 17:30:00,29.3,N/A,normal
DEV008,vibration,大阪,2026-04-27 17:30:00,22.1,52.1,warning
DEV009,temperature,東京,2026-04-27 17:30:00,28.7,47.7,N/A
DEV010,temperature,東京,2026-04-27 17:30:00,27.0,69.1,normal
DEV011,temperature,愛知,2026-04-27 17:30:00,21.2,,normal
DEV012,vibration,東京,2026-04-27 17:30:00,25.4,45.8,normal
DEV013,vibration,東京,2026-04-27 17:30:00,20.9,52.8,N/A
DEV014,vibration,愛知,2026-04-27 17:30:00,22.7,54.3,normal
DEV015,vibration,愛知,2026-04-27 17:30:00,20.7,39.3,normal
DEV016,humidity,東京,2026-04-27 17:30:00,25.1,34.5,normal
DEV017,humidity,愛知,2026-04-27 17:30:00,22.7,50.2,normal
DEV018,humidity,東京,2026-04-27 17:30:00,,38.4,normal
DEV019,temperature,愛知,2026-04-27 17:30:00,21.5,66.2,N/A
DEV020,humidity,大阪,2026-04-27 17:30:00,20.5,47.7,warning
DEV021,humidity,東京,2026-04-27 17:30:00,29.0,59.7,normal
DEV022,temperature,大阪,2026-04-27 17:30:00,20.2,43.5,normal
DEV023,temperature,東京,2026-04-27 17:30:00,27.8,42.5,normal
DEV024,humidity,東京,2026-04-27 17:30:00,22.9,67.0,normal
DEV025,humidity,大阪,2026-04-27 17:30:00,28.8,,normal
DEV026,vibration,大阪,2026-04-27 17:30:00,24.3,38.7,normal
DEV027,temperature,愛知,2026-04-27 17:30:00,23.0,46.0,normal
DEV028,humidity,愛知,2026-04-27 17:30:00,24.2,30.0,normal
DEV029,temperature,大阪,2026-04-27 17:30:00,22.1,37.7,critical
DEV030,temperature,愛知,2026-04-27 17:30:00,,65.4,normal
DEV001,vibration,東京,2026-04-27 17:35:00,21.5,48.6,critical
DEV002,temperature,愛知,2026-04-27 17:35:00,22.5,59.9,normal
DEV003,humidity,東京,2026-04-27 17:35:00,25.3,34.6,normal
DEV004,temperature,東京,2026-04-27 17:35:00,26.7,,normal
DEV005,vibration,東京,2026-04-27 17:35:00,24.9,59.6,N/A
DEV006,vibration,愛知,2026-04-27 17:35:00,29.1,47.5,critical
DEV007,vibration,東京,2026-04-27 17:35:00,25.9,30.3,normal
DEV008,vibration,大阪,2026-04-27 17:35:00,25.3,64.0,normal
DEV009,temperature,東京,2026-04-27 17:35:00,29.4,66.3,normal
DEV010,temperature,東京,2026-04-27 17:35:00,,58.1,N/A
DEV011,temperature,愛知,2026-04-27 17:35:00,19.8,38.3,normal
DEV012,vibration,東京,2026-04-27 17:35:00,20.3,36.5,normal
DEV013,vibration,東京,2026-04-27 17:35:00,999,64.4,normal
DEV014,vibration,愛知,2026-04-27 17:35:00,999,69.7,normal
DEV015,vibration,愛知,2026-04-27 17:35:00,26.1,48.8,normal
DEV016,humidity,東京,2026-04-27 17:35:00,22.2,48.0,critical
DEV017,humidity,愛知,2026-04-27 17:35:00,,32.7,normal
DEV018,humidity,東京,2026-04-27 17:35:00,27.5,58.8,normal
DEV019,temperature,愛知,2026-04-27 17:35:00,29.9,63.2,normal
DEV020,humidity,大阪,2026-04-27 17:35:00,23.9,34.4,critical
DEV021,humidity,東京,2026-04-27 17:35:00,28.0,33.3,normal
DEV022,temperature,大阪,2026-04-27 17:35:00,19.6,55.8,normal
DEV023,temperature,東京,2026-04-27 17:35:00,25.4,38.9,normal
DEV024,humidity,東京,2026-04-27 17:35:00,22.3,50.3,warning
DEV025,humidity,大阪,2026-04-27 17:35:00,29.0,61.5,normal
DEV026,vibration,大阪,2026-04-27 17:35:00,21.4,54.0,critical
DEV027,temperature,愛知,2026-04-27 17:35:00,24.1,63.9,normal
DEV028,humidity,愛知,2026-04-27 17:35:00,28.6,55.3,N/A
DEV029,temperature,大阪,2026-04-27 17:35:00,28.3,,normal
DEV030,temperature,愛知,2026-04-27 17:35:00,22.1,35.6,normal
DEV001,vibration,東京,2026-04-27 17:40:00,27.5,N/A,normal
DEV002,temperature,愛知,2026-04-27 17:40:00,21.3,57.6,critical
DEV003,humidity,東京,2026-04-27 17:40:00,21.0,62.3,normal
DEV004,temperature,東京,2026-04-27 17:40:00,26.4,50.0,normal
DEV005,vibration,東京,2026-04-27 17:40:00,27.7,39.4,normal
DEV006,vibration,愛知,2026-04-27 17:40:00,21.2,44.1,normal
DEV007,vibration,東京,2026-04-27 17:40:00,,64.0,normal
DEV008,vibration,大阪,2026-04-27 17:40:00,28.9,,normal
DEV009,temperature,東京,2026-04-27 17:40:00,23.5,47.3,critical
DEV010,temperature,東京,2026-04-27 17:40:00,25.4,63.3,N/A
DEV011,temperature,愛知,2026-04-27 17:40:00,23.8,69.3,normal
DEV012,vibration,東京,2026-04-27 17:40:00,26.0,41.6,normal
DEV013,vibration,東京,2026-04-27 17:40:00,28.3,66.3,normal
DEV014,vibration,愛知,2026-04-27 17:40:00,20.3,51.3,warning
DEV015,vibration,愛知,2026-04-27 17:40:00,22.7,54.0,normal
DEV016,humidity,東京,2026-04-27 17:40:00,19.1,68.7,warning
DEV017,humidity,愛知,2026-04-27 17:40:00,29.8,48.8,normal
DEV018,humidity,東京,2026-04-27 17:40:00,22.5,53.3,normal
DEV019,temperature,愛知,2026-04-27 17:40:00,27.4,35.2,warning
DEV020,humidity,大阪,2026-04-27 17:40:00,19.0,45.5,critical
DEV021,humidity,東京,2026-04-27 17:40:00,18.1,53.9,normal
DEV022,temperature,大阪,2026-04-27 17:40:00,29.3,53.8,normal
DEV023,temperature,東京,2026-04-27 17:40:00,18.6,45.1,warning
DEV024,humidity,東京,2026-04-27 17:40:00,27.9,36.3,normal
DEV025,humidity,大阪,2026-04-27 17:40:00,24.0,33.5,normal
DEV026,vibration,大阪,2026-04-27 17:40:00,21.3,43.6,normal
DEV027,temperature,愛知,2026-04-27 17:40:00,22.7,,critical
DEV028,humidity,愛知,2026-04-27 17:40:00,28.0,42.4,normal
DEV029,temperature,大阪,2026-04-27 17:40:00,23.4,68.2,normal
DEV030,temperature,愛知,2026-04-27 17:40:00,19.8,66.3,normal
DEV001,vibration,東京,2026-04-27 17:45:00,27.2,34.8,normal
DEV002,temperature,愛知,2026-04-27 17:45:00,23.0,68.4,N/A
DEV003,humidity,東京,2026-04-27 17:45:00,26.0,35.1,normal
DEV004,temperature,東京,2026-04-27 17:45:00,,35.9,N/A
DEV005,vibration,東京,2026-04-27 17:45:00,21.1,59.0,normal
DEV006,vibration,愛知,2026-04-27 17:45:00,25.7,64.5,critical
DEV007,vibration,東京,2026-04-27 17:45:00,23.8,57.8,normal
DEV008,vibration,大阪,2026-04-27 17:45:00,25.6,49.3,critical
DEV009,temperature,東京,2026-04-27 17:45:00,28.5,,normal
DEV010,temperature,東京,2026-04-27 17:45:00,19.4,35.9,normal
DEV011,temperature,愛知,2026-04-27 17:45:00,25.5,57.3,critical
DEV012,vibration,東京,2026-04-27 17:45:00,19.3,N/A,normal
DEV013,vibration,東京,2026-04-27 17:45:00,24.8,42.4,normal
DEV014,vibration,愛知,2026-04-27 17:45:00,23.6,60.2,normal
DEV015,vibration,愛知,2026-04-27 17:45:00,26.2,48.9,normal
DEV016,humidity,東京,2026-04-27 17:45:00,28.5,46.7,normal
DEV017,humidity,愛知,2026-04-27 17:45:00,29.4,60.0,warning
DEV018,humidity,東京,2026-04-27 17:45:00,19.8,59.9,normal
DEV019,temperature,愛知,2026-04-27 17:45:00,20.4,66.0,critical
DEV020,humidity,大阪,2026-04-27 17:45:00,27.1,43.2,normal
DEV021,humidity,東京,2026-04-27 17:45:00,22.4,51.1,critical
DEV022,temperature,大阪,2026-04-27 17:45:00,19.9,47.7,warning
DEV023,temperature,東京,2026-04-27 17:45:00,29.0,51.3,critical
DEV024,humidity,東京,2026-04-27 17:45:00,23.9,57.9,critical
DEV025,humidity,大阪,2026-04-27 17:45:00,26.7,55.0,normal
DEV026,vibration,大阪,2026-04-27 17:45:00,26.2,58.7,normal
DEV027,temperature,愛知,2026-04-27 17:45:00,25.3,61.1,normal
DEV028,humidity,愛知,2026-04-27 17:45:00,19.1,49.2,normal
DEV029,temperature,大阪,2026-04-27 17:45:00,29.3,68.2,normal
DEV030,temperature,愛知,2026-04-27 17:45:00,,30.6,normal
DEV001,vibration,東京,2026-04-27 17:50:00,29.1,53.6,N/A
DEV002,temperature,愛知,2026-04-27 17:50:00,21.7,42.5,normal
DEV003,humidity,東京,2026-04-27 17:50:00,25.1,49.2,normal
DEV004,temperature,東京,2026-04-27 17:50:00,22.3,39.7,normal
DEV005,vibration,東京,2026-04-27 17:50:00,29.2,47.3,N/A
DEV006,vibration,愛知,2026-04-27 17:50:00,19.1,59.9,normal
DEV007,vibration,東京,2026-04-27 17:50:00,21.6,44.6,critical
DEV008,vibration,大阪,2026-04-27 17:50:00,27.8,55.1,critical
DEV009,temperature,東京,2026-04-27 17:50:00,19.1,50.5,normal
DEV010,temperature,東京,2026-04-27 17:50:00,30.0,35.2,normal
DEV011,temperature,愛知,2026-04-27 17:50:00,19.8,38.7,normal
DEV012,vibration,東京,2026-04-27 17:50:00,20.6,66.1,N/A
DEV013,vibration,東京,2026-04-27 17:50:00,29.4,34.7,normal
DEV014,vibration,愛知,2026-04-27 17:50:00,28.5,52.3,warning
DEV015,vibration,愛知,2026-04-27 17:50:00,,57.4,normal
DEV016,humidity,東京,2026-04-27 17:50:00,28.5,51.0,normal
DEV017,humidity,愛知,2026-04-27 17:50:00,21.7,64.3,normal
DEV018,humidity,東京,2026-04-27 17:50:00,,N/A,normal
DEV019,temperature,愛知,2026-04-27 17:50:00,28.3,44.1,normal
DEV020,humidity,大阪,2026-04-27 17:50:00,,45.1,normal
DEV021,humidity,東京,2026-04-27 17:50:00,29.9,34.8,normal
DEV022,temperature,大阪,2026-04-27 17:50:00,25.7,53.2,normal
DEV023,temperature,東京,2026-04-27 17:50:00,24.0,51.5,warning
DEV024,humidity,東京,2026-04-27 17:50:00,21.1,47.1,normal
DEV025,humidity,大阪,2026-04-27 17:50:00,20.4,N/A,normal
DEV026,vibration,大阪,2026-04-27 17:50:00,22.3,63.5,N/A
DEV027,temperature,愛知,2026-04-27 17:50:00,27.1,46.0,normal
DEV028,humidity,愛知,2026-04-27 17:50:00,999,44.1,normal
DEV029,temperature,大阪,2026-04-27 17:50:00,20.4,40.6,normal
DEV030,temperature,愛知,2026-04-27 17:50:00,26.7,70.0,normal
DEV001,vibration,東京,2026-04-27 17:55:00,24.3,64.4,normal
DEV002,temperature,愛知,2026-04-27 17:55:00,19.8,34.7,normal
DEV003,humidity,東京,2026-04-27 17:55:00,23.6,49.0,normal
DEV004,temperature,東京,2026-04-27 17:55:00,26.5,61.6,normal
DEV005,vibration,東京,2026-04-27 17:55:00,24.3,46.4,normal
DEV006,vibration,愛知,2026-04-27 17:55:00,29.1,62.8,normal
DEV007,vibration,東京,2026-04-27 17:55:00,21.1,39.9,N/A
DEV008,vibration,大阪,2026-04-27 17:55:00,29.1,64.1,normal
DEV009,temperature,東京,2026-04-27 17:55:00,22.7,37.1,normal
DEV010,temperature,東京,2026-04-27 17:55:00,24.2,44.6,normal
DEV011,temperature,愛知,2026-04-27 17:55:00,24.7,63.3,normal
DEV012,vibration,東京,2026-04-27 17:55:00,21.1,53.4,normal
DEV013,vibration,東京,2026-04-27 17:55:00,30.0,N/A,critical
DEV014,vibration,愛知,2026-04-27 17:55:00,27.6,61.5,normal
DEV015,vibration,愛知,2026-04-27 17:55:00,25.3,N/A,warning
DEV016,humidity,東京,2026-04-27 17:55:00,19.4,31.3,normal
DEV017,humidity,愛知,2026-04-27 17:55:00,25.3,51.0,normal
DEV018,humidity,東京,2026-04-27 17:55:00,20.2,68.9,warning
DEV019,temperature,愛知,2026-04-27 17:55:00,27.1,53.4,normal
DEV020,humidity,大阪,2026-04-27 17:55:00,28.4,45.8,normal
DEV021,humidity,東京,2026-04-27 17:55:00,28.9,48.4,N/A
DEV022,temperature,大阪,2026-04-27 17:55:00,,69.2,N/A
DEV023,temperature,東京,2026-04-27 17:55:00,19.1,49.2,critical
DEV024,humidity,東京,2026-04-27 17:55:00,18.3,67.5,normal
DEV025,humidity,大阪,2026-04-27 17:55:00,20.8,69.1,N/A
DEV026,vibration,大阪,2026-04-27 17:55:00,19.4,60.5,warning
DEV027,temperature,愛知,2026-04-27 17:55:00,21.7,32.3,critical
DEV028,humidity,愛知,2026-04-27 17:55:00,24.8,36.3,normal
DEV029,temperature,大阪,2026-04-27 17:55:00,25.4,56.6,normal
DEV030,temperature,愛知,2026-04-27 17:55:00,26.2,36.3,warning
DEV001,vibration,東京,2026-04-27 18:00:00,19.4,42.3,N/A
DEV002,temperature,愛知,2026-04-27 18:00:00,29.6,38.2,normal
DEV003,humidity,東京,2026-04-27 18:00:00,28.2,N/A,N/A
DEV004,temperature,東京,2026-04-27 18:00:00,22.1,57.5,critical
DEV005,vibration,東京,2026-04-27 18:00:00,18.8,50.9,N/A
DEV006,vibration,愛知,2026-04-27 18:00:00,29.3,69.5,warning
DEV007,vibration,東京,2026-04-27 18:00:00,27.8,41.7,normal
DEV008,vibration,大阪,2026-04-27 18:00:00,29.0,46.4,normal
DEV009,temperature,東京,2026-04-27 18:00:00,18.6,36.0,normal
DEV010,temperature,東京,2026-04-27 18:00:00,25.9,60.6,normal
DEV011,temperature,愛知,2026-04-27 18:00:00,27.7,59.4,critical
DEV012,vibration,東京,2026-04-27 18:00:00,26.9,40.4,N/A
DEV013,vibration,東京,2026-04-27 18:00:00,29.7,44.0,normal
DEV014,vibration,愛知,2026-04-27 18:00:00,23.3,42.8,normal
DEV015,vibration,愛知,2026-04-27 18:00:00,19.6,N/A,normal
DEV016,humidity,東京,2026-04-27 18:00:00,23.9,30.2,normal
DEV017,humidity,愛知,2026-04-27 18:00:00,27.0,42.6,normal
DEV018,humidity,東京,2026-04-27 18:00:00,21.1,39.5,normal
DEV019,temperature,愛知,2026-04-27 18:00:00,28.4,,warning
DEV020,humidity,大阪,2026-04-27 18:00:00,22.5,37.9,critical
DEV021,humidity,東京,2026-04-27 18:00:00,22.8,58.9,normal
DEV022,temperature,大阪,2026-04-27 18:00:00,25.2,59.6,normal
DEV023,temperature,東京,2026-04-27 18:00:00,21.3,49.0,warning
DEV024,humidity,東京,2026-04-27 18:00:00,29.6,33.5,normal
DEV025,humidity,大阪,2026-04-27 18:00:00,22.6,69.6,normal
DEV026,vibration,大阪,2026-04-27 18:00:00,21.8,,normal
DEV027,temperature,愛知,2026-04-27 18:00:00,24.2,48.1,N/A
DEV028,humidity,愛知,2026-04-27 18:00:00,20.4,45.8,normal
DEV029,temperature,大阪,2026-04-27 18:00:00,21.2,61.5,normal
DEV030,temperature,愛知,2026-04-27 18:00:00,26.9,64.0,normal
DEV001,vibration,東京,2026-04-27 18:05:00,20.4,54.8,normal
DEV002,temperature,愛知,2026-04-27 18:05:00,25.1,58.3,N/A
DEV003,humidity,東京,2026-04-27 18:05:00,27.8,33.6,normal
DEV004,temperature,東京,2026-04-27 18:05:00,23.2,51.3,N/A
DEV005,vibration,東京,2026-04-27 18:05:00,22.7,40.5,warning
DEV006,vibration,愛知,2026-04-27 18:05:00,25.6,37.9,normal
DEV007,vibration,東京,2026-04-27 18:05:00,18.3,40.1,normal
DEV008,vibration,大阪,2026-04-27 18:05:00,25.9,67.9,critical
DEV009,temperature,東京,2026-04-27 18:05:00,28.3,N/A,normal
DEV010,temperature,東京,2026-04-27 18:05:00,27.2,46.4,normal
DEV011,temperature,愛知,2026-04-27 18:05:00,18.3,51.1,normal
DEV012,vibration,東京,2026-04-27 18:05:00,23.6,55.5,critical
DEV013,vibration,東京,2026-04-27 18:05:00,19.4,37.3,normal
DEV014,vibration,愛知,2026-04-27 18:05:00,28.4,35.1,warning
DEV015,vibration,愛知,2026-04-27 18:05:00,22.4,50.8,normal
DEV016,humidity,東京,2026-04-27 18:05:00,19.2,38.3,normal
DEV017,humidity,愛知,2026-04-27 18:05:00,29.2,43.4,critical
DEV018,humidity,東京,2026-04-27 18:05:00,18.1,60.3,normal
DEV019,temperature,愛知,2026-04-27 18:05:00,22.4,62.7,normal
DEV020,humidity,大阪,2026-04-27 18:05:00,999,,warning
DEV021,humidity,東京,2026-04-27 18:05:00,27.1,42.1,critical
DEV022,temperature,大阪,2026-04-27 18:05:00,24.1,30.4,normal
DEV023,temperature,東京,2026-04-27 18:05:00,27.2,47.3,normal
DEV024,humidity,東京,2026-04-27 18:05:00,26.3,N/A,normal
DEV025,humidity,大阪,2026-04-27 18:05:00,25.4,50.6,N/A
DEV026,vibration,大阪,2026-04-27 18:05:00,,48.1,critical
DEV027,temperature,愛知,2026-04-27 18:05:00,26.0,69.4,normal
DEV028,humidity,愛知,2026-04-27 18:05:00,19.0,50.8,N/A
DEV029,temperature,大阪,2026-04-27 18:05:00,21.2,40.7,normal
DEV030,temperature,愛知,2026-04-27 18:05:00,25.9,69.9,N/A
DEV001,vibration,東京,2026-04-27 18:10:00,20.4,55.0,warning
DEV002,temperature,愛知,2026-04-27 18:10:00,22.5,N/A,normal
DEV003,humidity,東京,2026-04-27 18:10:00,25.4,35.0,normal
DEV004,temperature,東京,2026-04-27 18:10:00,28.0,66.0,N/A
DEV005,vibration,東京,2026-04-27 18:10:00,25.9,37.8,normal
DEV006,vibration,愛知,2026-04-27 18:10:00,27.9,39.8,normal
DEV007,vibration,東京,2026-04-27 18:10:00,29.6,31.2,N/A
DEV008,vibration,大阪,2026-04-27 18:10:00,19.4,62.2,normal
DEV009,temperature,東京,2026-04-27 18:10:00,26.2,36.5,normal
DEV010,temperature,東京,2026-04-27 18:10:00,29.7,38.6,critical
DEV011,temperature,愛知,2026-04-27 18:10:00,21.9,N/A,normal
DEV012,vibration,東京,2026-04-27 18:10:00,26.0,58.0,normal
DEV013,vibration,東京,2026-04-27 18:10:00,19.5,42.0,normal
DEV014,vibration,愛知,2026-04-27 18:10:00,18.4,68.7,normal
DEV015,vibration,愛知,2026-04-27 18:10:00,21.5,66.6,normal
DEV016,humidity,東京,2026-04-27 18:10:00,27.9,65.4,N/A
DEV017,humidity,愛知,2026-04-27 18:10:00,29.3,63.2,normal
DEV018,humidity,東京,2026-04-27 18:10:00,21.9,34.2,normal
DEV019,temperature,愛知,2026-04-27 18:10:00,23.8,37.5,critical
DEV020,humidity,大阪,2026-04-27 18:10:00,23.2,35.3,normal
DEV021,humidity,東京,2026-04-27 18:10:00,19.2,64.8,normal
DEV022,temperature,大阪,2026-04-27 18:10:00,26.2,61.3,normal
DEV023,temperature,東京,2026-04-27 18:10:00,22.1,,normal
DEV024,humidity,東京,2026-04-27 18:10:00,19.5,59.1,N/A
DEV025,humidity,大阪,2026-04-27 18:10:00,21.6,48.1,normal
DEV026,vibration,大阪,2026-04-27 18:10:00,22.1,60.5,critical
DEV027,temperature,愛知,2026-04-27 18:10:00,25.0,58.5,normal
DEV028,humidity,愛知,2026-04-27 18:10:00,24.1,40.2,normal
DEV029,temperature,大阪,2026-04-27 18:10:00,18.5,31.1,normal
DEV030,temperature,愛知,2026-04-27 18:10:00,22.3,54.1,normal
DEV001,vibration,東京,2026-04-27 18:15:00,22.0,64.4,critical
DEV002,temperature,愛知,2026-04-27 18:15:00,19.6,47.5,normal
DEV003,humidity,東京,2026-04-27 18:15:00,27.2,49.9,warning
DEV004,temperature,東京,2026-04-27 18:15:00,24.9,41.4,normal
DEV005,vibration,東京,2026-04-27 18:15:00,24.2,41.5,N/A
DEV006,vibration,愛知,2026-04-27 18:15:00,21.0,54.6,normal
DEV007,vibration,東京,2026-04-27 18:15:00,26.5,65.7,N/A
DEV008,vibration,大阪,2026-04-27 18:15:00,24.6,57.5,normal
DEV009,temperature,東京,2026-04-27 18:15:00,21.2,65.7,normal
DEV010,temperature,東京,2026-04-27 18:15:00,20.4,61.5,warning
DEV011,temperature,愛知,2026-04-27 18:15:00,22.0,43.7,normal
DEV012,vibration,東京,2026-04-27 18:15:00,27.3,40.5,normal
DEV013,vibration,東京,2026-04-27 18:15:00,19.5,61.0,normal
DEV014,vibration,愛知,2026-04-27 18:15:00,26.2,37.9,normal
DEV015,vibration,愛知,2026-04-27 18:15:00,27.8,57.7,normal
DEV016,humidity,東京,2026-04-27 18:15:00,24.0,62.8,normal
DEV017,humidity,愛知,2026-04-27 18:15:00,29.5,39.6,normal
DEV018,humidity,東京,2026-04-27 18:15:00,25.5,63.2,normal
DEV019,temperature,愛知,2026-04-27 18:15:00,29.5,52.3,normal
DEV020,humidity,大阪,2026-04-27 18:15:00,27.5,49.3,normal
DEV021,humidity,東京,2026-04-27 18:15:00,18.6,54.5,normal
DEV022,temperature,大阪,2026-04-27 18:15:00,27.6,31.2,normal
DEV023,temperature,東京,2026-04-27 18:15:00,18.6,48.9,normal
DEV024,humidity,東京,2026-04-27 18:15:00,26.2,60.6,normal
DEV025,humidity,大阪,2026-04-27 18:15:00,24.9,38.9,critical
DEV026,vibration,大阪,2026-04-27 18:15:00,18.6,57.3,normal
DEV027,temperature,愛知,2026-04-27 18:15:00,26.0,50.9,critical
DEV028,humidity,愛知,2026-04-27 18:15:00,24.6,31.0,normal
DEV029,temperature,大阪,2026-04-27 18:15:00,999,60.5,normal
DEV030,temperature,愛知,2026-04-27 18:15:00,19.1,38.2,normal
DEV001,vibration,東京,2026-04-27 18:20:00,21.4,,normal
DEV002,temperature,愛知,2026-04-27 18:20:00,26.8,67.6,normal
DEV003,humidity,東京,2026-04-27 18:20:00,25.0,30.1,normal
DEV004,temperature,東京,2026-04-27 18:20:00,25.6,67.7,normal
DEV005,vibration,東京,2026-04-27 18:20:00,25.4,41.3,warning
DEV006,vibration,愛知,2026-04-27 18:20:00,27.0,48.1,normal
DEV007,vibration,東京,2026-04-27 18:20:00,28.6,62.2,normal
DEV008,vibration,大阪,2026-04-27 18:20:00,21.6,37.4,normal
DEV009,temperature,東京,2026-04-27 18:20:00,22.9,41.1,normal
DEV010,temperature,東京,2026-04-27 18:20:00,28.2,55.9,normal
DEV011,temperature,愛知,2026-04-27 18:20:00,27.2,54.0,normal
DEV012,vibration,東京,2026-04-27 18:20:00,23.3,43.1,normal
DEV013,vibration,東京,2026-04-27 18:20:00,24.6,64.2,normal
DEV014,vibration,愛知,2026-04-27 18:20:00,20.0,47.8,normal
DEV015,vibration,愛知,2026-04-27 18:20:00,29.4,54.4,N/A
DEV016,humidity,東京,2026-04-27 18:20:00,22.0,43.1,normal
DEV017,humidity,愛知,2026-04-27 18:20:00,25.8,41.2,normal
DEV018,humidity,東京,2026-04-27 18:20:00,27.5,30.4,critical
DEV019,temperature,愛知,2026-04-27 18:20:00,27.7,68.2,normal
DEV020,humidity,大阪,2026-04-27 18:20:00,26.0,32.6,normal
DEV021,humidity,東京,2026-04-27 18:20:00,24.5,53.1,normal
DEV022,temperature,大阪,2026-04-27 18:20:00,27.3,65.2,normal
DEV023,temperature,東京,2026-04-27 18:20:00,24.7,66.1,normal
DEV024,humidity,東京,2026-04-27 18:20:00,20.8,60.9,normal
DEV025,humidity,大阪,2026-04-27 18:20:00,26.1,50.6,warning
DEV026,vibration,大阪,2026-04-27 18:20:00,26.5,68.5,warning
DEV027,temperature,愛知,2026-04-27 18:20:00,18.6,43.2,N/A
DEV028,humidity,愛知,2026-04-27 18:20:00,27.6,57.0,warning
DEV029,temperature,大阪,2026-04-27 18:20:00,25.8,61.6,normal
DEV030,temperature,愛知,2026-04-27 18:20:00,23.5,57.1,normal
DEV001,vibration,東京,2026-04-27 18:25:00,22.0,35.3,normal
DEV002,temperature,愛知,2026-04-27 18:25:00,23.7,55.6,N/A
DEV003,humidity,東京,2026-04-27 18:25:00,29.6,36.6,normal
DEV004,temperature,東京,2026-04-27 18:25:00,19.3,44.2,normal
DEV005,vibration,東京,2026-04-27 18:25:00,20.1,36.0,critical
DEV006,vibration,愛知,2026-04-27 18:25:00,21.0,64.6,normal
DEV007,vibration,東京,2026-04-27 18:25:00,21.9,33.7,critical
DEV008,vibration,大阪,2026-04-27 18:25:00,29.3,N/A,normal
DEV009,temperature,東京,2026-04-27 18:25:00,25.5,42.7,critical
DEV010,temperature,東京,2026-04-27 18:25:00,24.5,69.6,normal
DEV011,temperature,愛知,2026-04-27 18:25:00,26.5,67.2,normal
DEV012,vibration,東京,2026-04-27 18:25:00,29.9,49.6,N/A
DEV013,vibration,東京,2026-04-27 18:25:00,18.6,38.3,critical
DEV014,vibration,愛知,2026-04-27 18:25:00,22.8,59.8,critical
DEV015,vibration,愛知,2026-04-27 18:25:00,18.9,31.7,normal
DEV016,humidity,東京,2026-04-27 18:25:00,25.2,44.0,normal
DEV017,humidity,愛知,2026-04-27 18:25:00,27.2,53.9,normal
DEV018,humidity,東京,2026-04-27 18:25:00,23.7,44.1,N/A
DEV019,temperature,愛知,2026-04-27 18:25:00,29.5,38.6,critical
DEV020,humidity,大阪,2026-04-27 18:25:00,18.5,30.2,warning
DEV021,humidity,東京,2026-04-27 18:25:00,28.8,34.9,normal
DEV022,temperature,大阪,2026-04-27 18:25:00,18.1,65.9,normal
DEV023,temperature,東京,2026-04-27 18:25:00,24.6,43.6,normal
DEV024,humidity,東京,2026-04-27 18:25:00,19.3,39.6,normal
DEV025,humidity,大阪,2026-04-27 18:25:00,999,54.4,warning
DEV026,vibration,大阪,2026-04-27 18:25:00,27.6,47.0,normal
DEV027,temperature,愛知,2026-04-27 18:25:00,18.5,46.1,normal
DEV028,humidity,愛知,2026-04-27 18:25:00,22.1,N/A,normal
DEV029,temperature,大阪,2026-04-27 18:25:00,21.9,46.8,normal
DEV030,temperature,愛知,2026-04-27 18:25:00,26.1,65.7,normal
DEV001,vibration,東京,2026-04-27 18:30:00,26.7,30.3,normal
DEV002,temperature,愛知,2026-04-27 18:30:00,28.1,66.9,critical
DEV003,humidity,東京,2026-04-27 18:30:00,23.1,N/A,warning
DEV004,temperature,東京,2026-04-27 18:30:00,27.3,33.3,critical
DEV005,vibration,東京,2026-04-27 18:30:00,22.6,54.0,normal
DEV006,vibration,愛知,2026-04-27 18:30:00,22.4,53.0,normal
DEV007,vibration,東京,2026-04-27 18:30:00,29.0,N/A,normal
DEV008,vibration,大阪,2026-04-27 18:30:00,21.4,42.8,normal
DEV009,temperature,東京,2026-04-27 18:30:00,23.0,32.2,warning
DEV010,temperature,東京,2026-04-27 18:30:00,20.3,58.3,normal
DEV011,temperature,愛知,2026-04-27 18:30:00,999,45.8,normal
DEV012,vibration,東京,2026-04-27 18:30:00,24.3,67.2,normal
DEV013,vibration,東京,2026-04-27 18:30:00,24.9,31.4,normal
DEV014,vibration,愛知,2026-04-27 18:30:00,25.8,58.4,critical
DEV015,vibration,愛知,2026-04-27 18:30:00,27.3,54.3,normal
DEV016,humidity,東京,2026-04-27 18:30:00,27.3,39.0,normal
DEV017,humidity,愛知,2026-04-27 18:30:00,20.9,58.3,normal
DEV018,humidity,東京,2026-04-27 18:30:00,20.3,32.1,N/A
DEV019,temperature,愛知,2026-04-27 18:30:00,28.8,60.8,normal
DEV020,humidity,大阪,2026-04-27 18:30:00,29.1,,normal
DEV021,humidity,東京,2026-04-27 18:30:00,23.5,59.9,warning
DEV022,temperature,大阪,2026-04-27 18:30:00,27.8,58.0,N/A
DEV023,temperature,東京,2026-04-27 18:30:00,28.8,39.0,normal
DEV024,humidity,東京,2026-04-27 18:30:00,25.5,48.8,warning
DEV025,humidity,大阪,2026-04-27 18:30:00,28.2,51.2,warning
DEV026,vibration,大阪,2026-04-27 18:30:00,23.3,,N/A
DEV027,temperature,愛知,2026-04-27 18:30:00,29.4,57.6,N/A
DEV028,humidity,愛知,2026-04-27 18:30:00,27.2,32.3,normal
DEV029,temperature,大阪,2026-04-27 18:30:00,28.7,61.0,N/A
DEV030,temperature,愛知,2026-04-27 18:30:00,20.3,32.9,N/A
DEV001,vibration,東京,2026-04-27 18:35:00,28.7,50.0,critical
DEV002,temperature,愛知,2026-04-27 18:35:00,27.8,31.7,normal
DEV003,humidity,東京,2026-04-27 18:35:00,27.6,69.7,normal
DEV004,temperature,東京,2026-04-27 18:35:00,29.7,38.1,normal
DEV005,vibration,東京,2026-04-27 18:35:00,26.0,69.6,normal
DEV006,vibration,愛知,2026-04-27 18:35:00,,37.2,normal
DEV007,vibration,東京,2026-04-27 18:35:00,28.6,35.9,normal
DEV008,vibration,大阪,2026-04-27 18:35:00,25.0,46.4,normal
DEV009,temperature,東京,2026-04-27 18:35:00,28.0,61.5,normal
DEV010,temperature,東京,2026-04-27 18:35:00,23.2,30.8,normal
DEV011,temperature,愛知,2026-04-27 18:35:00,,67.6,normal
DEV012,vibration,東京,2026-04-27 18:35:00,18.0,53.6,N/A
DEV013,vibration,東京,2026-04-27 18:35:00,,56.1,normal
DEV014,vibration,愛知,2026-04-27 18:35:00,999,35.4,normal
DEV015,vibration,愛知,2026-04-27 18:35:00,24.3,63.8,critical
DEV016,humidity,東京,2026-04-27 18:35:00,27.9,61.4,normal
DEV017,humidity,愛知,2026-04-27 18:35:00,25.1,45.4,normal
DEV018,humidity,東京,2026-04-27 18:35:00,19.2,47.1,N/A
DEV019,temperature,愛知,2026-04-27 18:35:00,21.7,N/A,warning
DEV020,humidity,大阪,2026-04-27 18:35:00,25.6,44.5,N/A
DEV021,humidity,東京,2026-04-27 18:35:00,29.9,36.0,normal
DEV022,temperature,大阪,2026-04-27 18:35:00,28.8,38.2,normal
DEV023,temperature,東京,2026-04-27 18:35:00,29.1,67.4,warning
DEV024,humidity,東京,2026-04-27 18:35:00,26.8,54.4,normal
DEV025,humidity,大阪,2026-04-27 18:35:00,999,34.2,warning
DEV026,vibration,大阪,2026-04-27 18:35:00,28.6,46.6,warning
DEV027,temperature,愛知,2026-04-27 18:35:00,24.5,59.2,warning
DEV028,humidity,愛知,2026-04-27 18:35:00,21.1,69.2,warning
DEV029,temperature,大阪,2026-04-27 18:35:00,20.9,54.6,N/A
DEV030,temperature,愛知,2026-04-27 18:35:00,29.3,42.3,critical
DEV001,vibration,東京,2026-04-27 18:40:00,22.6,48.8,normal
DEV002,temperature,愛知,2026-04-27 18:40:00,19.7,,normal
DEV003,humidity,東京,2026-04-27 18:40:00,18.7,40.2,N/A
DEV004,temperature,東京,2026-04-27 18:40:00,22.6,53.1,N/A
DEV005,vibration,東京,2026-04-27 18:40:00,25.0,44.8,normal
DEV006,vibration,愛知,2026-04-27 18:40:00,18.9,49.1,normal
DEV007,vibration,東京,2026-04-27 18:40:00,999,51.2,critical
DEV008,vibration,大阪,2026-04-27 18:40:00,26.7,39.3,normal
DEV009,temperature,東京,2026-04-27 18:40:00,20.1,32.1,N/A
DEV010,temperature,東京,2026-04-27 18:40:00,27.3,40.1,critical
DEV011,temperature,愛知,2026-04-27 18:40:00,20.2,53.6,N/A
DEV012,vibration,東京,2026-04-27 18:40:00,27.0,39.2,normal
DEV013,vibration,東京,2026-04-27 18:40:00,19.6,47.6,warning
DEV014,vibration,愛知,2026-04-27 18:40:00,22.0,61.7,N/A
DEV015,vibration,愛知,2026-04-27 18:40:00,26.2,47.6,normal
DEV016,humidity,東京,2026-04-27 18:40:00,29.6,49.8,warning
DEV017,humidity,愛知,2026-04-27 18:40:00,24.8,38.2,normal
DEV018,humidity,東京,2026-04-27 18:40:00,20.5,38.3,normal
DEV019,temperature,愛知,2026-04-27 18:40:00,26.3,43.2,normal
DEV020,humidity,大阪,2026-04-27 18:40:00,999,66.0,warning
DEV021,humidity,東京,2026-04-27 18:40:00,25.4,59.3,normal
DEV022,temperature,大阪,2026-04-27 18:40:00,26.4,55.7,normal
DEV023,temperature,東京,2026-04-27 18:40:00,25.3,53.1,normal
DEV024,humidity,東京,2026-04-27 18:40:00,28.7,69.1,critical
DEV025,humidity,大阪,2026-04-27 18:40:00,21.9,60.4,normal
DEV026,vibration,大阪,2026-04-27 18:40:00,25.0,40.6,normal
DEV027,temperature,愛知,2026-04-27 18:40:00,26.6,N/A,normal
DEV028,humidity,愛知,2026-04-27 18:40:00,27.4,40.4,normal
DEV029,temperature,大阪,2026-04-27 18:40:00,28.1,66.8,normal
DEV030,temperature,愛知,2026-04-27 18:40:00,24.3,51.8,N/A
DEV001,vibration,東京,2026-04-27 18:45:00,28.7,34.5,normal
DEV002,temperature,愛知,2026-04-27 18:45:00,28.4,44.8,normal
DEV003,humidity,東京,2026-04-27 18:45:00,21.7,55.4,normal
DEV004,temperature,東京,2026-04-27 18:45:00,26.6,,normal
DEV005,vibration,東京,2026-04-27 18:45:00,22.4,33.7,normal
DEV006,vibration,愛知,2026-04-27 18:45:00,29.2,45.4,normal
DEV007,vibration,東京,2026-04-27 18:45:00,22.0,46.6,normal
DEV008,vibration,大阪,2026-04-27 18:45:00,,34.9,normal
DEV009,temperature,東京,2026-04-27 18:45:00,21.0,58.4,normal
DEV010,temperature,東京,2026-04-27 18:45:00,21.0,49.6,normal
DEV011,temperature,愛知,2026-04-27 18:45:00,21.0,41.0,normal
DEV012,vibration,東京,2026-04-27 18:45:00,29.0,67.0,normal
DEV013,vibration,東京,2026-04-27 18:45:00,18.6,46.7,normal
DEV014,vibration,愛知,2026-04-27 18:45:00,24.3,32.1,N/A
DEV015,vibration,愛知,2026-04-27 18:45:00,22.3,43.5,normal
DEV016,humidity,東京,2026-04-27 18:45:00,27.2,37.1,normal
DEV017,humidity,愛知,2026-04-27 18:45:00,25.6,46.0,normal
DEV018,humidity,東京,2026-04-27 18:45:00,28.9,40.1,normal
DEV019,temperature,愛知,2026-04-27 18:45:00,29.5,34.9,normal
DEV020,humidity,大阪,2026-04-27 18:45:00,23.2,62.1,normal
DEV021,humidity,東京,2026-04-27 18:45:00,29.8,66.8,normal
DEV022,temperature,大阪,2026-04-27 18:45:00,26.4,52.1,warning
DEV023,temperature,東京,2026-04-27 18:45:00,19.2,48.9,normal
DEV024,humidity,東京,2026-04-27 18:45:00,26.4,62.1,N/A
DEV025,humidity,大阪,2026-04-27 18:45:00,19.0,34.6,normal
DEV026,vibration,大阪,2026-04-27 18:45:00,19.9,54.3,critical
DEV027,temperature,愛知,2026-04-27 18:45:00,19.3,N/A,normal
DEV028,humidity,愛知,2026-04-27 18:45:00,24.2,58.1,N/A
DEV029,temperature,大阪,2026-04-27 18:45:00,25.0,36.7,normal
DEV030,temperature,愛知,2026-04-27 18:45:00,28.9,62.8,normal
DEV001,vibration,東京,2026-04-27 18:50:00,21.6,,normal
DEV002,temperature,愛知,2026-04-27 18:50:00,24.1,42.3,N/A
DEV003,humidity,東京,2026-04-27 18:50:00,24.2,46.1,N/A
DEV004,temperature,東京,2026-04-27 18:50:00,18.9,48.5,N/A
DEV005,vibration,東京,2026-04-27 18:50:00,25.9,56.7,N/A
DEV006,vibration,愛知,2026-04-27 18:50:00,29.0,40.9,N/A
DEV007,vibration,東京,2026-04-27 18:50:00,28.9,61.8,normal
DEV008,vibration,大阪,2026-04-27 18:50:00,18.3,37.6,critical
DEV009,temperature,東京,2026-04-27 18:50:00,19.6,46.1,critical
DEV010,temperature,東京,2026-04-27 18:50:00,28.6,37.3,normal
DEV011,temperature,愛知,2026-04-27 18:50:00,29.7,35.9,normal
DEV012,vibration,東京,2026-04-27 18:50:00,29.3,33.3,normal
DEV013,vibration,東京,2026-04-27 18:50:00,19.9,42.5,normal
DEV014,vibration,愛知,2026-04-27 18:50:00,24.4,31.6,warning
DEV015,vibration,愛知,2026-04-27 18:50:00,18.4,54.8,normal
DEV016,humidity,東京,2026-04-27 18:50:00,25.6,53.6,critical
DEV017,humidity,愛知,2026-04-27 18:50:00,26.5,58.3,warning
DEV018,humidity,東京,2026-04-27 18:50:00,29.7,65.8,warning
DEV019,temperature,愛知,2026-04-27 18:50:00,19.6,,normal
DEV020,humidity,大阪,2026-04-27 18:50:00,21.5,30.8,normal
DEV021,humidity,東京,2026-04-27 18:50:00,28.6,32.9,N/A
DEV022,temperature,大阪,2026-04-27 18:50:00,23.9,41.3,warning
DEV023,temperature,東京,2026-04-27 18:50:00,19.7,47.3,normal
DEV024,humidity,東京,2026-04-27 18:50:00,23.2,69.6,N/A
DEV025,humidity,大阪,2026-04-27 18:50:00,25.1,63.8,normal
DEV026,vibration,大阪,2026-04-27 18:50:00,21.8,52.2,normal
DEV027,temperature,愛知,2026-04-27 18:50:00,20.0,53.1,normal
DEV028,humidity,愛知,2026-04-27 18:50:00,29.6,61.1,warning
DEV029,temperature,大阪,2026-04-27 18:50:00,23.1,N/A,normal
DEV030,temperature,愛知,2026-04-27 18:50:00,25.8,66.2,warning
DEV001,vibration,東京,2026-04-27 18:55:00,20.8,54.1,N/A
DEV002,temperature,愛知,2026-04-27 18:55:00,27.8,57.3,N/A
DEV003,humidity,東京,2026-04-27 18:55:00,19.0,40.0,warning
DEV004,temperature,東京,2026-04-27 18:55:00,22.2,69.3,normal
DEV005,vibration,東京,2026-04-27 18:55:00,22.5,52.1,normal
DEV006,vibration,愛知,2026-04-27 18:55:00,25.9,61.7,normal
DEV007,vibration,東京,2026-04-27 18:55:00,22.2,46.6,normal
DEV008,vibration,大阪,2026-04-27 18:55:00,18.8,30.5,normal
DEV009,temperature,東京,2026-04-27 18:55:00,22.3,62.9,critical
DEV010,temperature,東京,2026-04-27 18:55:00,22.3,36.5,normal
DEV011,temperature,愛知,2026-04-27 18:55:00,22.0,63.8,normal
DEV012,vibration,東京,2026-04-27 18:55:00,26.9,44.0,normal
DEV013,vibration,東京,2026-04-27 18:55:00,20.5,34.4,normal
DEV014,vibration,愛知,2026-04-27 18:55:00,,42.3,normal
DEV015,vibration,愛知,2026-04-27 18:55:00,29.7,47.2,normal
DEV016,humidity,東京,2026-04-27 18:55:00,26.8,N/A,normal
DEV017,humidity,愛知,2026-04-27 18:55:00,21.0,49.9,normal
DEV018,humidity,東京,2026-04-27 18:55:00,21.1,58.1,critical
DEV019,temperature,愛知,2026-04-27 18:55:00,23.6,31.6,normal
DEV020,humidity,大阪,2026-04-27 18:55:00,27.9,55.3,critical
DEV021,humidity,東京,2026-04-27 18:55:00,24.2,65.5,critical
DEV022,temperature,大阪,2026-04-27 18:55:00,25.8,39.2,normal
DEV023,temperature,東京,2026-04-27 18:55:00,26.9,42.8,normal
DEV024,humidity,東京,2026-04-27 18:55:00,19.4,47.6,normal
DEV025,humidity,大阪,2026-04-27 18:55:00,23.1,49.9,normal
DEV026,vibration,大阪,2026-04-27 18:55:00,21.7,38.2,normal
DEV027,temperature,愛知,2026-04-27 18:55:00,30.0,36.5,normal
DEV028,humidity,愛知,2026-04-27 18:55:00,23.2,61.3,N/A
DEV029,temperature,大阪,2026-04-27 18:55:00,26.1,N/A,normal
DEV030,temperature,愛知,2026-04-27 18:55:00,24.4,30.7,normal
DEV001,vibration,東京,2026-04-27 19:00:00,29.4,57.1,normal
DEV002,temperature,愛知,2026-04-27 19:00:00,24.0,58.3,normal
DEV003,humidity,東京,2026-04-27 19:00:00,23.4,40.5,normal
DEV004,temperature,東京,2026-04-27 19:00:00,25.6,47.8,normal
DEV005,vibration,東京,2026-04-27 19:00:00,18.8,53.0,normal
DEV006,vibration,愛知,2026-04-27 19:00:00,19.5,N/A,normal
DEV007,vibration,東京,2026-04-27 19:00:00,26.0,59.0,normal
DEV008,vibration,大阪,2026-04-27 19:00:00,19.3,32.7,normal
DEV009,temperature,東京,2026-04-27 19:00:00,21.5,32.6,normal
DEV010,temperature,東京,2026-04-27 19:00:00,19.5,43.4,warning
DEV011,temperature,愛知,2026-04-27 19:00:00,19.6,60.4,normal
DEV012,vibration,東京,2026-04-27 19:00:00,19.5,68.4,normal
DEV013,vibration,東京,2026-04-27 19:00:00,29.9,56.3,warning
DEV014,vibration,愛知,2026-04-27 19:00:00,27.4,62.0,N/A
DEV015,vibration,愛知,2026-04-27 19:00:00,24.7,49.9,critical
DEV016,humidity,東京,2026-04-27 19:00:00,27.9,49.0,warning
DEV017,humidity,愛知,2026-04-27 19:00:00,28.4,49.2,normal
DEV018,humidity,東京,2026-04-27 19:00:00,20.6,51.3,N/A
DEV019,temperature,愛知,2026-04-27 19:00:00,23.5,36.4,normal
DEV020,humidity,大阪,2026-04-27 19:00:00,20.7,34.7,normal
DEV021,humidity,東京,2026-04-27 19:00:00,26.9,50.4,normal
DEV022,temperature,大阪,2026-04-27 19:00:00,27.5,38.9,normal
DEV023,temperature,東京,2026-04-27 19:00:00,28.8,,N/A
DEV024,humidity,東京,2026-04-27 19:00:00,27.3,31.6,normal
DEV025,humidity,大阪,2026-04-27 19:00:00,23.8,43.3,normal
DEV026,vibration,大阪,2026-04-27 19:00:00,19.3,55.5,normal
DEV027,temperature,愛知,2026-04-27 19:00:00,26.6,,normal
DEV028,humidity,愛知,2026-04-27 19:00:00,25.2,53.3,warning
DEV029,temperature,大阪,2026-04-27 19:00:00,24.8,67.7,normal
DEV030,temperature,愛知,2026-04-27 19:00:00,28.2,30.3,normal
DEV001,vibration,東京,2026-04-27 19:05:00,29.6,44.2,warning
DEV002,temperature,愛知,2026-04-27 19:05:00,21.3,65.8,normal
DEV003,humidity,東京,2026-04-27 19:05:00,22.2,38.8,normal
DEV004,temperature,東京,2026-04-27 19:05:00,29.2,48.0,critical
DEV005,vibration,東京,2026-04-27 19:05:00,26.1,57.9,critical
DEV006,vibration,愛知,2026-04-27 19:05:00,24.5,67.1,normal
DEV007,vibration,東京,2026-04-27 19:05:00,28.8,68.9,normal
DEV008,vibration,大阪,2026-04-27 19:05:00,18.4,,normal
DEV009,temperature,東京,2026-04-27 19:05:00,18.1,60.8,N/A
DEV010,temperature,東京,2026-04-27 19:05:00,27.1,35.0,normal
DEV011,temperature,愛知,2026-04-27 19:05:00,19.3,56.7,critical
DEV012,vibration,東京,2026-04-27 19:05:00,28.7,67.7,normal
DEV013,vibration,東京,2026-04-27 19:05:00,29.8,46.4,normal
DEV014,vibration,愛知,2026-04-27 19:05:00,21.1,68.4,normal
DEV015,vibration,愛知,2026-04-27 19:05:00,21.6,49.9,normal
DEV016,humidity,東京,2026-04-27 19:05:00,23.0,62.2,normal
DEV017,humidity,愛知,2026-04-27 19:05:00,23.6,N/A,normal
DEV018,humidity,東京,2026-04-27 19:05:00,23.6,,normal
DEV019,temperature,愛知,2026-04-27 19:05:00,20.7,48.5,normal
DEV020,humidity,大阪,2026-04-27 19:05:00,22.5,51.2,N/A
DEV021,humidity,東京,2026-04-27 19:05:00,25.9,62.5,normal
DEV022,temperature,大阪,2026-04-27 19:05:00,25.7,61.9,normal
DEV023,temperature,東京,2026-04-27 19:05:00,19.2,55.0,critical
DEV024,humidity,東京,2026-04-27 19:05:00,24.9,63.7,normal
DEV025,humidity,大阪,2026-04-27 19:05:00,18.3,34.8,normal
DEV026,vibration,大阪,2026-04-27 19:05:00,24.1,41.5,normal
DEV027,temperature,愛知,2026-04-27 19:05:00,27.8,57.6,normal
DEV028,humidity,愛知,2026-04-27 19:05:00,27.4,44.7,normal
DEV029,temperature,大阪,2026-04-27 19:05:00,23.7,N/A,normal
DEV030,temperature,愛知,2026-04-27 19:05:00,27.1,59.2,normal
DEV001,vibration,東京,2026-04-27 19:10:00,22.6,41.8,normal
DEV002,temperature,愛知,2026-04-27 19:10:00,19.7,56.0,normal
DEV003,humidity,東京,2026-04-27 19:10:00,18.9,34.4,normal
DEV004,temperature,東京,2026-04-27 19:10:00,28.0,55.6,normal
DEV005,vibration,東京,2026-04-27 19:10:00,23.9,46.1,N/A
DEV006,vibration,愛知,2026-04-27 19:10:00,27.4,35.1,normal
DEV007,vibration,東京,2026-04-27 19:10:00,21.7,64.6,warning
DEV008,vibration,大阪,2026-04-27 19:10:00,29.4,44.6,normal
DEV009,temperature,東京,2026-04-27 19:10:00,26.0,47.0,normal
DEV010,temperature,東京,2026-04-27 19:10:00,19.3,56.7,N/A
DEV011,temperature,愛知,2026-04-27 19:10:00,25.3,35.7,normal
DEV012,vibration,東京,2026-04-27 19:10:00,28.2,38.4,normal
DEV013,vibration,東京,2026-04-27 19:10:00,19.9,58.8,N/A
DEV014,vibration,愛知,2026-04-27 19:10:00,24.4,54.5,normal
DEV015,vibration,愛知,2026-04-27 19:10:00,20.2,37.8,critical
DEV016,humidity,東京,2026-04-27 19:10:00,20.8,32.2,normal
DEV017,humidity,愛知,2026-04-27 19:10:00,26.8,65.0,normal
DEV018,humidity,東京,2026-04-27 19:10:00,18.4,N/A,warning
DEV019,temperature,愛知,2026-04-27 19:10:00,28.5,50.3,N/A
DEV020,humidity,大阪,2026-04-27 19:10:00,28.7,62.3,normal
DEV021,humidity,東京,2026-04-27 19:10:00,27.5,35.3,normal
DEV022,temperature,大阪,2026-04-27 19:10:00,26.4,49.3,normal
DEV023,temperature,東京,2026-04-27 19:10:00,21.3,61.8,normal
DEV024,humidity,東京,2026-04-27 19:10:00,999,62.3,normal
DEV025,humidity,大阪,2026-04-27 19:10:00,22.6,50.4,normal
DEV026,vibration,大阪,2026-04-27 19:10:00,24.6,59.7,warning
DEV027,temperature,愛知,2026-04-27 19:10:00,22.4,48.5,normal
DEV028,humidity,愛知,2026-04-27 19:10:00,27.8,66.1,normal
DEV029,temperature,大阪,2026-04-27 19:10:00,22.6,35.6,normal
DEV030,temperature,愛知,2026-04-27 19:10:00,21.0,64.4,normal
DEV001,vibration,東京,2026-04-27 19:15:00,22.3,47.4,normal
DEV002,temperature,愛知,2026-04-27 19:15:00,18.7,54.6,normal
DEV003,humidity,東京,2026-04-27 19:15:00,25.6,31.2,N/A
DEV004,temperature,東京,2026-04-27 19:15:00,29.4,67.5,normal
DEV005,vibration,東京,2026-04-27 19:15:00,21.6,45.8,normal
DEV006,vibration,愛知,2026-04-27 19:15:00,22.5,39.2,N/A
DEV007,vibration,東京,2026-04-27 19:15:00,26.1,67.4,normal
DEV008,vibration,大阪,2026-04-27 19:15:00,29.3,52.9,normal
DEV009,temperature,東京,2026-04-27 19:15:00,20.9,64.0,N/A
DEV010,temperature,東京,2026-04-27 19:15:00,24.8,43.4,normal
DEV011,temperature,愛知,2026-04-27 19:15:00,27.0,54.9,warning
DEV012,vibration,東京,2026-04-27 19:15:00,28.5,59.0,normal
DEV013,vibration,東京,2026-04-27 19:15:00,28.5,64.5,normal
DEV014,vibration,愛知,2026-04-27 19:15:00,19.3,64.0,normal
DEV015,vibration,愛知,2026-04-27 19:15:00,19.9,38.3,normal
DEV016,humidity,東京,2026-04-27 19:15:00,19.2,62.6,normal
DEV017,humidity,愛知,2026-04-27 19:15:00,21.3,,normal
DEV018,humidity,東京,2026-04-27 19:15:00,22.4,52.1,normal
DEV019,temperature,愛知,2026-04-27 19:15:00,29.5,44.0,normal
DEV020,humidity,大阪,2026-04-27 19:15:00,27.7,54.1,normal
DEV021,humidity,東京,2026-04-27 19:15:00,25.8,43.5,normal
DEV022,temperature,大阪,2026-04-27 19:15:00,29.4,58.7,normal
DEV023,temperature,東京,2026-04-27 19:15:00,29.2,49.3,normal
DEV024,humidity,東京,2026-04-27 19:15:00,25.5,40.6,normal
DEV025,humidity,大阪,2026-04-27 19:15:00,29.9,59.3,normal
DEV026,vibration,大阪,2026-04-27 19:15:00,24.2,46.7,N/A
DEV027,temperature,愛知,2026-04-27 19:15:00,27.9,31.6,normal
DEV028,humidity,愛知,2026-04-27 19:15:00,23.9,32.7,normal
DEV029,temperature,大阪,2026-04-27 19:15:00,25.5,57.9,normal
DEV030,temperature,愛知,2026-04-27 19:15:00,24.8,68.9,normal
DEV001,vibration,東京,2026-04-27 19:20:00,24.0,44.3,normal
DEV002,temperature,愛知,2026-04-27 19:20:00,18.3,52.4,critical
DEV003,humidity,東京,2026-04-27 19:20:00,24.7,56.6,N/A
DEV004,temperature,東京,2026-04-27 19:20:00,18.6,63.7,warning
DEV005,vibration,東京,2026-04-27 19:20:00,28.0,69.3,N/A
DEV006,vibration,愛知,2026-04-27 19:20:00,20.3,67.7,normal
DEV007,vibration,東京,2026-04-27 19:20:00,18.6,36.4,warning
DEV008,vibration,大阪,2026-04-27 19:20:00,30.0,63.2,normal
DEV009,temperature,東京,2026-04-27 19:20:00,22.9,30.0,normal
DEV010,temperature,東京,2026-04-27 19:20:00,20.1,55.1,normal
DEV011,temperature,愛知,2026-04-27 19:20:00,29.3,53.4,normal
DEV012,vibration,東京,2026-04-27 19:20:00,20.9,58.0,N/A
DEV013,vibration,東京,2026-04-27 19:20:00,18.5,33.0,normal
DEV014,vibration,愛知,2026-04-27 19:20:00,28.9,50.6,warning
DEV015,vibration,愛知,2026-04-27 19:20:00,19.4,61.6,normal
DEV016,humidity,東京,2026-04-27 19:20:00,20.4,52.0,critical
DEV017,humidity,愛知,2026-04-27 19:20:00,23.2,N/A,N/A
DEV018,humidity,東京,2026-04-27 19:20:00,18.8,36.8,normal
DEV019,temperature,愛知,2026-04-27 19:20:00,20.7,N/A,warning
DEV020,humidity,大阪,2026-04-27 19:20:00,24.6,44.0,warning
DEV021,humidity,東京,2026-04-27 19:20:00,26.2,69.6,N/A
DEV022,temperature,大阪,2026-04-27 19:20:00,27.0,31.7,N/A
DEV023,temperature,東京,2026-04-27 19:20:00,23.3,45.6,N/A
DEV024,humidity,東京,2026-04-27 19:20:00,22.7,50.1,normal
DEV025,humidity,大阪,2026-04-27 19:20:00,28.9,57.6,normal
DEV026,vibration,大阪,2026-04-27 19:20:00,29.6,52.1,normal
DEV027,temperature,愛知,2026-04-27 19:20:00,26.2,66.3,normal
DEV028,humidity,愛知,2026-04-27 19:20:00,28.5,37.7,normal
DEV029,temperature,大阪,2026-04-27 19:20:00,20.4,41.5,normal
DEV030,temperature,愛知,2026-04-27 19:20:00,29.1,65.5,warning
DEV001,vibration,東京,2026-04-27 19:25:00,18.4,57.2,normal
DEV002,temperature,愛知,2026-04-27 19:25:00,26.8,57.9,normal
DEV003,humidity,東京,2026-04-27 19:25:00,23.4,68.3,normal
DEV004,temperature,東京,2026-04-27 19:25:00,25.7,48.3,normal
DEV005,vibration,東京,2026-04-27 19:25:00,21.5,47.9,normal
DEV006,vibration,愛知,2026-04-27 19:25:00,23.4,42.7,warning
DEV007,vibration,東京,2026-04-27 19:25:00,18.9,53.0,normal
DEV008,vibration,大阪,2026-04-27 19:25:00,21.2,53.9,normal
DEV009,temperature,東京,2026-04-27 19:25:00,21.1,67.5,critical
DEV010,temperature,東京,2026-04-27 19:25:00,,41.7,warning
DEV011,temperature,愛知,2026-04-27 19:25:00,20.4,62.1,warning
DEV012,vibration,東京,2026-04-27 19:25:00,27.4,47.3,N/A
DEV013,vibration,東京,2026-04-27 19:25:00,18.6,61.1,normal
DEV014,vibration,愛知,2026-04-27 19:25:00,29.4,68.1,normal
DEV015,vibration,愛知,2026-04-27 19:25:00,19.4,65.6,normal
DEV016,humidity,東京,2026-04-27 19:25:00,19.9,31.1,normal
DEV017,humidity,愛知,2026-04-27 19:25:00,24.1,61.5,normal
DEV018,humidity,東京,2026-04-27 19:25:00,19.7,43.6,normal
DEV019,temperature,愛知,2026-04-27 19:25:00,18.1,59.0,normal
DEV020,humidity,大阪,2026-04-27 19:25:00,22.0,51.5,normal
DEV021,humidity,東京,2026-04-27 19:25:00,18.6,31.2,normal
DEV022,temperature,大阪,2026-04-27 19:25:00,28.9,55.5,normal
DEV023,temperature,東京,2026-04-27 19:25:00,19.5,47.3,critical
DEV024,humidity,東京,2026-04-27 19:25:00,28.7,64.4,warning
DEV025,humidity,大阪,2026-04-27 19:25:00,18.3,31.7,normal
DEV026,vibration,大阪,2026-04-27 19:25:00,,45.1,normal
DEV027,temperature,愛知,2026-04-27 19:25:00,21.0,69.7,normal
DEV028,humidity,愛知,2026-04-27 19:25:00,19.0,49.5,normal
DEV029,temperature,大阪,2026-04-27 19:25:00,21.4,47.5,normal
DEV030,temperature,愛知,2026-04-27 19:25:00,28.9,37.5,normal
DEV001,vibration,東京,2026-04-27 19:30:00,28.7,62.0,normal
DEV002,temperature,愛知,2026-04-27 19:30:00,21.1,50.1,normal
DEV003,humidity,東京,2026-04-27 19:30:00,19.8,59.0,normal
DEV004,temperature,東京,2026-04-27 19:30:00,20.0,65.3,normal
DEV005,vibration,東京,2026-04-27 19:30:00,26.7,50.0,normal
DEV006,vibration,愛知,2026-04-27 19:30:00,26.5,36.9,normal
DEV007,vibration,東京,2026-04-27 19:30:00,26.6,53.4,critical
DEV008,vibration,大阪,2026-04-27 19:30:00,27.8,42.6,normal
DEV009,temperature,東京,2026-04-27 19:30:00,,34.9,normal
DEV010,temperature,東京,2026-04-27 19:30:00,18.1,67.9,normal
DEV011,temperature,愛知,2026-04-27 19:30:00,22.2,61.8,normal
DEV012,vibration,東京,2026-04-27 19:30:00,27.9,59.4,warning
DEV013,vibration,東京,2026-04-27 19:30:00,22.6,N/A,normal
DEV014,vibration,愛知,2026-04-27 19:30:00,25.1,33.4,normal
DEV015,vibration,愛知,2026-04-27 19:30:00,27.8,47.6,normal
DEV016,humidity,東京,2026-04-27 19:30:00,27.4,48.0,normal
DEV017,humidity,愛知,2026-04-27 19:30:00,27.8,45.4,normal
DEV018,humidity,東京,2026-04-27 19:30:00,22.7,35.0,critical
DEV019,temperature,愛知,2026-04-27 19:30:00,29.1,35.6,normal
DEV020,humidity,大阪,2026-04-27 19:30:00,28.6,32.8,normal
DEV021,humidity,東京,2026-04-27 19:30:00,24.9,49.8,normal
DEV022,temperature,大阪,2026-04-27 19:30:00,24.0,48.7,normal
DEV023,temperature,東京,2026-04-27 19:30:00,19.7,N/A,normal
DEV024,humidity,東京,2026-04-27 19:30:00,24.6,46.6,N/A
DEV025,humidity,大阪,2026-04-27 19:30:00,27.9,57.2,critical
DEV026,vibration,大阪,2026-04-27 19:30:00,26.2,,normal
DEV027,temperature,愛知,2026-04-27 19:30:00,19.7,68.4,normal
DEV028,humidity,愛知,2026-04-27 19:30:00,20.9,33.5,normal
DEV029,temperature,大阪,2026-04-27 19:30:00,19.1,70.0,normal
DEV030,temperature,愛知,2026-04-27 19:30:00,18.2,66.9,critical
DEV001,vibration,東京,2026-04-27 19:35:00,18.3,50.1,normal
DEV002,temperature,愛知,2026-04-27 19:35:00,24.0,57.9,normal
DEV003,humidity,東京,2026-04-27 19:35:00,22.7,41.1,normal
DEV004,temperature,東京,2026-04-27 19:35:00,29.2,58.3,critical
DEV005,vibration,東京,2026-04-27 19:35:00,18.9,52.9,critical
DEV006,vibration,愛知,2026-04-27 19:35:00,24.0,33.6,normal
DEV007,vibration,東京,2026-04-27 19:35:00,29.6,66.6,normal
DEV008,vibration,大阪,2026-04-27 19:35:00,21.0,62.3,critical
DEV009,temperature,東京,2026-04-27 19:35:00,24.9,59.8,normal
DEV010,temperature,東京,2026-04-27 19:35:00,18.8,66.9,normal
DEV011,temperature,愛知,2026-04-27 19:35:00,22.6,,normal
DEV012,vibration,東京,2026-04-27 19:35:00,27.0,61.0,normal
DEV013,vibration,東京,2026-04-27 19:35:00,28.3,42.3,warning
DEV014,vibration,愛知,2026-04-27 19:35:00,29.4,45.7,critical
DEV015,vibration,愛知,2026-04-27 19:35:00,23.2,63.5,warning
DEV016,humidity,東京,2026-04-27 19:35:00,23.5,52.6,N/A
DEV017,humidity,愛知,2026-04-27 19:35:00,18.6,30.2,warning
DEV018,humidity,東京,2026-04-27 19:35:00,25.3,61.5,N/A
DEV019,temperature,愛知,2026-04-27 19:35:00,26.6,35.1,normal
DEV020,humidity,大阪,2026-04-27 19:35:00,29.5,34.0,normal
DEV021,humidity,東京,2026-04-27 19:35:00,28.3,33.0,normal
DEV022,temperature,大阪,2026-04-27 19:35:00,28.8,45.3,normal
DEV023,temperature,東京,2026-04-27 19:35:00,26.7,37.3,normal
DEV024,humidity,東京,2026-04-27 19:35:00,22.0,55.3,normal
DEV025,humidity,大阪,2026-04-27 19:35:00,29.8,50.9,normal
DEV026,vibration,大阪,2026-04-27 19:35:00,19.6,39.6,critical
DEV027,temperature,愛知,2026-04-27 19:35:00,21.3,55.7,normal
DEV028,humidity,愛知,2026-04-27 19:35:00,28.3,63.5,normal
DEV029,temperature,大阪,2026-04-27 19:35:00,28.7,65.4,critical
DEV030,temperature,愛知,2026-04-27 19:35:00,27.0,49.5,normal
DEV001,vibration,東京,2026-04-27 19:40:00,,54.0,normal
DEV002,temperature,愛知,2026-04-27 19:40:00,24.2,55.6,N/A
DEV003,humidity,東京,2026-04-27 19:40:00,23.6,40.8,normal
DEV004,temperature,東京,2026-04-27 19:40:00,20.4,N/A,N/A
DEV005,vibration,東京,2026-04-27 19:40:00,,56.8,normal
DEV006,vibration,愛知,2026-04-27 19:40:00,21.9,67.5,normal
DEV007,vibration,東京,2026-04-27 19:40:00,23.9,38.8,normal
DEV008,vibration,大阪,2026-04-27 19:40:00,21.1,47.5,warning
DEV009,temperature,東京,2026-04-27 19:40:00,29.4,42.4,normal
DEV010,temperature,東京,2026-04-27 19:40:00,29.3,45.6,normal
DEV011,temperature,愛知,2026-04-27 19:40:00,28.7,38.7,N/A
DEV012,vibration,東京,2026-04-27 19:40:00,19.5,48.5,normal
DEV013,vibration,東京,2026-04-27 19:40:00,29.5,67.3,normal
DEV014,vibration,愛知,2026-04-27 19:40:00,21.1,55.5,N/A
DEV015,vibration,愛知,2026-04-27 19:40:00,19.9,59.6,N/A
DEV016,humidity,東京,2026-04-27 19:40:00,22.0,41.5,warning
DEV017,humidity,愛知,2026-04-27 19:40:00,20.6,52.6,normal
DEV018,humidity,東京,2026-04-27 19:40:00,25.2,,warning
DEV019,temperature,愛知,2026-04-27 19:40:00,26.3,69.5,normal
DEV020,humidity,大阪,2026-04-27 19:40:00,24.8,42.6,normal
DEV021,humidity,東京,2026-04-27 19:40:00,27.6,59.6,normal
DEV022,temperature,大阪,2026-04-27 19:40:00,20.2,63.3,normal
DEV023,temperature,東京,2026-04-27 19:40:00,26.7,33.6,normal
DEV024,humidity,東京,2026-04-27 19:40:00,28.0,40.0,normal
DEV025,humidity,大阪,2026-04-27 19:40:00,21.5,36.4,N/A
DEV026,vibration,大阪,2026-04-27 19:40:00,23.0,35.9,normal
DEV027,temperature,愛知,2026-04-27 19:40:00,23.6,66.8,warning
DEV028,humidity,愛知,2026-04-27 19:40:00,24.0,48.5,normal
DEV029,temperature,大阪,2026-04-27 19:40:00,24.1,47.8,critical
DEV030,temperature,愛知,2026-04-27 19:40:00,23.8,66.6,normal
DEV001,vibration,東京,2026-04-27 19:45:00,22.5,,normal
DEV002,temperature,愛知,2026-04-27 19:45:00,28.8,38.5,normal
DEV003,humidity,東京,2026-04-27 19:45:00,26.8,68.3,warning
DEV004,temperature,東京,2026-04-27 19:45:00,21.4,46.5,warning
DEV005,vibration,東京,2026-04-27 19:45:00,25.9,56.2,normal
DEV006,vibration,愛知,2026-04-27 19:45:00,27.6,38.8,normal
DEV007,vibration,東京,2026-04-27 19:45:00,22.2,60.4,normal
DEV008,vibration,大阪,2026-04-27 19:45:00,24.3,60.8,normal
DEV009,temperature,東京,2026-04-27 19:45:00,22.9,34.8,normal
DEV010,temperature,東京,2026-04-27 19:45:00,21.8,32.7,critical
DEV011,temperature,愛知,2026-04-27 19:45:00,27.5,50.0,N/A
DEV012,vibration,東京,2026-04-27 19:45:00,22.3,44.4,N/A
DEV013,vibration,東京,2026-04-27 19:45:00,27.5,N/A,normal
DEV014,vibration,愛知,2026-04-27 19:45:00,23.4,37.3,normal
DEV015,vibration,愛知,2026-04-27 19:45:00,24.2,33.5,N/A
DEV016,humidity,東京,2026-04-27 19:45:00,29.6,33.7,normal
DEV017,humidity,愛知,2026-04-27 19:45:00,23.8,44.7,normal
DEV018,humidity,東京,2026-04-27 19:45:00,19.6,46.5,normal
DEV019,temperature,愛知,2026-04-27 19:45:00,19.7,38.6,normal
DEV020,humidity,大阪,2026-04-27 19:45:00,23.7,38.8,warning
DEV021,humidity,東京,2026-04-27 19:45:00,25.1,30.6,normal
DEV022,temperature,大阪,2026-04-27 19:45:00,27.1,69.2,normal
DEV023,temperature,東京,2026-04-27 19:45:00,20.0,31.3,normal
DEV024,humidity,東京,2026-04-27 19:45:00,28.8,31.0,normal
DEV025,humidity,大阪,2026-04-27 19:45:00,26.0,37.9,normal
DEV026,vibration,大阪,2026-04-27 19:45:00,23.6,56.4,normal
DEV027,temperature,愛知,2026-04-27 19:45:00,22.8,31.0,warning
DEV028,humidity,愛知,2026-04-27 19:45:00,21.7,69.2,normal
DEV029,temperature,大阪,2026-04-27 19:45:00,26.3,67.2,normal
DEV030,temperature,愛知,2026-04-27 19:45:00,24.8,50.7,critical
DEV001,vibration,東京,2026-04-27 19:50:00,26.2,59.2,critical
DEV002,temperature,愛知,2026-04-27 19:50:00,25.0,55.3,normal
DEV003,humidity,東京,2026-04-27 19:50:00,27.5,52.6,normal
DEV004,temperature,東京,2026-04-27 19:50:00,29.0,47.9,normal
DEV005,vibration,東京,2026-04-27 19:50:00,25.6,63.1,normal
DEV006,vibration,愛知,2026-04-27 19:50:00,27.8,36.6,normal
DEV007,vibration,東京,2026-04-27 19:50:00,21.2,61.2,normal
DEV008,vibration,大阪,2026-04-27 19:50:00,21.0,47.2,normal
DEV009,temperature,東京,2026-04-27 19:50:00,22.2,41.9,normal
DEV010,temperature,東京,2026-04-27 19:50:00,18.6,50.5,normal
DEV011,temperature,愛知,2026-04-27 19:50:00,24.6,59.8,critical
DEV012,vibration,東京,2026-04-27 19:50:00,29.3,36.8,normal
DEV013,vibration,東京,2026-04-27 19:50:00,29.8,60.2,N/A
DEV014,vibration,愛知,2026-04-27 19:50:00,24.2,58.3,normal
DEV015,vibration,愛知,2026-04-27 19:50:00,20.8,31.9,critical
DEV016,humidity,東京,2026-04-27 19:50:00,20.7,64.8,critical
DEV017,humidity,愛知,2026-04-27 19:50:00,18.3,59.6,normal
DEV018,humidity,東京,2026-04-27 19:50:00,25.0,55.8,normal
DEV019,temperature,愛知,2026-04-27 19:50:00,23.9,39.9,N/A
DEV020,humidity,大阪,2026-04-27 19:50:00,18.0,65.1,normal
DEV021,humidity,東京,2026-04-27 19:50:00,18.3,33.8,normal
DEV022,temperature,大阪,2026-04-27 19:50:00,18.1,53.2,normal
DEV023,temperature,東京,2026-04-27 19:50:00,18.9,62.5,normal
DEV024,humidity,東京,2026-04-27 19:50:00,26.2,41.6,normal
DEV025,humidity,大阪,2026-04-27 19:50:00,20.1,31.8,normal
DEV026,vibration,大阪,2026-04-27 19:50:00,25.1,37.5,normal
DEV027,temperature,愛知,2026-04-27 19:50:00,22.2,N/A,normal
DEV028,humidity,愛知,2026-04-27 19:50:00,27.3,42.8,N/A
DEV029,temperature,大阪,2026-04-27 19:50:00,18.2,57.6,N/A
DEV030,temperature,愛知,2026-04-27 19:50:00,27.0,48.5,normal
DEV001,vibration,東京,2026-04-27 19:55:00,28.6,37.0,normal
DEV002,temperature,愛知,2026-04-27 19:55:00,24.4,38.7,critical
DEV003,humidity,東京,2026-04-27 19:55:00,23.8,32.9,normal
DEV004,temperature,東京,2026-04-27 19:55:00,21.7,34.5,normal
DEV005,vibration,東京,2026-04-27 19:55:00,26.3,35.3,normal
DEV006,vibration,愛知,2026-04-27 19:55:00,20.2,,normal
DEV007,vibration,東京,2026-04-27 19:55:00,25.5,59.3,critical
DEV008,vibration,大阪,2026-04-27 19:55:00,,67.3,normal
DEV009,temperature,東京,2026-04-27 19:55:00,26.6,37.1,normal
DEV010,temperature,東京,2026-04-27 19:55:00,22.6,31.0,N/A
DEV011,temperature,愛知,2026-04-27 19:55:00,20.6,33.0,normal
DEV012,vibration,東京,2026-04-27 19:55:00,26.8,58.5,normal
DEV013,vibration,東京,2026-04-27 19:55:00,19.8,65.4,normal
DEV014,vibration,愛知,2026-04-27 19:55:00,19.2,43.9,normal
DEV015,vibration,愛知,2026-04-27 19:55:00,29.5,36.7,normal
DEV016,humidity,東京,2026-04-27 19:55:00,18.3,33.3,warning
DEV017,humidity,愛知,2026-04-27 19:55:00,19.4,66.9,critical
DEV018,humidity,東京,2026-04-27 19:55:00,19.6,37.2,normal
DEV019,temperature,愛知,2026-04-27 19:55:00,24.1,60.2,normal
DEV020,humidity,大阪,2026-04-27 19:55:00,27.4,31.6,N/A
DEV021,humidity,東京,2026-04-27 19:55:00,23.8,67.7,normal
DEV022,temperature,大阪,2026-04-27 19:55:00,18.3,30.5,normal
DEV023,temperature,東京,2026-04-27 19:55:00,24.3,32.4,normal
DEV024,humidity,東京,2026-04-27 19:55:00,,42.8,critical
DEV025,humidity,大阪,2026-04-27 19:55:00,21.8,46.5,warning
DEV026,vibration,大阪,2026-04-27 19:55:00,20.8,40.0,warning
DEV027,temperature,愛知,2026-04-27 19:55:00,18.6,N/A,normal
DEV028,humidity,愛知,2026-04-27 19:55:00,25.8,56.4,normal
DEV029,temperature,大阪,2026-04-27 19:55:00,24.1,58.7,normal
DEV030,temperature,愛知,2026-04-27 19:55:00,28.8,48.2,N/A
DEV001,vibration,東京,2026-04-27 20:00:00,20.9,51.9,N/A
DEV002,temperature,愛知,2026-04-27 20:00:00,,51.9,normal
DEV003,humidity,東京,2026-04-27 20:00:00,22.3,36.3,normal
DEV004,temperature,東京,2026-04-27 20:00:00,23.1,45.3,normal
DEV005,vibration,東京,2026-04-27 20:00:00,25.4,,normal
DEV006,vibration,愛知,2026-04-27 20:00:00,18.5,32.6,warning
DEV007,vibration,東京,2026-04-27 20:00:00,28.0,49.0,normal
DEV008,vibration,大阪,2026-04-27 20:00:00,23.5,40.9,normal
DEV009,temperature,東京,2026-04-27 20:00:00,28.3,66.5,critical
DEV010,temperature,東京,2026-04-27 20:00:00,20.3,36.5,normal
DEV011,temperature,愛知,2026-04-27 20:00:00,23.4,31.0,normal
DEV012,vibration,東京,2026-04-27 20:00:00,19.0,69.3,critical
DEV013,vibration,東京,2026-04-27 20:00:00,18.7,69.9,normal
DEV014,vibration,愛知,2026-04-27 20:00:00,22.0,61.8,normal
DEV015,vibration,愛知,2026-04-27 20:00:00,23.0,64.4,normal
DEV016,humidity,東京,2026-04-27 20:00:00,22.8,N/A,warning
DEV017,humidity,愛知,2026-04-27 20:00:00,999,33.8,normal
DEV018,humidity,東京,2026-04-27 20:00:00,18.9,64.8,warning
DEV019,temperature,愛知,2026-04-27 20:00:00,18.5,56.6,critical
DEV020,humidity,大阪,2026-04-27 20:00:00,,44.0,normal
DEV021,humidity,東京,2026-04-27 20:00:00,24.1,48.4,normal
DEV022,temperature,大阪,2026-04-27 20:00:00,20.3,54.7,normal
DEV023,temperature,東京,2026-04-27 20:00:00,25.7,40.7,N/A
DEV024,humidity,東京,2026-04-27 20:00:00,27.4,50.1,normal
DEV025,humidity,大阪,2026-04-27 20:00:00,29.5,65.1,normal
DEV026,vibration,大阪,2026-04-27 20:00:00,26.7,65.7,normal
DEV027,temperature,愛知,2026-04-27 20:00:00,28.8,,N/A
DEV028,humidity,愛知,2026-04-27 20:00:00,24.0,37.8,N/A
DEV029,temperature,大阪,2026-04-27 20:00:00,21.7,51.3,normal
DEV030,temperature,愛知,2026-04-27 20:00:00,23.5,39.3,normal
DEV001,vibration,東京,2026-04-27 20:05:00,22.2,54.1,critical
DEV002,temperature,愛知,2026-04-27 20:05:00,23.0,36.6,normal
DEV003,humidity,東京,2026-04-27 20:05:00,22.0,39.0,normal
DEV004,temperature,東京,2026-04-27 20:05:00,28.7,55.2,normal
DEV005,vibration,東京,2026-04-27 20:05:00,22.9,40.8,normal
DEV006,vibration,愛知,2026-04-27 20:05:00,26.3,45.0,normal
DEV007,vibration,東京,2026-04-27 20:05:00,26.3,68.9,normal
DEV008,vibration,大阪,2026-04-27 20:05:00,20.1,52.3,normal
DEV009,temperature,東京,2026-04-27 20:05:00,20.3,41.3,normal
DEV010,temperature,東京,2026-04-27 20:05:00,27.6,66.3,normal
DEV011,temperature,愛知,2026-04-27 20:05:00,28.5,33.4,normal
DEV012,vibration,東京,2026-04-27 20:05:00,21.2,41.7,N/A
DEV013,vibration,東京,2026-04-27 20:05:00,25.7,62.5,critical
DEV014,vibration,愛知,2026-04-27 20:05:00,21.6,60.7,normal
DEV015,vibration,愛知,2026-04-27 20:05:00,19.3,36.5,normal
DEV016,humidity,東京,2026-04-27 20:05:00,28.9,49.6,N/A
DEV017,humidity,愛知,2026-04-27 20:05:00,21.0,37.1,N/A
DEV018,humidity,東京,2026-04-27 20:05:00,29.9,47.6,normal
DEV019,temperature,愛知,2026-04-27 20:05:00,25.8,51.1,warning
DEV020,humidity,大阪,2026-04-27 20:05:00,25.7,44.4,normal
DEV021,humidity,東京,2026-04-27 20:05:00,21.8,44.7,normal
DEV022,temperature,大阪,2026-04-27 20:05:00,20.6,65.3,normal
DEV023,temperature,東京,2026-04-27 20:05:00,28.8,,warning
DEV024,humidity,東京,2026-04-27 20:05:00,24.7,59.6,normal
DEV025,humidity,大阪,2026-04-27 20:05:00,,35.6,normal
DEV026,vibration,大阪,2026-04-27 20:05:00,28.8,49.1,normal
DEV027,temperature,愛知,2026-04-27 20:05:00,21.7,69.5,normal
DEV028,humidity,愛知,2026-04-27 20:05:00,25.6,N/A,normal
DEV029,temperature,大阪,2026-04-27 20:05:00,25.1,31.1,N/A
DEV030,temperature,愛知,2026-04-27 20:05:00,20.9,42.4,normal
DEV001,vibration,東京,2026-04-27 20:10:00,19.8,32.6,warning
DEV002,temperature,愛知,2026-04-27 20:10:00,26.4,,normal
DEV003,humidity,東京,2026-04-27 20:10:00,,60.9,warning
DEV004,temperature,東京,2026-04-27 20:10:00,25.0,66.0,normal
DEV005,vibration,東京,2026-04-27 20:10:00,,37.6,normal
DEV006,vibration,愛知,2026-04-27 20:10:00,999,60.5,normal
DEV007,vibration,東京,2026-04-27 20:10:00,23.8,62.5,critical
DEV008,vibration,大阪,2026-04-27 20:10:00,29.9,68.5,normal
DEV009,temperature,東京,2026-04-27 20:10:00,20.1,65.5,normal
DEV010,temperature,東京,2026-04-27 20:10:00,25.4,44.9,warning
DEV011,temperature,愛知,2026-04-27 20:10:00,27.2,62.6,warning
DEV012,vibration,東京,2026-04-27 20:10:00,21.1,,normal
DEV013,vibration,東京,2026-04-27 20:10:00,21.4,40.8,normal
DEV014,vibration,愛知,2026-04-27 20:10:00,25.7,49.5,normal
DEV015,vibration,愛知,2026-04-27 20:10:00,24.4,58.7,normal
DEV016,humidity,東京,2026-04-27 20:10:00,20.0,63.7,N/A
DEV017,humidity,愛知,2026-04-27 20:10:00,25.2,42.9,warning
DEV018,humidity,東京,2026-04-27 20:10:00,20.6,49.6,N/A
DEV019,temperature,愛知,2026-04-27 20:10:00,25.1,N/A,normal
DEV020,humidity,大阪,2026-04-27 20:10:00,24.9,54.0,critical
DEV021,humidity,東京,2026-04-27 20:10:00,20.5,30.6,normal
DEV022,temperature,大阪,2026-04-27 20:10:00,19.2,38.7,normal
DEV023,temperature,東京,2026-04-27 20:10:00,24.4,60.9,normal
DEV024,humidity,東京,2026-04-27 20:10:00,29.7,62.3,normal
DEV025,humidity,大阪,2026-04-27 20:10:00,24.4,55.3,N/A
DEV026,vibration,大阪,2026-04-27 20:10:00,22.6,64.2,normal
DEV027,temperature,愛知,2026-04-27 20:10:00,21.7,66.7,normal
DEV028,humidity,愛知,2026-04-27 20:10:00,21.9,36.9,normal
DEV029,temperature,大阪,2026-04-27 20:10:00,21.5,56.5,normal
DEV030,temperature,愛知,2026-04-27 20:10:00,25.9,51.1,normal
DEV001,vibration,東京,2026-04-27 20:15:00,22.1,50.1,N/A
DEV002,temperature,愛知,2026-04-27 20:15:00,21.9,43.5,normal
DEV003,humidity,東京,2026-04-27 20:15:00,23.6,59.2,N/A
DEV004,temperature,東京,2026-04-27 20:15:00,27.9,46.7,normal
DEV005,vibration,東京,2026-04-27 20:15:00,21.9,49.4,normal
DEV006,vibration,愛知,2026-04-27 20:15:00,27.0,59.1,normal
DEV007,vibration,東京,2026-04-27 20:15:00,20.0,67.5,critical
DEV008,vibration,大阪,2026-04-27 20:15:00,23.0,63.8,normal
DEV009,temperature,東京,2026-04-27 20:15:00,23.9,36.8,normal
DEV010,temperature,東京,2026-04-27 20:15:00,25.1,37.0,normal
DEV011,temperature,愛知,2026-04-27 20:15:00,27.1,43.1,normal
DEV012,vibration,東京,2026-04-27 20:15:00,25.5,57.1,N/A
DEV013,vibration,東京,2026-04-27 20:15:00,24.8,32.4,normal
DEV014,vibration,愛知,2026-04-27 20:15:00,22.1,,normal
DEV015,vibration,愛知,2026-04-27 20:15:00,21.1,52.8,normal
DEV016,humidity,東京,2026-04-27 20:15:00,21.4,59.6,warning
DEV017,humidity,愛知,2026-04-27 20:15:00,20.7,43.6,normal
DEV018,humidity,東京,2026-04-27 20:15:00,25.3,58.2,normal
DEV019,temperature,愛知,2026-04-27 20:15:00,21.4,35.2,normal
DEV020,humidity,大阪,2026-04-27 20:15:00,18.3,44.2,normal
DEV021,humidity,東京,2026-04-27 20:15:00,21.0,46.3,normal
DEV022,temperature,大阪,2026-04-27 20:15:00,24.0,48.0,critical
DEV023,temperature,東京,2026-04-27 20:15:00,22.6,54.1,normal
DEV024,humidity,東京,2026-04-27 20:15:00,26.3,,normal
DEV025,humidity,大阪,2026-04-27 20:15:00,25.4,62.2,normal
DEV026,vibration,大阪,2026-04-27 20:15:00,999,69.4,normal
DEV027,temperature,愛知,2026-04-27 20:15:00,27.8,33.5,normal
DEV028,humidity,愛知,2026-04-27 20:15:00,25.8,32.2,normal
DEV029,temperature,大阪,2026-04-27 20:15:00,25.6,33.5,warning
DEV030,temperature,愛知,2026-04-27 20:15:00,24.5,57.4,normal
DEV001,vibration,東京,2026-04-27 20:20:00,999,46.6,normal
DEV002,temperature,愛知,2026-04-27 20:20:00,23.5,39.6,normal
DEV003,humidity,東京,2026-04-27 20:20:00,29.4,44.3,normal
DEV004,temperature,東京,2026-04-27 20:20:00,28.6,66.0,critical
DEV005,vibration,東京,2026-04-27 20:20:00,22.0,40.0,normal
DEV006,vibration,愛知,2026-04-27 20:20:00,26.7,32.0,normal
DEV007,vibration,東京,2026-04-27 20:20:00,24.9,39.4,normal
DEV008,vibration,大阪,2026-04-27 20:20:00,26.8,57.6,normal
DEV009,temperature,東京,2026-04-27 20:20:00,28.5,57.1,normal
DEV010,temperature,東京,2026-04-27 20:20:00,25.9,59.9,normal
DEV011,temperature,愛知,2026-04-27 20:20:00,19.7,47.3,normal
DEV012,vibration,東京,2026-04-27 20:20:00,,58.7,normal
DEV013,vibration,東京,2026-04-27 20:20:00,19.5,42.2,critical
DEV014,vibration,愛知,2026-04-27 20:20:00,19.9,66.2,normal
DEV015,vibration,愛知,2026-04-27 20:20:00,24.7,69.5,normal
DEV016,humidity,東京,2026-04-27 20:20:00,28.5,48.1,normal
DEV017,humidity,愛知,2026-04-27 20:20:00,21.4,43.1,warning
DEV018,humidity,東京,2026-04-27 20:20:00,22.1,36.3,normal
DEV019,temperature,愛知,2026-04-27 20:20:00,20.5,34.5,normal
DEV020,humidity,大阪,2026-04-27 20:20:00,24.4,60.7,N/A
DEV021,humidity,東京,2026-04-27 20:20:00,25.1,58.7,normal
DEV022,temperature,大阪,2026-04-27 20:20:00,22.3,57.1,normal
DEV023,temperature,東京,2026-04-27 20:20:00,18.8,53.4,normal
DEV024,humidity,東京,2026-04-27 20:20:00,22.7,69.9,normal
DEV025,humidity,大阪,2026-04-27 20:20:00,21.9,53.4,normal
DEV026,vibration,大阪,2026-04-27 20:20:00,29.6,64.9,critical
DEV027,temperature,愛知,2026-04-27 20:20:00,24.5,49.7,normal
DEV028,humidity,愛知,2026-04-27 20:20:00,24.0,49.5,normal
DEV029,temperature,大阪,2026-04-27 20:20:00,19.5,45.0,normal
DEV030,temperature,愛知,2026-04-27 20:20:00,25.4,46.9,normal
DEV001,vibration,東京,2026-04-27 20:25:00,29.4,59.7,critical
DEV002,temperature,愛知,2026-04-27 20:25:00,18.7,56.6,warning
DEV003,humidity,東京,2026-04-27 20:25:00,26.5,49.8,normal
DEV004,temperature,東京,2026-04-27 20:25:00,23.1,34.2,normal
DEV005,vibration,東京,2026-04-27 20:25:00,21.6,53.5,normal
DEV006,vibration,愛知,2026-04-27 20:25:00,26.9,40.7,warning
DEV007,vibration,東京,2026-04-27 20:25:00,20.1,55.9,critical
DEV008,vibration,大阪,2026-04-27 20:25:00,26.0,35.0,critical
DEV009,temperature,東京,2026-04-27 20:25:00,23.9,43.5,normal
DEV010,temperature,東京,2026-04-27 20:25:00,26.2,65.4,critical
DEV011,temperature,愛知,2026-04-27 20:25:00,18.8,48.7,normal
DEV012,vibration,東京,2026-04-27 20:25:00,23.0,64.4,normal
DEV013,vibration,東京,2026-04-27 20:25:00,25.0,31.7,normal
DEV014,vibration,愛知,2026-04-27 20:25:00,27.0,46.3,normal
DEV015,vibration,愛知,2026-04-27 20:25:00,28.6,57.8,normal
DEV016,humidity,東京,2026-04-27 20:25:00,18.9,43.4,normal
DEV017,humidity,愛知,2026-04-27 20:25:00,21.1,33.0,normal
DEV018,humidity,東京,2026-04-27 20:25:00,25.3,35.1,normal
DEV019,temperature,愛知,2026-04-27 20:25:00,23.2,63.8,normal
DEV020,humidity,大阪,2026-04-27 20:25:00,27.1,53.2,critical
DEV021,humidity,東京,2026-04-27 20:25:00,23.8,50.3,N/A
DEV022,temperature,大阪,2026-04-27 20:25:00,26.9,47.0,normal
DEV023,temperature,東京,2026-04-27 20:25:00,19.9,40.4,normal
DEV024,humidity,東京,2026-04-27 20:25:00,28.5,37.2,normal
DEV025,humidity,大阪,2026-04-27 20:25:00,26.8,35.3,normal
DEV026,vibration,大阪,2026-04-27 20:25:00,19.6,53.5,normal
DEV027,temperature,愛知,2026-04-27 20:25:00,22.7,60.1,normal
DEV028,humidity,愛知,2026-04-27 20:25:00,24.0,48.7,normal
DEV029,temperature,大阪,2026-04-27 20:25:00,22.4,62.5,normal
DEV030,temperature,愛知,2026-04-27 20:25:00,19.8,46.5,normal
DEV001,vibration,東京,2026-04-27 20:30:00,20.5,49.6,normal
DEV002,temperature,愛知,2026-04-27 20:30:00,26.8,54.3,normal
DEV003,humidity,東京,2026-04-27 20:30:00,18.0,30.3,normal
DEV004,temperature,東京,2026-04-27 20:30:00,26.9,30.7,normal
DEV005,vibration,東京,2026-04-27 20:30:00,24.3,42.2,normal
DEV006,vibration,愛知,2026-04-27 20:30:00,27.5,59.0,normal
DEV007,vibration,東京,2026-04-27 20:30:00,19.0,57.6,normal
DEV008,vibration,大阪,2026-04-27 20:30:00,,69.0,normal
DEV009,temperature,東京,2026-04-27 20:30:00,23.2,58.1,N/A
DEV010,temperature,東京,2026-04-27 20:30:00,26.0,35.5,normal
DEV011,temperature,愛知,2026-04-27 20:30:00,20.4,56.6,normal
DEV012,vibration,東京,2026-04-27 20:30:00,19.1,50.1,normal
DEV013,vibration,東京,2026-04-27 20:30:00,27.5,,normal
DEV014,vibration,愛知,2026-04-27 20:30:00,23.1,45.7,N/A
DEV015,vibration,愛知,2026-04-27 20:30:00,20.1,39.9,normal
DEV016,humidity,東京,2026-04-27 20:30:00,21.9,43.5,normal
DEV017,humidity,愛知,2026-04-27 20:30:00,26.2,58.7,N/A
DEV018,humidity,東京,2026-04-27 20:30:00,29.9,49.6,normal
DEV019,temperature,愛知,2026-04-27 20:30:00,26.3,34.3,normal
DEV020,humidity,大阪,2026-04-27 20:30:00,21.0,63.8,warning
DEV021,humidity,東京,2026-04-27 20:30:00,22.0,33.9,normal
DEV022,temperature,大阪,2026-04-27 20:30:00,999,61.3,normal
DEV023,temperature,東京,2026-04-27 20:30:00,22.8,32.5,normal
DEV024,humidity,東京,2026-04-27 20:30:00,28.3,36.1,N/A
DEV025,humidity,大阪,2026-04-27 20:30:00,24.5,44.2,N/A
DEV026,vibration,大阪,2026-04-27 20:30:00,20.9,36.8,normal
DEV027,temperature,愛知,2026-04-27 20:30:00,18.9,53.5,warning
DEV028,humidity,愛知,2026-04-27 20:30:00,21.2,46.0,normal
DEV029,temperature,大阪,2026-04-27 20:30:00,22.2,43.9,critical
DEV030,temperature,愛知,2026-04-27 20:30:00,20.0,67.9,normal
DEV001,vibration,東京,2026-04-27 20:35:00,24.8,40.8,N/A
DEV002,temperature,愛知,2026-04-27 20:35:00,18.3,35.2,normal
DEV003,humidity,東京,2026-04-27 20:35:00,21.2,37.6,normal
DEV004,temperature,東京,2026-04-27 20:35:00,21.8,62.4,normal
DEV005,vibration,東京,2026-04-27 20:35:00,18.9,66.7,critical
DEV006,vibration,愛知,2026-04-27 20:35:00,22.1,61.1,normal
DEV007,vibration,東京,2026-04-27 20:35:00,25.0,44.7,normal
DEV008,vibration,大阪,2026-04-27 20:35:00,26.9,35.7,normal
DEV009,temperature,東京,2026-04-27 20:35:00,25.8,60.6,N/A
DEV010,temperature,東京,2026-04-27 20:35:00,22.6,N/A,normal
DEV011,temperature,愛知,2026-04-27 20:35:00,21.4,48.4,normal
DEV012,vibration,東京,2026-04-27 20:35:00,24.7,39.2,normal
DEV013,vibration,東京,2026-04-27 20:35:00,23.9,,warning
DEV014,vibration,愛知,2026-04-27 20:35:00,26.0,N/A,normal
DEV015,vibration,愛知,2026-04-27 20:35:00,26.5,52.0,normal
DEV016,humidity,東京,2026-04-27 20:35:00,27.1,47.1,warning
DEV017,humidity,愛知,2026-04-27 20:35:00,20.6,30.7,warning
DEV018,humidity,東京,2026-04-27 20:35:00,27.3,69.5,normal
DEV019,temperature,愛知,2026-04-27 20:35:00,23.8,34.0,normal
DEV020,humidity,大阪,2026-04-27 20:35:00,25.9,62.2,normal
DEV021,humidity,東京,2026-04-27 20:35:00,23.9,,normal
DEV022,temperature,大阪,2026-04-27 20:35:00,23.4,33.0,normal
DEV023,temperature,東京,2026-04-27 20:35:00,18.1,69.8,normal
DEV024,humidity,東京,2026-04-27 20:35:00,28.7,49.8,normal
DEV025,humidity,大阪,2026-04-27 20:35:00,18.6,68.7,normal
DEV026,vibration,大阪,2026-04-27 20:35:00,18.7,38.5,normal
DEV027,temperature,愛知,2026-04-27 20:35:00,25.1,63.6,normal
DEV028,humidity,愛知,2026-04-27 20:35:00,21.3,50.3,normal
DEV029,temperature,大阪,2026-04-27 20:35:00,24.8,42.2,normal
DEV030,temperature,愛知,2026-04-27 20:35:00,22.6,54.3,warning
DEV001,vibration,東京,2026-04-27 20:40:00,18.2,N/A,N/A
DEV002,temperature,愛知,2026-04-27 20:40:00,29.6,48.0,critical
DEV003,humidity,東京,2026-04-27 20:40:00,21.8,66.7,normal
DEV004,temperature,東京,2026-04-27 20:40:00,26.7,63.8,N/A
DEV005,vibration,東京,2026-04-27 20:40:00,24.9,52.2,normal
DEV006,vibration,愛知,2026-04-27 20:40:00,19.3,67.9,normal
DEV007,vibration,東京,2026-04-27 20:40:00,24.3,38.0,normal
DEV008,vibration,大阪,2026-04-27 20:40:00,19.5,55.5,normal
DEV009,temperature,東京,2026-04-27 20:40:00,18.8,66.1,normal
DEV010,temperature,東京,2026-04-27 20:40:00,22.2,59.9,N/A
DEV011,temperature,愛知,2026-04-27 20:40:00,25.9,63.0,normal
DEV012,vibration,東京,2026-04-27 20:40:00,25.5,53.6,normal
DEV013,vibration,東京,2026-04-27 20:40:00,19.7,58.4,normal
DEV014,vibration,愛知,2026-04-27 20:40:00,22.7,69.7,normal
DEV015,vibration,愛知,2026-04-27 20:40:00,28.1,67.5,normal
DEV016,humidity,東京,2026-04-27 20:40:00,27.4,30.7,normal
DEV017,humidity,愛知,2026-04-27 20:40:00,27.8,38.7,warning
DEV018,humidity,東京,2026-04-27 20:40:00,26.0,30.9,normal
DEV019,temperature,愛知,2026-04-27 20:40:00,22.9,60.2,normal
DEV020,humidity,大阪,2026-04-27 20:40:00,28.5,58.2,normal
DEV021,humidity,東京,2026-04-27 20:40:00,22.6,65.1,warning
DEV022,temperature,大阪,2026-04-27 20:40:00,29.2,52.0,normal
DEV023,temperature,東京,2026-04-27 20:40:00,27.9,62.5,critical
DEV024,humidity,東京,2026-04-27 20:40:00,22.1,46.2,warning
DEV025,humidity,大阪,2026-04-27 20:40:00,25.1,61.3,critical
DEV026,vibration,大阪,2026-04-27 20:40:00,19.6,,normal
DEV027,temperature,愛知,2026-04-27 20:40:00,19.9,69.6,normal
DEV028,humidity,愛知,2026-04-27 20:40:00,21.2,55.0,normal
DEV029,temperature,大阪,2026-04-27 20:40:00,28.0,30.5,warning
DEV030,temperature,愛知,2026-04-27 20:40:00,23.8,55.7,normal
DEV001,vibration,東京,2026-04-27 20:45:00,23.7,45.1,normal
DEV002,temperature,愛知,2026-04-27 20:45:00,23.6,46.2,N/A
DEV003,humidity,東京,2026-04-27 20:45:00,23.7,44.5,normal
DEV004,temperature,東京,2026-04-27 20:45:00,23.4,44.2,normal
DEV005,vibration,東京,2026-04-27 20:45:00,21.6,62.9,critical
DEV006,vibration,愛知,2026-04-27 20:45:00,28.3,46.8,N/A
DEV007,vibration,東京,2026-04-27 20:45:00,18.6,50.8,normal
DEV008,vibration,大阪,2026-04-27 20:45:00,19.2,59.4,warning
DEV009,temperature,東京,2026-04-27 20:45:00,27.4,43.8,normal
DEV010,temperature,東京,2026-04-27 20:45:00,21.4,69.7,normal
DEV011,temperature,愛知,2026-04-27 20:45:00,23.0,69.6,normal
DEV012,vibration,東京,2026-04-27 20:45:00,24.5,38.4,normal
DEV013,vibration,東京,2026-04-27 20:45:00,20.7,58.1,normal
DEV014,vibration,愛知,2026-04-27 20:45:00,21.8,32.1,normal
DEV015,vibration,愛知,2026-04-27 20:45:00,28.8,57.5,normal
DEV016,humidity,東京,2026-04-27 20:45:00,24.9,54.9,normal
DEV017,humidity,愛知,2026-04-27 20:45:00,27.2,43.6,normal
DEV018,humidity,東京,2026-04-27 20:45:00,28.5,64.1,normal
DEV019,temperature,愛知,2026-04-27 20:45:00,24.4,N/A,normal
DEV020,humidity,大阪,2026-04-27 20:45:00,29.5,59.6,normal
DEV021,humidity,東京,2026-04-27 20:45:00,22.5,59.9,normal
DEV022,temperature,大阪,2026-04-27 20:45:00,26.6,66.4,normal
DEV023,temperature,東京,2026-04-27 20:45:00,23.6,49.3,normal
DEV024,humidity,東京,2026-04-27 20:45:00,30.0,31.0,critical
DEV025,humidity,大阪,2026-04-27 20:45:00,29.9,60.3,normal
DEV026,vibration,大阪,2026-04-27 20:45:00,19.2,37.6,normal
DEV027,temperature,愛知,2026-04-27 20:45:00,19.9,68.1,normal
DEV028,humidity,愛知,2026-04-27 20:45:00,26.6,68.5,normal
DEV029,temperature,大阪,2026-04-27 20:45:00,27.0,N/A,normal
DEV030,temperature,愛知,2026-04-27 20:45:00,20.9,64.7,normal
DEV001,vibration,東京,2026-04-27 20:50:00,22.3,41.1,critical
DEV002,temperature,愛知,2026-04-27 20:50:00,21.8,65.5,normal
DEV003,humidity,東京,2026-04-27 20:50:00,27.2,39.3,normal
DEV004,temperature,東京,2026-04-27 20:50:00,20.4,50.2,normal
DEV005,vibration,東京,2026-04-27 20:50:00,21.9,54.5,normal
DEV006,vibration,愛知,2026-04-27 20:50:00,25.0,68.0,normal
DEV007,vibration,東京,2026-04-27 20:50:00,23.1,53.4,normal
DEV008,vibration,大阪,2026-04-27 20:50:00,19.1,59.6,normal
DEV009,temperature,東京,2026-04-27 20:50:00,23.0,46.3,critical
DEV010,temperature,東京,2026-04-27 20:50:00,21.5,41.9,normal
DEV011,temperature,愛知,2026-04-27 20:50:00,26.2,67.7,normal
DEV012,vibration,東京,2026-04-27 20:50:00,24.9,51.8,normal
DEV013,vibration,東京,2026-04-27 20:50:00,27.5,45.8,normal
DEV014,vibration,愛知,2026-04-27 20:50:00,18.9,30.7,critical
DEV015,vibration,愛知,2026-04-27 20:50:00,18.5,59.8,normal
DEV016,humidity,東京,2026-04-27 20:50:00,18.2,58.0,normal
DEV017,humidity,愛知,2026-04-27 20:50:00,18.6,41.4,warning
DEV018,humidity,東京,2026-04-27 20:50:00,19.0,62.3,normal
DEV019,temperature,愛知,2026-04-27 20:50:00,25.8,69.9,normal
DEV020,humidity,大阪,2026-04-27 20:50:00,19.1,57.6,normal
DEV021,humidity,東京,2026-04-27 20:50:00,27.2,69.4,normal
DEV022,temperature,大阪,2026-04-27 20:50:00,22.4,32.9,normal
DEV023,temperature,東京,2026-04-27 20:50:00,22.0,67.1,normal
DEV024,humidity,東京,2026-04-27 20:50:00,28.7,60.6,normal
DEV025,humidity,大阪,2026-04-27 20:50:00,24.1,33.2,normal
DEV026,vibration,大阪,2026-04-27 20:50:00,27.3,59.6,normal
DEV027,temperature,愛知,2026-04-27 20:50:00,22.7,N/A,normal
DEV028,humidity,愛知,2026-04-27 20:50:00,25.6,54.5,normal
DEV029,temperature,大阪,2026-04-27 20:50:00,28.0,66.4,normal
DEV030,temperature,愛知,2026-04-27 20:50:00,19.6,32.9,normal
DEV001,vibration,東京,2026-04-27 20:55:00,25.5,41.5,warning
DEV002,temperature,愛知,2026-04-27 20:55:00,20.7,66.4,normal
DEV003,humidity,東京,2026-04-27 20:55:00,28.5,41.0,normal
DEV004,temperature,東京,2026-04-27 20:55:00,24.9,59.7,normal
DEV005,vibration,東京,2026-04-27 20:55:00,27.6,30.6,warning
DEV006,vibration,愛知,2026-04-27 20:55:00,25.4,36.8,normal
DEV007,vibration,東京,2026-04-27 20:55:00,25.7,63.6,normal
DEV008,vibration,大阪,2026-04-27 20:55:00,21.0,67.2,normal
DEV009,temperature,東京,2026-04-27 20:55:00,24.0,48.2,normal
DEV010,temperature,東京,2026-04-27 20:55:00,26.8,52.5,critical
DEV011,temperature,愛知,2026-04-27 20:55:00,21.5,37.1,normal
DEV012,vibration,東京,2026-04-27 20:55:00,20.2,66.0,normal
DEV013,vibration,東京,2026-04-27 20:55:00,25.8,,N/A
DEV014,vibration,愛知,2026-04-27 20:55:00,26.2,63.8,normal
DEV015,vibration,愛知,2026-04-27 20:55:00,19.4,46.7,normal
DEV016,humidity,東京,2026-04-27 20:55:00,29.6,60.4,warning
DEV017,humidity,愛知,2026-04-27 20:55:00,29.8,60.0,N/A
DEV018,humidity,東京,2026-04-27 20:55:00,28.6,32.2,normal
DEV019,temperature,愛知,2026-04-27 20:55:00,26.9,40.0,normal
DEV020,humidity,大阪,2026-04-27 20:55:00,27.5,39.2,normal
DEV021,humidity,東京,2026-04-27 20:55:00,27.1,68.9,normal
DEV022,temperature,大阪,2026-04-27 20:55:00,22.7,53.8,N/A
DEV023,temperature,東京,2026-04-27 20:55:00,28.1,44.3,critical
DEV024,humidity,東京,2026-04-27 20:55:00,,31.1,normal
DEV025,humidity,大阪,2026-04-27 20:55:00,27.9,46.5,normal
DEV026,vibration,大阪,2026-04-27 20:55:00,25.1,,normal
DEV027,temperature,愛知,2026-04-27 20:55:00,22.0,63.2,critical
DEV028,humidity,愛知,2026-04-27 20:55:00,25.9,31.1,normal
DEV029,temperature,大阪,2026-04-27 20:55:00,19.5,49.5,normal
DEV030,temperature,愛知,2026-04-27 20:55:00,18.6,40.3,N/A
DEV001,vibration,東京,2026-04-27 21:00:00,24.8,48.9,warning
DEV002,temperature,愛知,2026-04-27 21:00:00,28.2,N/A,normal
DEV003,humidity,東京,2026-04-27 21:00:00,22.3,65.6,normal
DEV004,temperature,東京,2026-04-27 21:00:00,24.4,67.3,normal
DEV005,vibration,東京,2026-04-27 21:00:00,27.4,46.2,normal
DEV006,vibration,愛知,2026-04-27 21:00:00,20.6,32.3,normal
DEV007,vibration,東京,2026-04-27 21:00:00,27.5,35.9,critical
DEV008,vibration,大阪,2026-04-27 21:00:00,18.0,53.8,critical
DEV009,temperature,東京,2026-04-27 21:00:00,22.3,61.6,N/A
DEV010,temperature,東京,2026-04-27 21:00:00,18.1,39.9,normal
DEV011,temperature,愛知,2026-04-27 21:00:00,18.2,61.0,normal
DEV012,vibration,東京,2026-04-27 21:00:00,23.3,66.7,normal
DEV013,vibration,東京,2026-04-27 21:00:00,29.4,38.7,normal
DEV014,vibration,愛知,2026-04-27 21:00:00,22.8,48.4,normal
DEV015,vibration,愛知,2026-04-27 21:00:00,25.8,43.5,warning
DEV016,humidity,東京,2026-04-27 21:00:00,21.2,65.2,critical
DEV017,humidity,愛知,2026-04-27 21:00:00,25.4,N/A,N/A
DEV018,humidity,東京,2026-04-27 21:00:00,22.3,35.4,normal
DEV019,temperature,愛知,2026-04-27 21:00:00,999,69.3,normal
DEV020,humidity,大阪,2026-04-27 21:00:00,27.7,65.2,normal
DEV021,humidity,東京,2026-04-27 21:00:00,18.4,54.8,N/A
DEV022,temperature,大阪,2026-04-27 21:00:00,26.6,43.2,warning
DEV023,temperature,東京,2026-04-27 21:00:00,28.4,48.5,normal
DEV024,humidity,東京,2026-04-27 21:00:00,29.4,,normal
DEV025,humidity,大阪,2026-04-27 21:00:00,18.8,62.9,normal
DEV026,vibration,大阪,2026-04-27 21:00:00,22.0,48.0,N/A
DEV027,temperature,愛知,2026-04-27 21:00:00,27.4,,normal
DEV028,humidity,愛知,2026-04-27 21:00:00,21.0,38.2,normal
DEV029,temperature,大阪,2026-04-27 21:00:00,28.2,66.9,critical
DEV030,temperature,愛知,2026-04-27 21:00:00,18.2,58.2,warning
DEV001,vibration,東京,2026-04-27 21:05:00,21.8,41.1,normal
DEV002,temperature,愛知,2026-04-27 21:05:00,999,66.5,normal
DEV003,humidity,東京,2026-04-27 21:05:00,24.0,48.3,warning
DEV004,temperature,東京,2026-04-27 21:05:00,26.1,66.9,N/A
DEV005,vibration,東京,2026-04-27 21:05:00,21.8,39.3,normal
DEV006,vibration,愛知,2026-04-27 21:05:00,18.8,,critical
DEV007,vibration,東京,2026-04-27 21:05:00,23.3,58.6,warning
DEV008,vibration,大阪,2026-04-27 21:05:00,19.3,43.1,warning
DEV009,temperature,東京,2026-04-27 21:05:00,24.6,68.8,N/A
DEV010,temperature,東京,2026-04-27 21:05:00,20.0,52.5,critical
DEV011,temperature,愛知,2026-04-27 21:05:00,28.9,53.1,N/A
DEV012,vibration,東京,2026-04-27 21:05:00,28.6,N/A,critical
DEV013,vibration,東京,2026-04-27 21:05:00,26.6,70.0,normal
DEV014,vibration,愛知,2026-04-27 21:05:00,20.3,32.5,normal
DEV015,vibration,愛知,2026-04-27 21:05:00,28.8,51.2,normal
DEV016,humidity,東京,2026-04-27 21:05:00,29.7,N/A,normal
DEV017,humidity,愛知,2026-04-27 21:05:00,25.5,51.9,normal
DEV018,humidity,東京,2026-04-27 21:05:00,21.7,N/A,normal
DEV019,temperature,愛知,2026-04-27 21:05:00,999,46.4,normal
DEV020,humidity,大阪,2026-04-27 21:05:00,28.3,59.1,normal
DEV021,humidity,東京,2026-04-27 21:05:00,18.5,54.3,normal
DEV022,temperature,大阪,2026-04-27 21:05:00,24.3,59.3,critical
DEV023,temperature,東京,2026-04-27 21:05:00,22.0,36.2,normal
DEV024,humidity,東京,2026-04-27 21:05:00,21.1,49.4,N/A
DEV025,humidity,大阪,2026-04-27 21:05:00,28.4,64.1,N/A
DEV026,vibration,大阪,2026-04-27 21:05:00,20.3,55.2,normal
DEV027,temperature,愛知,2026-04-27 21:05:00,23.3,50.3,warning
DEV028,humidity,愛知,2026-04-27 21:05:00,26.4,68.7,normal
DEV029,temperature,大阪,2026-04-27 21:05:00,23.8,32.4,normal
DEV030,temperature,愛知,2026-04-27 21:05:00,25.0,44.2,N/A
DEV001,vibration,東京,2026-04-27 21:10:00,23.2,48.4,critical
DEV002,temperature,愛知,2026-04-27 21:10:00,26.6,N/A,normal
DEV003,humidity,東京,2026-04-27 21:10:00,29.1,40.3,normal
DEV004,temperature,東京,2026-04-27 21:10:00,29.4,41.7,normal
DEV005,vibration,東京,2026-04-27 21:10:00,22.9,49.8,normal
DEV006,vibration,愛知,2026-04-27 21:10:00,27.3,N/A,normal
DEV007,vibration,東京,2026-04-27 21:10:00,28.6,58.3,warning
DEV008,vibration,大阪,2026-04-27 21:10:00,23.2,43.0,normal
DEV009,temperature,東京,2026-04-27 21:10:00,27.1,57.9,normal
DEV010,temperature,東京,2026-04-27 21:10:00,25.3,N/A,normal
DEV011,temperature,愛知,2026-04-27 21:10:00,24.6,66.3,normal
DEV012,vibration,東京,2026-04-27 21:10:00,19.6,63.9,warning
DEV013,vibration,東京,2026-04-27 21:10:00,999,42.5,normal
DEV014,vibration,愛知,2026-04-27 21:10:00,29.8,32.7,critical
DEV015,vibration,愛知,2026-04-27 21:10:00,23.1,35.0,normal
DEV016,humidity,東京,2026-04-27 21:10:00,21.4,69.6,critical
DEV017,humidity,愛知,2026-04-27 21:10:00,25.8,47.4,normal
DEV018,humidity,東京,2026-04-27 21:10:00,28.9,61.8,normal
DEV019,temperature,愛知,2026-04-27 21:10:00,999,45.7,normal
DEV020,humidity,大阪,2026-04-27 21:10:00,18.4,69.6,normal
DEV021,humidity,東京,2026-04-27 21:10:00,19.6,56.9,normal
DEV022,temperature,大阪,2026-04-27 21:10:00,23.2,41.5,normal
DEV023,temperature,東京,2026-04-27 21:10:00,26.8,36.3,normal
DEV024,humidity,東京,2026-04-27 21:10:00,22.9,38.9,normal
DEV025,humidity,大阪,2026-04-27 21:10:00,29.3,47.4,normal
DEV026,vibration,大阪,2026-04-27 21:10:00,26.0,65.6,normal
DEV027,temperature,愛知,2026-04-27 21:10:00,24.2,48.1,normal
DEV028,humidity,愛知,2026-04-27 21:10:00,22.5,64.3,critical
DEV029,temperature,大阪,2026-04-27 21:10:00,22.3,35.3,normal
DEV030,temperature,愛知,2026-04-27 21:10:00,18.4,N/A,normal
DEV001,vibration,東京,2026-04-27 21:15:00,29.8,N/A,normal
DEV002,temperature,愛知,2026-04-27 21:15:00,22.5,51.3,normal
DEV003,humidity,東京,2026-04-27 21:15:00,19.5,67.1,N/A
DEV004,temperature,東京,2026-04-27 21:15:00,28.2,53.6,normal
DEV005,vibration,東京,2026-04-27 21:15:00,21.8,36.0,normal
DEV006,vibration,愛知,2026-04-27 21:15:00,23.2,,normal
DEV007,vibration,東京,2026-04-27 21:15:00,22.2,49.3,N/A
DEV008,vibration,大阪,2026-04-27 21:15:00,23.4,33.0,N/A
DEV009,temperature,東京,2026-04-27 21:15:00,28.5,43.4,normal
DEV010,temperature,東京,2026-04-27 21:15:00,20.1,40.7,normal
DEV011,temperature,愛知,2026-04-27 21:15:00,22.0,56.8,N/A
DEV012,vibration,東京,2026-04-27 21:15:00,23.1,37.9,normal
DEV013,vibration,東京,2026-04-27 21:15:00,19.1,45.1,normal
DEV014,vibration,愛知,2026-04-27 21:15:00,26.4,60.8,normal
DEV015,vibration,愛知,2026-04-27 21:15:00,19.7,61.6,warning
DEV016,humidity,東京,2026-04-27 21:15:00,999,33.8,normal
DEV017,humidity,愛知,2026-04-27 21:15:00,24.3,53.3,warning
DEV018,humidity,東京,2026-04-27 21:15:00,24.7,61.0,critical
DEV019,temperature,愛知,2026-04-27 21:15:00,29.6,47.9,normal
DEV020,humidity,大阪,2026-04-27 21:15:00,27.2,59.1,normal
DEV021,humidity,東京,2026-04-27 21:15:00,28.7,49.5,N/A
DEV022,temperature,大阪,2026-04-27 21:15:00,26.7,30.7,critical
DEV023,temperature,東京,2026-04-27 21:15:00,25.1,43.2,critical
DEV024,humidity,東京,2026-04-27 21:15:00,999,30.6,normal
DEV025,humidity,大阪,2026-04-27 21:15:00,28.1,31.3,normal
DEV026,vibration,大阪,2026-04-27 21:15:00,28.7,69.2,normal
DEV027,temperature,愛知,2026-04-27 21:15:00,25.7,56.3,N/A
DEV028,humidity,愛知,2026-04-27 21:15:00,25.6,61.1,normal
DEV029,temperature,大阪,2026-04-27 21:15:00,26.4,46.7,normal
DEV030,temperature,愛知,2026-04-27 21:15:00,18.9,65.2,normal
DEV001,vibration,東京,2026-04-27 21:20:00,28.0,35.8,normal
DEV002,temperature,愛知,2026-04-27 21:20:00,26.2,52.6,normal
DEV003,humidity,東京,2026-04-27 21:20:00,19.9,62.3,N/A
DEV004,temperature,東京,2026-04-27 21:20:00,24.7,53.4,normal
DEV005,vibration,東京,2026-04-27 21:20:00,28.2,64.5,normal
DEV006,vibration,愛知,2026-04-27 21:20:00,,59.0,normal
DEV007,vibration,東京,2026-04-27 21:20:00,22.4,44.2,normal
DEV008,vibration,大阪,2026-04-27 21:20:00,22.7,64.4,critical
DEV009,temperature,東京,2026-04-27 21:20:00,20.5,53.0,normal
DEV010,temperature,東京,2026-04-27 21:20:00,21.6,52.8,normal
DEV011,temperature,愛知,2026-04-27 21:20:00,19.2,31.6,normal
DEV012,vibration,東京,2026-04-27 21:20:00,26.7,65.1,normal
DEV013,vibration,東京,2026-04-27 21:20:00,19.6,39.0,warning
DEV014,vibration,愛知,2026-04-27 21:20:00,29.9,69.2,critical
DEV015,vibration,愛知,2026-04-27 21:20:00,22.6,37.5,normal
DEV016,humidity,東京,2026-04-27 21:20:00,26.0,62.6,normal
DEV017,humidity,愛知,2026-04-27 21:20:00,21.8,50.2,normal
DEV018,humidity,東京,2026-04-27 21:20:00,28.3,39.8,normal
DEV019,temperature,愛知,2026-04-27 21:20:00,22.4,67.0,normal
DEV020,humidity,大阪,2026-04-27 21:20:00,23.7,52.6,critical
DEV021,humidity,東京,2026-04-27 21:20:00,20.1,45.3,normal
DEV022,temperature,大阪,2026-04-27 21:20:00,20.1,53.9,normal
DEV023,temperature,東京,2026-04-27 21:20:00,23.2,39.6,critical
DEV024,humidity,東京,2026-04-27 21:20:00,27.7,39.2,normal
DEV025,humidity,大阪,2026-04-27 21:20:00,20.5,58.1,normal
DEV026,vibration,大阪,2026-04-27 21:20:00,25.6,52.4,normal
DEV027,temperature,愛知,2026-04-27 21:20:00,29.5,64.0,normal
DEV028,humidity,愛知,2026-04-27 21:20:00,18.2,49.9,normal
DEV029,temperature,大阪,2026-04-27 21:20:00,24.8,66.6,normal
DEV030,temperature,愛知,2026-04-27 21:20:00,25.9,40.7,normal
DEV001,vibration,東京,2026-04-27 21:25:00,26.0,69.8,normal
DEV002,temperature,愛知,2026-04-27 21:25:00,25.5,,normal
DEV003,humidity,東京,2026-04-27 21:25:00,20.9,63.1,normal
DEV004,temperature,東京,2026-04-27 21:25:00,27.0,64.3,normal
DEV005,vibration,東京,2026-04-27 21:25:00,23.1,59.8,warning
DEV006,vibration,愛知,2026-04-27 21:25:00,25.6,58.5,normal
DEV007,vibration,東京,2026-04-27 21:25:00,28.5,52.1,critical
DEV008,vibration,大阪,2026-04-27 21:25:00,26.9,36.9,normal
DEV009,temperature,東京,2026-04-27 21:25:00,25.7,58.5,N/A
DEV010,temperature,東京,2026-04-27 21:25:00,25.7,67.3,normal
DEV011,temperature,愛知,2026-04-27 21:25:00,21.9,67.6,normal
DEV012,vibration,東京,2026-04-27 21:25:00,19.5,49.7,warning
DEV013,vibration,東京,2026-04-27 21:25:00,23.5,47.8,normal
DEV014,vibration,愛知,2026-04-27 21:25:00,999,56.3,critical
DEV015,vibration,愛知,2026-04-27 21:25:00,22.1,67.4,normal
DEV016,humidity,東京,2026-04-27 21:25:00,23.2,,normal
DEV017,humidity,愛知,2026-04-27 21:25:00,20.8,58.5,critical
DEV018,humidity,東京,2026-04-27 21:25:00,28.0,37.1,normal
DEV019,temperature,愛知,2026-04-27 21:25:00,27.5,43.2,N/A
DEV020,humidity,大阪,2026-04-27 21:25:00,21.0,61.7,normal
DEV021,humidity,東京,2026-04-27 21:25:00,23.7,53.0,normal
DEV022,temperature,大阪,2026-04-27 21:25:00,20.1,35.2,normal
DEV023,temperature,東京,2026-04-27 21:25:00,29.7,46.3,normal
DEV024,humidity,東京,2026-04-27 21:25:00,26.4,68.0,normal
DEV025,humidity,大阪,2026-04-27 21:25:00,23.3,56.6,normal
DEV026,vibration,大阪,2026-04-27 21:25:00,27.1,47.4,normal
DEV027,temperature,愛知,2026-04-27 21:25:00,18.9,53.0,N/A
DEV028,humidity,愛知,2026-04-27 21:25:00,27.4,61.4,normal
DEV029,temperature,大阪,2026-04-27 21:25:00,18.8,43.4,warning
DEV030,temperature,愛知,2026-04-27 21:25:00,29.4,55.2,normal
DEV001,vibration,東京,2026-04-27 21:30:00,23.5,52.8,normal
DEV002,temperature,愛知,2026-04-27 21:30:00,20.4,53.3,normal
DEV003,humidity,東京,2026-04-27 21:30:00,29.5,65.1,warning
DEV004,temperature,東京,2026-04-27 21:30:00,26.5,55.3,normal
DEV005,vibration,東京,2026-04-27 21:30:00,,55.8,normal
DEV006,vibration,愛知,2026-04-27 21:30:00,19.2,50.2,normal
DEV007,vibration,東京,2026-04-27 21:30:00,25.2,42.8,normal
DEV008,vibration,大阪,2026-04-27 21:30:00,25.0,64.7,normal
DEV009,temperature,東京,2026-04-27 21:30:00,22.8,57.9,normal
DEV010,temperature,東京,2026-04-27 21:30:00,18.1,55.2,normal
DEV011,temperature,愛知,2026-04-27 21:30:00,23.8,36.3,normal
DEV012,vibration,東京,2026-04-27 21:30:00,26.1,65.1,N/A
DEV013,vibration,東京,2026-04-27 21:30:00,23.1,35.1,normal
DEV014,vibration,愛知,2026-04-27 21:30:00,20.4,,normal
DEV015,vibration,愛知,2026-04-27 21:30:00,19.5,59.7,normal
DEV016,humidity,東京,2026-04-27 21:30:00,20.6,38.2,normal
DEV017,humidity,愛知,2026-04-27 21:30:00,29.3,57.0,warning
DEV018,humidity,東京,2026-04-27 21:30:00,20.6,61.5,normal
DEV019,temperature,愛知,2026-04-27 21:30:00,28.0,64.2,normal
DEV020,humidity,大阪,2026-04-27 21:30:00,999,30.4,N/A
DEV021,humidity,東京,2026-04-27 21:30:00,19.1,N/A,warning
DEV022,temperature,大阪,2026-04-27 21:30:00,28.7,64.7,normal
DEV023,temperature,東京,2026-04-27 21:30:00,23.0,69.7,N/A
DEV024,humidity,東京,2026-04-27 21:30:00,999,69.9,normal
DEV025,humidity,大阪,2026-04-27 21:30:00,29.8,49.9,normal
DEV026,vibration,大阪,2026-04-27 21:30:00,27.5,60.0,warning
DEV027,temperature,愛知,2026-04-27 21:30:00,29.2,39.2,normal
DEV028,humidity,愛知,2026-04-27 21:30:00,25.9,69.6,normal
DEV029,temperature,大阪,2026-04-27 21:30:00,22.2,67.2,N/A
DEV030,temperature,愛知,2026-04-27 21:30:00,19.7,51.3,normal
DEV001,vibration,東京,2026-04-27 21:35:00,21.8,N/A,critical
DEV002,temperature,愛知,2026-04-27 21:35:00,27.0,37.0,normal
DEV003,humidity,東京,2026-04-27 21:35:00,21.6,45.4,normal
DEV004,temperature,東京,2026-04-27 21:35:00,29.6,57.2,normal
DEV005,vibration,東京,2026-04-27 21:35:00,26.4,38.2,normal
DEV006,vibration,愛知,2026-04-27 21:35:00,20.8,45.8,warning
DEV007,vibration,東京,2026-04-27 21:35:00,26.4,53.2,normal
DEV008,vibration,大阪,2026-04-27 21:35:00,18.8,43.5,normal
DEV009,temperature,東京,2026-04-27 21:35:00,18.2,38.0,normal
DEV010,temperature,東京,2026-04-27 21:35:00,19.4,44.3,normal
DEV011,temperature,愛知,2026-04-27 21:35:00,18.7,64.8,normal
DEV012,vibration,東京,2026-04-27 21:35:00,28.1,33.6,normal
DEV013,vibration,東京,2026-04-27 21:35:00,28.7,67.3,warning
DEV014,vibration,愛知,2026-04-27 21:35:00,29.9,54.2,normal
DEV015,vibration,愛知,2026-04-27 21:35:00,23.8,36.5,N/A
DEV016,humidity,東京,2026-04-27 21:35:00,27.0,48.4,normal
DEV017,humidity,愛知,2026-04-27 21:35:00,21.6,58.6,normal
DEV018,humidity,東京,2026-04-27 21:35:00,29.8,66.8,normal
DEV019,temperature,愛知,2026-04-27 21:35:00,25.2,41.7,critical
DEV020,humidity,大阪,2026-04-27 21:35:00,27.9,32.0,normal
DEV021,humidity,東京,2026-04-27 21:35:00,20.6,34.2,normal
DEV022,temperature,大阪,2026-04-27 21:35:00,24.9,40.5,normal
DEV023,temperature,東京,2026-04-27 21:35:00,21.0,63.8,normal
DEV024,humidity,東京,2026-04-27 21:35:00,24.0,35.4,N/A
DEV025,humidity,大阪,2026-04-27 21:35:00,24.3,55.0,normal
DEV026,vibration,大阪,2026-04-27 21:35:00,25.1,60.1,warning
DEV027,temperature,愛知,2026-04-27 21:35:00,29.9,52.3,normal
DEV028,humidity,愛知,2026-04-27 21:35:00,26.3,35.2,critical
DEV029,temperature,大阪,2026-04-27 21:35:00,23.9,N/A,normal
DEV030,temperature,愛知,2026-04-27 21:35:00,27.4,35.9,normal
DEV001,vibration,東京,2026-04-27 21:40:00,20.7,68.0,critical
DEV002,temperature,愛知,2026-04-27 21:40:00,24.3,45.0,normal
DEV003,humidity,東京,2026-04-27 21:40:00,28.9,42.0,normal
DEV004,temperature,東京,2026-04-27 21:40:00,26.0,50.0,normal
DEV005,vibration,東京,2026-04-27 21:40:00,22.3,,normal
DEV006,vibration,愛知,2026-04-27 21:40:00,20.9,66.9,normal
DEV007,vibration,東京,2026-04-27 21:40:00,29.4,32.0,critical
DEV008,vibration,大阪,2026-04-27 21:40:00,999,42.6,normal
DEV009,temperature,東京,2026-04-27 21:40:00,29.3,59.9,normal
DEV010,temperature,東京,2026-04-27 21:40:00,25.8,30.4,normal
DEV011,temperature,愛知,2026-04-27 21:40:00,25.7,62.9,warning
DEV012,vibration,東京,2026-04-27 21:40:00,27.6,50.0,normal
DEV013,vibration,東京,2026-04-27 21:40:00,23.4,59.2,normal
DEV014,vibration,愛知,2026-04-27 21:40:00,28.0,41.8,normal
DEV015,vibration,愛知,2026-04-27 21:40:00,20.6,47.8,normal
DEV016,humidity,東京,2026-04-27 21:40:00,22.9,68.1,N/A
DEV017,humidity,愛知,2026-04-27 21:40:00,19.8,67.3,normal
DEV018,humidity,東京,2026-04-27 21:40:00,20.0,67.0,normal
DEV019,temperature,愛知,2026-04-27 21:40:00,,41.6,critical
DEV020,humidity,大阪,2026-04-27 21:40:00,24.0,42.5,normal
DEV021,humidity,東京,2026-04-27 21:40:00,19.4,42.8,normal
DEV022,temperature,大阪,2026-04-27 21:40:00,19.6,55.0,N/A
DEV023,temperature,東京,2026-04-27 21:40:00,25.1,68.0,warning
DEV024,humidity,東京,2026-04-27 21:40:00,29.7,30.6,critical
DEV025,humidity,大阪,2026-04-27 21:40:00,29.2,54.3,normal
DEV026,vibration,大阪,2026-04-27 21:40:00,21.6,39.3,normal
DEV027,temperature,愛知,2026-04-27 21:40:00,25.4,51.1,critical
DEV028,humidity,愛知,2026-04-27 21:40:00,21.6,57.3,normal
DEV029,temperature,大阪,2026-04-27 21:40:00,28.5,39.8,N/A
DEV030,temperature,愛知,2026-04-27 21:40:00,29.5,61.7,N/A
DEV001,vibration,東京,2026-04-27 21:45:00,18.8,63.8,normal
DEV002,temperature,愛知,2026-04-27 21:45:00,23.7,49.3,normal
DEV003,humidity,東京,2026-04-27 21:45:00,19.9,50.3,critical
DEV004,temperature,東京,2026-04-27 21:45:00,22.4,32.9,N/A
DEV005,vibration,東京,2026-04-27 21:45:00,24.6,50.8,normal
DEV006,vibration,愛知,2026-04-27 21:45:00,25.1,63.9,normal
DEV007,vibration,東京,2026-04-27 21:45:00,20.2,55.6,normal
DEV008,vibration,大阪,2026-04-27 21:45:00,21.9,N/A,normal
DEV009,temperature,東京,2026-04-27 21:45:00,19.4,42.9,normal
DEV010,temperature,東京,2026-04-27 21:45:00,21.9,52.9,normal
DEV011,temperature,愛知,2026-04-27 21:45:00,20.2,64.4,warning
DEV012,vibration,東京,2026-04-27 21:45:00,19.6,39.9,normal
DEV013,vibration,東京,2026-04-27 21:45:00,27.2,38.1,normal
DEV014,vibration,愛知,2026-04-27 21:45:00,22.4,42.6,N/A
DEV015,vibration,愛知,2026-04-27 21:45:00,18.2,62.4,critical
DEV016,humidity,東京,2026-04-27 21:45:00,26.4,66.6,critical
DEV017,humidity,愛知,2026-04-27 21:45:00,23.9,55.3,critical
DEV018,humidity,東京,2026-04-27 21:45:00,24.6,61.5,normal
DEV019,temperature,愛知,2026-04-27 21:45:00,29.3,53.5,warning
DEV020,humidity,大阪,2026-04-27 21:45:00,25.0,59.0,normal
DEV021,humidity,東京,2026-04-27 21:45:00,22.9,56.3,warning
DEV022,temperature,大阪,2026-04-27 21:45:00,21.9,30.4,normal
DEV023,temperature,東京,2026-04-27 21:45:00,21.5,56.5,warning
DEV024,humidity,東京,2026-04-27 21:45:00,25.2,54.4,normal
DEV025,humidity,大阪,2026-04-27 21:45:00,18.2,39.3,normal
DEV026,vibration,大阪,2026-04-27 21:45:00,19.8,47.9,normal
DEV027,temperature,愛知,2026-04-27 21:45:00,22.6,N/A,N/A
DEV028,humidity,愛知,2026-04-27 21:45:00,18.9,50.0,normal
DEV029,temperature,大阪,2026-04-27 21:45:00,21.8,63.6,warning
DEV030,temperature,愛知,2026-04-27 21:45:00,27.6,33.6,N/A
DEV001,vibration,東京,2026-04-27 21:50:00,28.2,31.4,critical
DEV002,temperature,愛知,2026-04-27 21:50:00,21.6,58.5,normal
DEV003,humidity,東京,2026-04-27 21:50:00,27.7,59.7,normal
DEV004,temperature,東京,2026-04-27 21:50:00,23.7,38.7,N/A
DEV005,vibration,東京,2026-04-27 21:50:00,18.4,57.9,normal
DEV006,vibration,愛知,2026-04-27 21:50:00,27.6,46.3,normal
DEV007,vibration,東京,2026-04-27 21:50:00,18.8,34.3,normal
DEV008,vibration,大阪,2026-04-27 21:50:00,24.6,63.1,normal
DEV009,temperature,東京,2026-04-27 21:50:00,29.3,39.0,N/A
DEV010,temperature,東京,2026-04-27 21:50:00,24.7,41.6,N/A
DEV011,temperature,愛知,2026-04-27 21:50:00,19.0,49.2,normal
DEV012,vibration,東京,2026-04-27 21:50:00,23.1,31.4,critical
DEV013,vibration,東京,2026-04-27 21:50:00,20.6,40.4,critical
DEV014,vibration,愛知,2026-04-27 21:50:00,28.3,60.5,normal
DEV015,vibration,愛知,2026-04-27 21:50:00,19.9,47.0,normal
DEV016,humidity,東京,2026-04-27 21:50:00,999,49.2,normal
DEV017,humidity,愛知,2026-04-27 21:50:00,23.4,66.6,normal
DEV018,humidity,東京,2026-04-27 21:50:00,27.7,59.8,warning
DEV019,temperature,愛知,2026-04-27 21:50:00,25.9,30.5,normal
DEV020,humidity,大阪,2026-04-27 21:50:00,26.3,51.3,N/A
DEV021,humidity,東京,2026-04-27 21:50:00,24.6,N/A,critical
DEV022,temperature,大阪,2026-04-27 21:50:00,27.7,36.0,normal
DEV023,temperature,東京,2026-04-27 21:50:00,21.5,48.9,normal
DEV024,humidity,東京,2026-04-27 21:50:00,999,N/A,normal
DEV025,humidity,大阪,2026-04-27 21:50:00,18.2,44.8,warning
DEV026,vibration,大阪,2026-04-27 21:50:00,29.2,39.8,normal
DEV027,temperature,愛知,2026-04-27 21:50:00,24.3,60.7,normal
DEV028,humidity,愛知,2026-04-27 21:50:00,25.6,68.8,normal
DEV029,temperature,大阪,2026-04-27 21:50:00,21.4,47.6,normal
DEV030,temperature,愛知,2026-04-27 21:50:00,999,,normal
DEV001,vibration,東京,2026-04-27 21:55:00,21.6,52.1,normal
DEV002,temperature,愛知,2026-04-27 21:55:00,23.7,65.7,N/A
DEV003,humidity,東京,2026-04-27 21:55:00,29.1,54.3,normal
DEV004,temperature,東京,2026-04-27 21:55:00,22.0,59.6,critical
DEV005,vibration,東京,2026-04-27 21:55:00,29.0,56.2,normal
DEV006,vibration,愛知,2026-04-27 21:55:00,22.8,64.8,normal
DEV007,vibration,東京,2026-04-27 21:55:00,27.3,33.9,normal
DEV008,vibration,大阪,2026-04-27 21:55:00,20.7,61.3,normal
DEV009,temperature,東京,2026-04-27 21:55:00,26.0,55.9,N/A
DEV010,temperature,東京,2026-04-27 21:55:00,26.5,39.9,N/A
DEV011,temperature,愛知,2026-04-27 21:55:00,999,,normal
DEV012,vibration,東京,2026-04-27 21:55:00,20.5,58.4,normal
DEV013,vibration,東京,2026-04-27 21:55:00,29.7,52.0,critical
DEV014,vibration,愛知,2026-04-27 21:55:00,23.0,63.7,normal
DEV015,vibration,愛知,2026-04-27 21:55:00,26.2,59.5,normal
DEV016,humidity,東京,2026-04-27 21:55:00,24.0,32.9,normal
DEV017,humidity,愛知,2026-04-27 21:55:00,24.0,45.9,normal
DEV018,humidity,東京,2026-04-27 21:55:00,28.9,65.7,normal
DEV019,temperature,愛知,2026-04-27 21:55:00,24.5,34.3,normal
DEV020,humidity,大阪,2026-04-27 21:55:00,22.4,40.1,normal
DEV021,humidity,東京,2026-04-27 21:55:00,22.6,47.6,normal
DEV022,temperature,大阪,2026-04-27 21:55:00,22.2,35.1,normal
DEV023,temperature,東京,2026-04-27 21:55:00,23.4,64.7,N/A
DEV024,humidity,東京,2026-04-27 21:55:00,24.0,53.4,normal
DEV025,humidity,大阪,2026-04-27 21:55:00,22.4,55.2,critical
DEV026,vibration,大阪,2026-04-27 21:55:00,23.4,39.3,normal
DEV027,temperature,愛知,2026-04-27 21:55:00,22.0,67.3,normal
DEV028,humidity,愛知,2026-04-27 21:55:00,20.1,63.1,normal
DEV029,temperature,大阪,2026-04-27 21:55:00,27.2,65.9,normal
DEV030,temperature,愛知,2026-04-27 21:55:00,999,60.6,normal
DEV001,vibration,東京,2026-04-27 22:00:00,21.1,57.3,critical
DEV002,temperature,愛知,2026-04-27 22:00:00,19.7,46.6,N/A
DEV003,humidity,東京,2026-04-27 22:00:00,29.8,56.4,N/A
DEV004,temperature,東京,2026-04-27 22:00:00,19.4,59.2,warning
DEV005,vibration,東京,2026-04-27 22:00:00,21.1,63.1,normal
DEV006,vibration,愛知,2026-04-27 22:00:00,,51.9,normal
DEV007,vibration,東京,2026-04-27 22:00:00,25.1,59.4,normal
DEV008,vibration,大阪,2026-04-27 22:00:00,27.8,30.1,warning
DEV009,temperature,東京,2026-04-27 22:00:00,26.1,40.5,normal
DEV010,temperature,東京,2026-04-27 22:00:00,,57.8,normal
DEV011,temperature,愛知,2026-04-27 22:00:00,21.4,43.7,normal
DEV012,vibration,東京,2026-04-27 22:00:00,19.7,58.8,normal
DEV013,vibration,東京,2026-04-27 22:00:00,21.1,57.5,normal
DEV014,vibration,愛知,2026-04-27 22:00:00,18.1,40.9,normal
DEV015,vibration,愛知,2026-04-27 22:00:00,25.5,64.7,normal
DEV016,humidity,東京,2026-04-27 22:00:00,,51.6,normal
DEV017,humidity,愛知,2026-04-27 22:00:00,21.3,66.9,normal
DEV018,humidity,東京,2026-04-27 22:00:00,23.6,37.5,normal
DEV019,temperature,愛知,2026-04-27 22:00:00,999,56.3,normal
DEV020,humidity,大阪,2026-04-27 22:00:00,29.2,39.9,normal
DEV021,humidity,東京,2026-04-27 22:00:00,23.4,65.1,normal
DEV022,temperature,大阪,2026-04-27 22:00:00,29.0,41.7,N/A
DEV023,temperature,東京,2026-04-27 22:00:00,24.1,34.9,normal
DEV024,humidity,東京,2026-04-27 22:00:00,24.4,58.3,normal
DEV025,humidity,大阪,2026-04-27 22:00:00,19.8,40.7,N/A
DEV026,vibration,大阪,2026-04-27 22:00:00,18.9,43.9,warning
DEV027,temperature,愛知,2026-04-27 22:00:00,28.4,65.4,normal
DEV028,humidity,愛知,2026-04-27 22:00:00,26.5,65.1,normal
DEV029,temperature,大阪,2026-04-27 22:00:00,25.8,55.8,normal
DEV030,temperature,愛知,2026-04-27 22:00:00,18.4,34.9,normal
DEV001,vibration,東京,2026-04-27 22:05:00,23.8,43.7,normal
DEV002,temperature,愛知,2026-04-27 22:05:00,999,57.2,normal
DEV003,humidity,東京,2026-04-27 22:05:00,19.2,68.9,normal
DEV004,temperature,東京,2026-04-27 22:05:00,19.3,51.6,normal
DEV005,vibration,東京,2026-04-27 22:05:00,23.1,64.7,N/A
DEV006,vibration,愛知,2026-04-27 22:05:00,24.3,66.6,normal
DEV007,vibration,東京,2026-04-27 22:05:00,18.9,61.0,normal
DEV008,vibration,大阪,2026-04-27 22:05:00,24.5,49.4,normal
DEV009,temperature,東京,2026-04-27 22:05:00,28.3,33.4,normal
DEV010,temperature,東京,2026-04-27 22:05:00,18.1,37.3,normal
DEV011,temperature,愛知,2026-04-27 22:05:00,21.5,,normal
DEV012,vibration,東京,2026-04-27 22:05:00,29.9,35.7,warning
DEV013,vibration,東京,2026-04-27 22:05:00,25.3,66.9,normal
DEV014,vibration,愛知,2026-04-27 22:05:00,27.4,35.9,normal
DEV015,vibration,愛知,2026-04-27 22:05:00,19.2,39.8,normal
DEV016,humidity,東京,2026-04-27 22:05:00,19.5,41.6,normal
DEV017,humidity,愛知,2026-04-27 22:05:00,23.8,53.3,normal
DEV018,humidity,東京,2026-04-27 22:05:00,26.5,32.6,N/A
DEV019,temperature,愛知,2026-04-27 22:05:00,23.7,64.7,normal
DEV020,humidity,大阪,2026-04-27 22:05:00,23.0,69.2,normal
DEV021,humidity,東京,2026-04-27 22:05:00,19.1,67.2,normal
DEV022,temperature,大阪,2026-04-27 22:05:00,18.5,48.8,normal
DEV023,temperature,東京,2026-04-27 22:05:00,26.2,66.9,normal
DEV024,humidity,東京,2026-04-27 22:05:00,20.3,N/A,normal
DEV025,humidity,大阪,2026-04-27 22:05:00,,63.8,normal
DEV026,vibration,大阪,2026-04-27 22:05:00,27.6,55.3,normal
DEV027,temperature,愛知,2026-04-27 22:05:00,24.2,56.1,N/A
DEV028,humidity,愛知,2026-04-27 22:05:00,24.4,36.9,normal
DEV029,temperature,大阪,2026-04-27 22:05:00,20.7,43.2,normal
DEV030,temperature,愛知,2026-04-27 22:05:00,27.4,35.4,warning
DEV001,vibration,東京,2026-04-27 22:10:00,20.1,40.2,normal
DEV002,temperature,愛知,2026-04-27 22:10:00,26.0,52.0,normal
DEV003,humidity,東京,2026-04-27 22:10:00,28.6,55.6,critical
DEV004,temperature,東京,2026-04-27 22:10:00,27.4,40.7,critical
DEV005,vibration,東京,2026-04-27 22:10:00,23.7,63.2,normal
DEV006,vibration,愛知,2026-04-27 22:10:00,21.2,46.0,N/A
DEV007,vibration,東京,2026-04-27 22:10:00,20.9,44.4,normal
DEV008,vibration,大阪,2026-04-27 22:10:00,21.4,51.8,critical
DEV009,temperature,東京,2026-04-27 22:10:00,18.5,50.0,warning
DEV010,temperature,東京,2026-04-27 22:10:00,25.4,37.5,warning
DEV011,temperature,愛知,2026-04-27 22:10:00,19.1,61.7,normal
DEV012,vibration,東京,2026-04-27 22:10:00,26.5,N/A,normal
DEV013,vibration,東京,2026-04-27 22:10:00,19.3,56.9,N/A
DEV014,vibration,愛知,2026-04-27 22:10:00,18.2,,normal
DEV015,vibration,愛知,2026-04-27 22:10:00,19.1,38.0,normal
DEV016,humidity,東京,2026-04-27 22:10:00,18.1,36.7,normal
DEV017,humidity,愛知,2026-04-27 22:10:00,22.6,38.3,normal
DEV018,humidity,東京,2026-04-27 22:10:00,19.6,63.5,normal
DEV019,temperature,愛知,2026-04-27 22:10:00,22.5,66.2,normal
DEV020,humidity,大阪,2026-04-27 22:10:00,18.1,57.6,normal
DEV021,humidity,東京,2026-04-27 22:10:00,25.0,66.8,normal
DEV022,temperature,大阪,2026-04-27 22:10:00,999,54.1,N/A
DEV023,temperature,東京,2026-04-27 22:10:00,24.6,58.4,normal
DEV024,humidity,東京,2026-04-27 22:10:00,27.1,60.9,normal
DEV025,humidity,大阪,2026-04-27 22:10:00,19.9,39.0,N/A
DEV026,vibration,大阪,2026-04-27 22:10:00,23.7,44.5,normal
DEV027,temperature,愛知,2026-04-27 22:10:00,25.8,N/A,normal
DEV028,humidity,愛知,2026-04-27 22:10:00,29.7,45.1,normal
DEV029,temperature,大阪,2026-04-27 22:10:00,23.0,30.9,normal
DEV030,temperature,愛知,2026-04-27 22:10:00,29.6,47.8,warning
DEV001,vibration,東京,2026-04-27 22:15:00,26.0,44.7,normal
DEV002,temperature,愛知,2026-04-27 22:15:00,20.3,49.8,N/A
DEV003,humidity,東京,2026-04-27 22:15:00,28.2,61.7,normal
DEV004,temperature,東京,2026-04-27 22:15:00,29.8,48.6,critical
DEV005,vibration,東京,2026-04-27 22:15:00,28.9,53.8,normal
DEV006,vibration,愛知,2026-04-27 22:15:00,26.7,33.9,normal
DEV007,vibration,東京,2026-04-27 22:15:00,29.5,40.3,normal
DEV008,vibration,大阪,2026-04-27 22:15:00,21.5,42.5,normal
DEV009,temperature,東京,2026-04-27 22:15:00,29.6,33.0,normal
DEV010,temperature,東京,2026-04-27 22:15:00,29.1,63.7,normal
DEV011,temperature,愛知,2026-04-27 22:15:00,28.7,N/A,normal
DEV012,vibration,東京,2026-04-27 22:15:00,21.9,42.7,normal
DEV013,vibration,東京,2026-04-27 22:15:00,23.7,37.7,normal
DEV014,vibration,愛知,2026-04-27 22:15:00,25.8,67.3,normal
DEV015,vibration,愛知,2026-04-27 22:15:00,19.1,N/A,normal
DEV016,humidity,東京,2026-04-27 22:15:00,28.5,56.9,warning
DEV017,humidity,愛知,2026-04-27 22:15:00,20.7,68.1,normal
DEV018,humidity,東京,2026-04-27 22:15:00,18.4,42.7,N/A
DEV019,temperature,愛知,2026-04-27 22:15:00,29.5,30.5,normal
DEV020,humidity,大阪,2026-04-27 22:15:00,26.0,67.2,normal
DEV021,humidity,東京,2026-04-27 22:15:00,19.6,32.3,warning
DEV022,temperature,大阪,2026-04-27 22:15:00,29.5,33.0,normal
DEV023,temperature,東京,2026-04-27 22:15:00,20.5,36.9,normal
DEV024,humidity,東京,2026-04-27 22:15:00,21.0,42.7,normal
DEV025,humidity,大阪,2026-04-27 22:15:00,29.3,66.4,critical
DEV026,vibration,大阪,2026-04-27 22:15:00,20.7,55.8,normal
DEV027,temperature,愛知,2026-04-27 22:15:00,18.9,66.8,normal
DEV028,humidity,愛知,2026-04-27 22:15:00,20.7,67.7,normal
DEV029,temperature,大阪,2026-04-27 22:15:00,26.4,39.5,normal
DEV030,temperature,愛知,2026-04-27 22:15:00,19.8,49.8,normal
DEV001,vibration,東京,2026-04-27 22:20:00,20.3,33.9,normal
DEV002,temperature,愛知,2026-04-27 22:20:00,21.2,30.4,normal
DEV003,humidity,東京,2026-04-27 22:20:00,25.7,33.8,normal
DEV004,temperature,東京,2026-04-27 22:20:00,30.0,67.3,normal
DEV005,vibration,東京,2026-04-27 22:20:00,26.9,55.3,normal
DEV006,vibration,愛知,2026-04-27 22:20:00,24.5,31.8,warning
DEV007,vibration,東京,2026-04-27 22:20:00,24.9,42.8,normal
DEV008,vibration,大阪,2026-04-27 22:20:00,24.7,39.1,normal
DEV009,temperature,東京,2026-04-27 22:20:00,26.3,64.3,normal
DEV010,temperature,東京,2026-04-27 22:20:00,23.9,39.6,normal
DEV011,temperature,愛知,2026-04-27 22:20:00,22.5,56.1,N/A
DEV012,vibration,東京,2026-04-27 22:20:00,23.2,31.4,normal
DEV013,vibration,東京,2026-04-27 22:20:00,22.3,44.5,normal
DEV014,vibration,愛知,2026-04-27 22:20:00,27.7,61.9,normal
DEV015,vibration,愛知,2026-04-27 22:20:00,999,61.8,normal
DEV016,humidity,東京,2026-04-27 22:20:00,19.0,50.7,N/A
DEV017,humidity,愛知,2026-04-27 22:20:00,24.9,55.8,N/A
DEV018,humidity,東京,2026-04-27 22:20:00,24.8,61.5,normal
DEV019,temperature,愛知,2026-04-27 22:20:00,999,66.9,normal
DEV020,humidity,大阪,2026-04-27 22:20:00,24.4,36.1,normal
DEV021,humidity,東京,2026-04-27 22:20:00,22.8,65.2,N/A
DEV022,temperature,大阪,2026-04-27 22:20:00,20.1,67.6,normal
DEV023,temperature,東京,2026-04-27 22:20:00,22.2,62.5,normal
DEV024,humidity,東京,2026-04-27 22:20:00,23.9,65.7,normal
DEV025,humidity,大阪,2026-04-27 22:20:00,24.4,56.2,normal
DEV026,vibration,大阪,2026-04-27 22:20:00,20.4,36.0,normal
DEV027,temperature,愛知,2026-04-27 22:20:00,25.0,65.1,normal
DEV028,humidity,愛知,2026-04-27 22:20:00,28.6,68.2,normal
DEV029,temperature,大阪,2026-04-27 22:20:00,23.8,30.1,normal
DEV030,temperature,愛知,2026-04-27 22:20:00,22.1,47.2,normal
DEV001,vibration,東京,2026-04-27 22:25:00,23.5,68.6,normal
DEV002,temperature,愛知,2026-04-27 22:25:00,27.5,58.3,normal
DEV003,humidity,東京,2026-04-27 22:25:00,21.8,58.0,normal
DEV004,temperature,東京,2026-04-27 22:25:00,27.4,42.4,normal
DEV005,vibration,東京,2026-04-27 22:25:00,,31.4,N/A
DEV006,vibration,愛知,2026-04-27 22:25:00,23.8,56.0,warning
DEV007,vibration,東京,2026-04-27 22:25:00,26.5,43.7,normal
DEV008,vibration,大阪,2026-04-27 22:25:00,19.6,61.7,normal
DEV009,temperature,東京,2026-04-27 22:25:00,28.8,30.1,N/A
DEV010,temperature,東京,2026-04-27 22:25:00,26.3,51.9,warning
DEV011,temperature,愛知,2026-04-27 22:25:00,29.6,45.8,normal
DEV012,vibration,東京,2026-04-27 22:25:00,23.5,36.0,critical
DEV013,vibration,東京,2026-04-27 22:25:00,19.2,61.4,normal
DEV014,vibration,愛知,2026-04-27 22:25:00,19.8,34.1,normal
DEV015,vibration,愛知,2026-04-27 22:25:00,20.5,49.0,normal
DEV016,humidity,東京,2026-04-27 22:25:00,27.2,,normal
DEV017,humidity,愛知,2026-04-27 22:25:00,24.9,63.3,normal
DEV018,humidity,東京,2026-04-27 22:25:00,28.5,35.6,normal
DEV019,temperature,愛知,2026-04-27 22:25:00,28.3,52.3,normal
DEV020,humidity,大阪,2026-04-27 22:25:00,21.9,62.2,normal
DEV021,humidity,東京,2026-04-27 22:25:00,27.1,42.2,N/A
DEV022,temperature,大阪,2026-04-27 22:25:00,19.3,69.4,normal
DEV023,temperature,東京,2026-04-27 22:25:00,23.3,49.2,normal
DEV024,humidity,東京,2026-04-27 22:25:00,29.4,62.6,critical
DEV025,humidity,大阪,2026-04-27 22:25:00,22.5,30.3,N/A
DEV026,vibration,大阪,2026-04-27 22:25:00,18.8,39.3,warning
DEV027,temperature,愛知,2026-04-27 22:25:00,21.6,51.8,normal
DEV028,humidity,愛知,2026-04-27 22:25:00,20.4,69.4,warning
DEV029,temperature,大阪,2026-04-27 22:25:00,27.6,33.8,normal
DEV030,temperature,愛知,2026-04-27 22:25:00,26.1,45.8,normal
DEV001,vibration,東京,2026-04-27 22:30:00,21.8,,warning
DEV002,temperature,愛知,2026-04-27 22:30:00,18.2,39.3,normal
DEV003,humidity,東京,2026-04-27 22:30:00,29.3,64.2,normal
DEV004,temperature,東京,2026-04-27 22:30:00,19.2,50.4,critical
DEV005,vibration,東京,2026-04-27 22:30:00,24.8,50.7,normal
DEV006,vibration,愛知,2026-04-27 22:30:00,29.2,51.4,warning
DEV007,vibration,東京,2026-04-27 22:30:00,29.7,68.5,critical
DEV008,vibration,大阪,2026-04-27 22:30:00,22.2,69.7,normal
DEV009,temperature,東京,2026-04-27 22:30:00,19.2,62.3,normal
DEV010,temperature,東京,2026-04-27 22:30:00,18.4,45.3,normal
DEV011,temperature,愛知,2026-04-27 22:30:00,23.9,56.5,normal
DEV012,vibration,東京,2026-04-27 22:30:00,28.9,52.9,normal
DEV013,vibration,東京,2026-04-27 22:30:00,26.4,69.6,N/A
DEV014,vibration,愛知,2026-04-27 22:30:00,26.9,N/A,normal
DEV015,vibration,愛知,2026-04-27 22:30:00,26.7,40.2,normal
DEV016,humidity,東京,2026-04-27 22:30:00,23.9,48.7,normal
DEV017,humidity,愛知,2026-04-27 22:30:00,25.6,46.6,critical
DEV018,humidity,東京,2026-04-27 22:30:00,28.5,41.5,normal
DEV019,temperature,愛知,2026-04-27 22:30:00,18.5,33.9,normal
DEV020,humidity,大阪,2026-04-27 22:30:00,23.4,35.1,normal
DEV021,humidity,東京,2026-04-27 22:30:00,29.2,44.4,normal
DEV022,temperature,大阪,2026-04-27 22:30:00,23.1,35.4,N/A
DEV023,temperature,東京,2026-04-27 22:30:00,,38.8,warning
DEV024,humidity,東京,2026-04-27 22:30:00,19.4,N/A,warning
DEV025,humidity,大阪,2026-04-27 22:30:00,28.9,31.4,normal
DEV026,vibration,大阪,2026-04-27 22:30:00,27.8,30.9,normal
DEV027,temperature,愛知,2026-04-27 22:30:00,29.7,66.8,critical
DEV028,humidity,愛知,2026-04-27 22:30:00,25.3,68.7,normal
DEV029,temperature,大阪,2026-04-27 22:30:00,27.6,40.5,normal
DEV030,temperature,愛知,2026-04-27 22:30:00,29.4,69.9,critical
DEV001,vibration,東京,2026-04-27 22:35:00,27.9,41.8,normal
DEV002,temperature,愛知,2026-04-27 22:35:00,999,32.2,normal
DEV003,humidity,東京,2026-04-27 22:35:00,29.7,66.9,normal
DEV004,temperature,東京,2026-04-27 22:35:00,27.6,52.6,normal
DEV005,vibration,東京,2026-04-27 22:35:00,999,55.8,normal
DEV006,vibration,愛知,2026-04-27 22:35:00,25.2,67.0,normal
DEV007,vibration,東京,2026-04-27 22:35:00,28.6,33.1,normal
DEV008,vibration,大阪,2026-04-27 22:35:00,25.5,55.2,normal
DEV009,temperature,東京,2026-04-27 22:35:00,28.1,40.9,normal
DEV010,temperature,東京,2026-04-27 22:35:00,24.2,N/A,normal
DEV011,temperature,愛知,2026-04-27 22:35:00,,31.5,normal
DEV012,vibration,東京,2026-04-27 22:35:00,21.1,54.9,normal
DEV013,vibration,東京,2026-04-27 22:35:00,20.5,51.4,warning
DEV014,vibration,愛知,2026-04-27 22:35:00,22.3,N/A,critical
DEV015,vibration,愛知,2026-04-27 22:35:00,19.7,47.0,normal
DEV016,humidity,東京,2026-04-27 22:35:00,18.7,51.2,warning
DEV017,humidity,愛知,2026-04-27 22:35:00,26.9,50.3,normal
DEV018,humidity,東京,2026-04-27 22:35:00,19.3,44.1,normal
DEV019,temperature,愛知,2026-04-27 22:35:00,26.1,43.2,normal
DEV020,humidity,大阪,2026-04-27 22:35:00,19.3,47.6,normal
DEV021,humidity,東京,2026-04-27 22:35:00,21.1,57.4,warning
DEV022,temperature,大阪,2026-04-27 22:35:00,23.8,58.9,normal
DEV023,temperature,東京,2026-04-27 22:35:00,27.8,34.1,normal
DEV024,humidity,東京,2026-04-27 22:35:00,28.7,36.3,normal
DEV025,humidity,大阪,2026-04-27 22:35:00,23.5,36.5,normal
DEV026,vibration,大阪,2026-04-27 22:35:00,19.2,66.8,normal
DEV027,temperature,愛知,2026-04-27 22:35:00,23.0,67.9,critical
DEV028,humidity,愛知,2026-04-27 22:35:00,27.1,42.3,critical
DEV029,temperature,大阪,2026-04-27 22:35:00,24.1,64.7,normal
DEV030,temperature,愛知,2026-04-27 22:35:00,25.6,59.8,normal
DEV001,vibration,東京,2026-04-27 22:40:00,29.2,58.4,N/A
DEV002,temperature,愛知,2026-04-27 22:40:00,26.6,33.7,normal
DEV003,humidity,東京,2026-04-27 22:40:00,21.6,66.8,normal
DEV004,temperature,東京,2026-04-27 22:40:00,,N/A,normal
DEV005,vibration,東京,2026-04-27 22:40:00,28.2,40.2,normal
DEV006,vibration,愛知,2026-04-27 22:40:00,29.6,55.8,normal
DEV007,vibration,東京,2026-04-27 22:40:00,28.1,52.4,warning
DEV008,vibration,大阪,2026-04-27 22:40:00,23.7,56.9,warning
DEV009,temperature,東京,2026-04-27 22:40:00,21.1,67.0,warning
DEV010,temperature,東京,2026-04-27 22:40:00,21.9,35.9,normal
DEV011,temperature,愛知,2026-04-27 22:40:00,28.3,46.9,critical
DEV012,vibration,東京,2026-04-27 22:40:00,21.7,48.3,normal
DEV013,vibration,東京,2026-04-27 22:40:00,22.8,54.4,N/A
DEV014,vibration,愛知,2026-04-27 22:40:00,20.3,45.2,normal
DEV015,vibration,愛知,2026-04-27 22:40:00,24.9,38.4,warning
DEV016,humidity,東京,2026-04-27 22:40:00,25.0,63.9,critical
DEV017,humidity,愛知,2026-04-27 22:40:00,23.0,42.7,normal
DEV018,humidity,東京,2026-04-27 22:40:00,,56.1,normal
DEV019,temperature,愛知,2026-04-27 22:40:00,26.8,63.0,normal
DEV020,humidity,大阪,2026-04-27 22:40:00,25.9,61.4,warning
DEV021,humidity,東京,2026-04-27 22:40:00,29.0,40.9,normal
DEV022,temperature,大阪,2026-04-27 22:40:00,28.2,67.0,normal
DEV023,temperature,東京,2026-04-27 22:40:00,30.0,57.9,normal
DEV024,humidity,東京,2026-04-27 22:40:00,21.4,31.4,N/A
DEV025,humidity,大阪,2026-04-27 22:40:00,28.5,62.5,normal
DEV026,vibration,大阪,2026-04-27 22:40:00,29.9,40.3,normal
DEV027,temperature,愛知,2026-04-27 22:40:00,24.6,59.3,warning
DEV028,humidity,愛知,2026-04-27 22:40:00,28.0,46.4,normal
DEV029,temperature,大阪,2026-04-27 22:40:00,26.3,30.1,normal
DEV030,temperature,愛知,2026-04-27 22:40:00,,43.7,normal
DEV001,vibration,東京,2026-04-27 22:45:00,26.2,67.1,warning
DEV002,temperature,愛知,2026-04-27 22:45:00,25.5,35.7,normal
DEV003,humidity,東京,2026-04-27 22:45:00,26.1,49.9,critical
DEV004,temperature,東京,2026-04-27 22:45:00,21.3,36.3,normal
DEV005,vibration,東京,2026-04-27 22:45:00,18.3,46.9,N/A
DEV006,vibration,愛知,2026-04-27 22:45:00,27.5,48.6,normal
DEV007,vibration,東京,2026-04-27 22:45:00,20.1,54.0,normal
DEV008,vibration,大阪,2026-04-27 22:45:00,22.3,49.3,normal
DEV009,temperature,東京,2026-04-27 22:45:00,23.2,49.8,warning
DEV010,temperature,東京,2026-04-27 22:45:00,21.1,34.2,normal
DEV011,temperature,愛知,2026-04-27 22:45:00,18.8,37.7,normal
DEV012,vibration,東京,2026-04-27 22:45:00,18.3,48.8,normal
DEV013,vibration,東京,2026-04-27 22:45:00,20.1,,normal
DEV014,vibration,愛知,2026-04-27 22:45:00,22.2,51.2,warning
DEV015,vibration,愛知,2026-04-27 22:45:00,19.7,56.8,normal
DEV016,humidity,東京,2026-04-27 22:45:00,20.4,60.0,N/A
DEV017,humidity,愛知,2026-04-27 22:45:00,,60.8,normal
DEV018,humidity,東京,2026-04-27 22:45:00,28.0,64.4,normal
DEV019,temperature,愛知,2026-04-27 22:45:00,21.3,52.1,normal
DEV020,humidity,大阪,2026-04-27 22:45:00,26.1,66.3,N/A
DEV021,humidity,東京,2026-04-27 22:45:00,25.7,63.9,normal
DEV022,temperature,大阪,2026-04-27 22:45:00,18.5,34.3,normal
DEV023,temperature,東京,2026-04-27 22:45:00,29.9,40.5,normal
DEV024,humidity,東京,2026-04-27 22:45:00,19.2,35.8,normal
DEV025,humidity,大阪,2026-04-27 22:45:00,24.8,69.3,normal
DEV026,vibration,大阪,2026-04-27 22:45:00,22.6,47.3,N/A
DEV027,temperature,愛知,2026-04-27 22:45:00,20.6,41.6,normal
DEV028,humidity,愛知,2026-04-27 22:45:00,20.5,65.2,normal
DEV029,temperature,大阪,2026-04-27 22:45:00,24.4,39.7,warning
DEV030,temperature,愛知,2026-04-27 22:45:00,25.5,43.0,normal
DEV001,vibration,東京,2026-04-27 22:50:00,,37.2,warning
DEV002,temperature,愛知,2026-04-27 22:50:00,19.6,69.8,N/A
DEV003,humidity,東京,2026-04-27 22:50:00,18.9,31.9,normal
DEV004,temperature,東京,2026-04-27 22:50:00,19.9,54.3,normal
DEV005,vibration,東京,2026-04-27 22:50:00,25.9,61.0,critical
DEV006,vibration,愛知,2026-04-27 22:50:00,23.6,52.3,warning
DEV007,vibration,東京,2026-04-27 22:50:00,23.8,59.4,critical
DEV008,vibration,大阪,2026-04-27 22:50:00,21.2,62.1,critical
DEV009,temperature,東京,2026-04-27 22:50:00,23.3,49.2,warning
DEV010,temperature,東京,2026-04-27 22:50:00,22.6,32.1,normal
DEV011,temperature,愛知,2026-04-27 22:50:00,26.5,36.6,normal
DEV012,vibration,東京,2026-04-27 22:50:00,29.5,37.3,normal
DEV013,vibration,東京,2026-04-27 22:50:00,21.8,56.6,normal
DEV014,vibration,愛知,2026-04-27 22:50:00,21.4,58.2,normal
DEV015,vibration,愛知,2026-04-27 22:50:00,19.2,53.8,normal
DEV016,humidity,東京,2026-04-27 22:50:00,26.3,69.5,normal
DEV017,humidity,愛知,2026-04-27 22:50:00,23.3,41.6,normal
DEV018,humidity,東京,2026-04-27 22:50:00,22.3,N/A,N/A
DEV019,temperature,愛知,2026-04-27 22:50:00,20.5,33.2,normal
DEV020,humidity,大阪,2026-04-27 22:50:00,24.1,47.7,normal
DEV021,humidity,東京,2026-04-27 22:50:00,19.1,32.3,normal
DEV022,temperature,大阪,2026-04-27 22:50:00,26.6,57.7,normal
DEV023,temperature,東京,2026-04-27 22:50:00,19.1,44.4,normal
DEV024,humidity,東京,2026-04-27 22:50:00,30.0,N/A,normal
DEV025,humidity,大阪,2026-04-27 22:50:00,26.4,69.0,normal
DEV026,vibration,大阪,2026-04-27 22:50:00,20.8,62.5,normal
DEV027,temperature,愛知,2026-04-27 22:50:00,28.6,N/A,normal
DEV028,humidity,愛知,2026-04-27 22:50:00,23.0,62.0,critical
DEV029,temperature,大阪,2026-04-27 22:50:00,19.9,68.0,normal
DEV030,temperature,愛知,2026-04-27 22:50:00,,N/A,normal
DEV001,vibration,東京,2026-04-27 22:55:00,22.6,57.7,normal
DEV002,temperature,愛知,2026-04-27 22:55:00,18.6,42.5,normal
DEV003,humidity,東京,2026-04-27 22:55:00,21.3,58.9,normal
DEV004,temperature,東京,2026-04-27 22:55:00,19.0,58.4,normal
DEV005,vibration,東京,2026-04-27 22:55:00,18.4,32.1,normal
DEV006,vibration,愛知,2026-04-27 22:55:00,29.1,52.9,normal
DEV007,vibration,東京,2026-04-27 22:55:00,28.9,62.5,normal
DEV008,vibration,大阪,2026-04-27 22:55:00,29.6,54.0,normal
DEV009,temperature,東京,2026-04-27 22:55:00,26.4,67.1,warning
DEV010,temperature,東京,2026-04-27 22:55:00,25.3,63.9,normal
DEV011,temperature,愛知,2026-04-27 22:55:00,28.1,36.0,warning
DEV012,vibration,東京,2026-04-27 22:55:00,28.0,42.4,normal
DEV013,vibration,東京,2026-04-27 22:55:00,22.6,56.5,critical
DEV014,vibration,愛知,2026-04-27 22:55:00,19.3,49.7,normal
DEV015,vibration,愛知,2026-04-27 22:55:00,26.9,61.1,normal
DEV016,humidity,東京,2026-04-27 22:55:00,21.6,61.5,normal
DEV017,humidity,愛知,2026-04-27 22:55:00,29.6,N/A,normal
DEV018,humidity,東京,2026-04-27 22:55:00,26.1,44.2,warning
DEV019,temperature,愛知,2026-04-27 22:55:00,999,49.7,critical
DEV020,humidity,大阪,2026-04-27 22:55:00,29.5,40.5,normal
DEV021,humidity,東京,2026-04-27 22:55:00,21.6,59.9,N/A
DEV022,temperature,大阪,2026-04-27 22:55:00,21.1,46.2,normal
DEV023,temperature,東京,2026-04-27 22:55:00,18.7,31.7,normal
DEV024,humidity,東京,2026-04-27 22:55:00,20.7,56.3,normal
DEV025,humidity,大阪,2026-04-27 22:55:00,21.0,69.8,normal
DEV026,vibration,大阪,2026-04-27 22:55:00,21.1,52.5,critical
DEV027,temperature,愛知,2026-04-27 22:55:00,19.8,30.2,normal
DEV028,humidity,愛知,2026-04-27 22:55:00,18.9,31.8,critical
DEV029,temperature,大阪,2026-04-27 22:55:00,21.2,53.1,normal
DEV030,temperature,愛知,2026-04-27 22:55:00,20.7,61.5,normal
DEV001,vibration,東京,2026-04-27 23:00:00,19.3,,normal
DEV002,temperature,愛知,2026-04-27 23:00:00,23.5,31.5,warning
DEV003,humidity,東京,2026-04-27 23:00:00,19.0,48.3,normal
DEV004,temperature,東京,2026-04-27 23:00:00,24.4,N/A,warning
DEV005,vibration,東京,2026-04-27 23:00:00,24.6,41.4,normal
DEV006,vibration,愛知,2026-04-27 23:00:00,23.2,47.1,warning
DEV007,vibration,東京,2026-04-27 23:00:00,18.5,35.2,normal
DEV008,vibration,大阪,2026-04-27 23:00:00,19.9,52.1,normal
DEV009,temperature,東京,2026-04-27 23:00:00,28.4,30.4,N/A
DEV010,temperature,東京,2026-04-27 23:00:00,19.3,68.1,normal
DEV011,temperature,愛知,2026-04-27 23:00:00,24.4,68.1,warning
DEV012,vibration,東京,2026-04-27 23:00:00,21.4,65.8,N/A
DEV013,vibration,東京,2026-04-27 23:00:00,26.2,,N/A
DEV014,vibration,愛知,2026-04-27 23:00:00,21.2,48.6,normal
DEV015,vibration,愛知,2026-04-27 23:00:00,28.2,51.6,normal
DEV016,humidity,東京,2026-04-27 23:00:00,27.3,46.2,normal
DEV017,humidity,愛知,2026-04-27 23:00:00,20.6,30.6,critical
DEV018,humidity,東京,2026-04-27 23:00:00,19.8,56.3,normal
DEV019,temperature,愛知,2026-04-27 23:00:00,28.5,31.9,normal
DEV020,humidity,大阪,2026-04-27 23:00:00,23.5,44.9,normal
DEV021,humidity,東京,2026-04-27 23:00:00,28.6,42.7,normal
DEV022,temperature,大阪,2026-04-27 23:00:00,22.5,58.2,normal
DEV023,temperature,東京,2026-04-27 23:00:00,22.9,43.9,normal
DEV024,humidity,東京,2026-04-27 23:00:00,27.0,69.5,normal
DEV025,humidity,大阪,2026-04-27 23:00:00,20.9,50.5,normal
DEV026,vibration,大阪,2026-04-27 23:00:00,27.7,37.1,normal
DEV027,temperature,愛知,2026-04-27 23:00:00,27.7,66.5,normal
DEV028,humidity,愛知,2026-04-27 23:00:00,18.2,62.0,warning
DEV029,temperature,大阪,2026-04-27 23:00:00,27.9,64.5,warning
DEV030,temperature,愛知,2026-04-27 23:00:00,27.8,38.0,normal
DEV001,vibration,東京,2026-04-27 23:05:00,27.1,55.6,normal
DEV002,temperature,愛知,2026-04-27 23:05:00,24.5,69.7,normal
DEV003,humidity,東京,2026-04-27 23:05:00,27.1,39.3,normal
DEV004,temperature,東京,2026-04-27 23:05:00,21.3,58.1,normal
DEV005,vibration,東京,2026-04-27 23:05:00,26.6,N/A,critical
DEV006,vibration,愛知,2026-04-27 23:05:00,28.2,65.5,normal
DEV007,vibration,東京,2026-04-27 23:05:00,28.3,48.8,N/A
DEV008,vibration,大阪,2026-04-27 23:05:00,21.4,54.4,normal
DEV009,temperature,東京,2026-04-27 23:05:00,29.4,62.9,normal
DEV010,temperature,東京,2026-04-27 23:05:00,18.2,51.2,normal
DEV011,temperature,愛知,2026-04-27 23:05:00,23.5,34.5,normal
DEV012,vibration,東京,2026-04-27 23:05:00,,31.9,normal
DEV013,vibration,東京,2026-04-27 23:05:00,19.4,67.1,normal
DEV014,vibration,愛知,2026-04-27 23:05:00,21.9,66.1,critical
DEV015,vibration,愛知,2026-04-27 23:05:00,24.5,42.3,normal
DEV016,humidity,東京,2026-04-27 23:05:00,20.0,30.1,normal
DEV017,humidity,愛知,2026-04-27 23:05:00,20.7,N/A,normal
DEV018,humidity,東京,2026-04-27 23:05:00,22.3,44.8,normal
DEV019,temperature,愛知,2026-04-27 23:05:00,22.0,33.2,warning
DEV020,humidity,大阪,2026-04-27 23:05:00,23.7,61.0,normal
DEV021,humidity,東京,2026-04-27 23:05:00,19.5,54.9,normal
DEV022,temperature,大阪,2026-04-27 23:05:00,25.6,31.0,normal
DEV023,temperature,東京,2026-04-27 23:05:00,19.2,N/A,normal
DEV024,humidity,東京,2026-04-27 23:05:00,25.6,,normal
DEV025,humidity,大阪,2026-04-27 23:05:00,22.5,53.2,normal
DEV026,vibration,大阪,2026-04-27 23:05:00,27.3,58.0,normal
DEV027,temperature,愛知,2026-04-27 23:05:00,22.6,66.7,normal
DEV028,humidity,愛知,2026-04-27 23:05:00,24.1,38.1,N/A
DEV029,temperature,大阪,2026-04-27 23:05:00,26.1,38.1,normal
DEV030,temperature,愛知,2026-04-27 23:05:00,18.6,46.5,normal
DEV001,vibration,東京,2026-04-27 23:10:00,19.8,63.9,normal
DEV002,temperature,愛知,2026-04-27 23:10:00,25.3,33.5,normal
DEV003,humidity,東京,2026-04-27 23:10:00,27.8,65.7,normal
DEV004,temperature,東京,2026-04-27 23:10:00,28.4,38.3,normal
DEV005,vibration,東京,2026-04-27 23:10:00,26.3,42.2,normal
DEV006,vibration,愛知,2026-04-27 23:10:00,25.2,44.9,normal
DEV007,vibration,東京,2026-04-27 23:10:00,19.4,,critical
DEV008,vibration,大阪,2026-04-27 23:10:00,29.9,45.3,normal
DEV009,temperature,東京,2026-04-27 23:10:00,29.1,47.9,critical
DEV010,temperature,東京,2026-04-27 23:10:00,28.5,39.6,normal
DEV011,temperature,愛知,2026-04-27 23:10:00,18.1,63.0,normal
DEV012,vibration,東京,2026-04-27 23:10:00,26.3,60.4,normal
DEV013,vibration,東京,2026-04-27 23:10:00,22.6,43.0,N/A
DEV014,vibration,愛知,2026-04-27 23:10:00,25.9,40.3,normal
DEV015,vibration,愛知,2026-04-27 23:10:00,20.9,66.7,normal
DEV016,humidity,東京,2026-04-27 23:10:00,21.6,,warning
DEV017,humidity,愛知,2026-04-27 23:10:00,22.7,48.6,warning
DEV018,humidity,東京,2026-04-27 23:10:00,25.3,38.1,critical
DEV019,temperature,愛知,2026-04-27 23:10:00,,69.8,normal
DEV020,humidity,大阪,2026-04-27 23:10:00,28.1,69.0,normal
DEV021,humidity,東京,2026-04-27 23:10:00,28.6,,warning
DEV022,temperature,大阪,2026-04-27 23:10:00,,69.7,critical
DEV023,temperature,東京,2026-04-27 23:10:00,23.6,57.5,normal
DEV024,humidity,東京,2026-04-27 23:10:00,26.3,34.2,N/A
DEV025,humidity,大阪,2026-04-27 23:10:00,25.5,63.2,normal
DEV026,vibration,大阪,2026-04-27 23:10:00,22.8,69.4,normal
DEV027,temperature,愛知,2026-04-27 23:10:00,25.8,51.8,N/A
DEV028,humidity,愛知,2026-04-27 23:10:00,18.2,65.9,critical
DEV029,temperature,大阪,2026-04-27 23:10:00,24.3,36.4,N/A
DEV030,temperature,愛知,2026-04-27 23:10:00,999,36.5,normal
DEV001,vibration,東京,2026-04-27 23:15:00,21.2,67.2,normal
DEV002,temperature,愛知,2026-04-27 23:15:00,18.9,35.4,normal
DEV003,humidity,東京,2026-04-27 23:15:00,25.3,69.7,warning
DEV004,temperature,東京,2026-04-27 23:15:00,,52.3,critical
DEV005,vibration,東京,2026-04-27 23:15:00,24.7,N/A,critical
DEV006,vibration,愛知,2026-04-27 23:15:00,22.1,40.3,critical
DEV007,vibration,東京,2026-04-27 23:15:00,24.6,,normal
DEV008,vibration,大阪,2026-04-27 23:15:00,24.4,46.7,normal
DEV009,temperature,東京,2026-04-27 23:15:00,29.0,59.4,normal
DEV010,temperature,東京,2026-04-27 23:15:00,20.2,56.8,critical
DEV011,temperature,愛知,2026-04-27 23:15:00,23.1,59.1,normal
DEV012,vibration,東京,2026-04-27 23:15:00,29.1,53.1,normal
DEV013,vibration,東京,2026-04-27 23:15:00,18.3,52.2,normal
DEV014,vibration,愛知,2026-04-27 23:15:00,20.1,61.0,normal
DEV015,vibration,愛知,2026-04-27 23:15:00,19.5,65.0,critical
DEV016,humidity,東京,2026-04-27 23:15:00,21.4,43.3,normal
DEV017,humidity,愛知,2026-04-27 23:15:00,29.4,55.3,warning
DEV018,humidity,東京,2026-04-27 23:15:00,18.9,68.9,normal
DEV019,temperature,愛知,2026-04-27 23:15:00,26.0,35.5,warning
DEV020,humidity,大阪,2026-04-27 23:15:00,21.3,39.9,normal
DEV021,humidity,東京,2026-04-27 23:15:00,24.5,58.9,normal
DEV022,temperature,大阪,2026-04-27 23:15:00,28.4,47.4,normal
DEV023,temperature,東京,2026-04-27 23:15:00,27.9,47.6,normal
DEV024,humidity,東京,2026-04-27 23:15:00,22.8,60.6,normal
DEV025,humidity,大阪,2026-04-27 23:15:00,21.5,35.6,N/A
DEV026,vibration,大阪,2026-04-27 23:15:00,23.8,63.7,normal
DEV027,temperature,愛知,2026-04-27 23:15:00,21.8,64.2,normal
DEV028,humidity,愛知,2026-04-27 23:15:00,24.7,48.2,N/A
DEV029,temperature,大阪,2026-04-27 23:15:00,25.3,36.5,normal
DEV030,temperature,愛知,2026-04-27 23:15:00,21.3,30.9,normal
DEV001,vibration,東京,2026-04-27 23:20:00,21.1,36.5,normal
DEV002,temperature,愛知,2026-04-27 23:20:00,26.1,69.6,N/A
DEV003,humidity,東京,2026-04-27 23:20:00,20.4,60.0,critical
DEV004,temperature,東京,2026-04-27 23:20:00,19.9,40.1,critical
DEV005,vibration,東京,2026-04-27 23:20:00,20.2,47.2,normal
DEV006,vibration,愛知,2026-04-27 23:20:00,22.3,40.7,critical
DEV007,vibration,東京,2026-04-27 23:20:00,29.0,56.1,normal
DEV008,vibration,大阪,2026-04-27 23:20:00,28.0,46.4,warning
DEV009,temperature,東京,2026-04-27 23:20:00,22.4,31.3,normal
DEV010,temperature,東京,2026-04-27 23:20:00,23.1,64.2,normal
DEV011,temperature,愛知,2026-04-27 23:20:00,23.2,61.3,N/A
DEV012,vibration,東京,2026-04-27 23:20:00,19.0,,normal
DEV013,vibration,東京,2026-04-27 23:20:00,22.3,64.9,normal
DEV014,vibration,愛知,2026-04-27 23:20:00,21.7,31.5,normal
DEV015,vibration,愛知,2026-04-27 23:20:00,24.2,46.0,warning
DEV016,humidity,東京,2026-04-27 23:20:00,28.3,36.3,normal
DEV017,humidity,愛知,2026-04-27 23:20:00,21.8,35.2,critical
DEV018,humidity,東京,2026-04-27 23:20:00,29.2,67.2,normal
DEV019,temperature,愛知,2026-04-27 23:20:00,27.3,34.4,normal
DEV020,humidity,大阪,2026-04-27 23:20:00,27.3,65.5,normal
DEV021,humidity,東京,2026-04-27 23:20:00,18.7,56.7,normal
DEV022,temperature,大阪,2026-04-27 23:20:00,27.8,56.8,normal
DEV023,temperature,東京,2026-04-27 23:20:00,,31.3,normal
DEV024,humidity,東京,2026-04-27 23:20:00,20.1,69.8,normal
DEV025,humidity,大阪,2026-04-27 23:20:00,28.0,60.5,normal
DEV026,vibration,大阪,2026-04-27 23:20:00,29.0,66.6,normal
DEV027,temperature,愛知,2026-04-27 23:20:00,29.7,65.6,normal
DEV028,humidity,愛知,2026-04-27 23:20:00,30.0,N/A,critical
DEV029,temperature,大阪,2026-04-27 23:20:00,24.9,58.7,critical
DEV030,temperature,愛知,2026-04-27 23:20:00,24.0,55.6,critical
DEV001,vibration,東京,2026-04-27 23:25:00,21.8,37.5,normal
DEV002,temperature,愛知,2026-04-27 23:25:00,26.1,36.5,critical
DEV003,humidity,東京,2026-04-27 23:25:00,28.1,39.1,normal
DEV004,temperature,東京,2026-04-27 23:25:00,29.3,30.8,normal
DEV005,vibration,東京,2026-04-27 23:25:00,30.0,49.8,normal
DEV006,vibration,愛知,2026-04-27 23:25:00,27.3,61.0,normal
DEV007,vibration,東京,2026-04-27 23:25:00,21.7,51.0,warning
DEV008,vibration,大阪,2026-04-27 23:25:00,26.8,32.2,warning
DEV009,temperature,東京,2026-04-27 23:25:00,19.6,60.6,normal
DEV010,temperature,東京,2026-04-27 23:25:00,23.8,61.6,critical
DEV011,temperature,愛知,2026-04-27 23:25:00,27.3,61.8,normal
DEV012,vibration,東京,2026-04-27 23:25:00,28.8,33.0,normal
DEV013,vibration,東京,2026-04-27 23:25:00,23.3,69.4,N/A
DEV014,vibration,愛知,2026-04-27 23:25:00,24.9,45.2,normal
DEV015,vibration,愛知,2026-04-27 23:25:00,19.5,44.2,normal
DEV016,humidity,東京,2026-04-27 23:25:00,23.6,68.7,normal
DEV017,humidity,愛知,2026-04-27 23:25:00,25.1,N/A,normal
DEV018,humidity,東京,2026-04-27 23:25:00,24.9,60.7,critical
DEV019,temperature,愛知,2026-04-27 23:25:00,20.7,44.0,normal
DEV020,humidity,大阪,2026-04-27 23:25:00,19.4,60.8,normal
DEV021,humidity,東京,2026-04-27 23:25:00,21.2,64.8,normal
DEV022,temperature,大阪,2026-04-27 23:25:00,18.2,38.7,normal
DEV023,temperature,東京,2026-04-27 23:25:00,25.3,42.9,warning
DEV024,humidity,東京,2026-04-27 23:25:00,27.4,64.3,N/A
DEV025,humidity,大阪,2026-04-27 23:25:00,,69.9,normal
DEV026,vibration,大阪,2026-04-27 23:25:00,20.0,61.8,normal
DEV027,temperature,愛知,2026-04-27 23:25:00,25.6,56.4,normal
DEV028,humidity,愛知,2026-04-27 23:25:00,21.2,52.1,N/A
DEV029,temperature,大阪,2026-04-27 23:25:00,23.6,32.1,normal
DEV030,temperature,愛知,2026-04-27 23:25:00,18.3,N/A,normal
DEV001,vibration,東京,2026-04-27 23:30:00,26.7,67.3,normal
DEV002,temperature,愛知,2026-04-27 23:30:00,20.2,67.3,normal
DEV003,humidity,東京,2026-04-27 23:30:00,22.0,68.3,warning
DEV004,temperature,東京,2026-04-27 23:30:00,18.6,31.6,critical
DEV005,vibration,東京,2026-04-27 23:30:00,27.5,39.7,N/A
DEV006,vibration,愛知,2026-04-27 23:30:00,24.0,36.5,normal
DEV007,vibration,東京,2026-04-27 23:30:00,25.5,37.8,N/A
DEV008,vibration,大阪,2026-04-27 23:30:00,27.7,41.1,normal
DEV009,temperature,東京,2026-04-27 23:30:00,27.7,39.0,critical
DEV010,temperature,東京,2026-04-27 23:30:00,23.4,52.7,critical
DEV011,temperature,愛知,2026-04-27 23:30:00,27.7,30.7,normal
DEV012,vibration,東京,2026-04-27 23:30:00,22.2,58.9,normal
DEV013,vibration,東京,2026-04-27 23:30:00,29.1,62.0,warning
DEV014,vibration,愛知,2026-04-27 23:30:00,22.3,39.0,normal
DEV015,vibration,愛知,2026-04-27 23:30:00,25.8,61.0,normal
DEV016,humidity,東京,2026-04-27 23:30:00,20.6,49.8,normal
DEV017,humidity,愛知,2026-04-27 23:30:00,25.4,33.8,warning
DEV018,humidity,東京,2026-04-27 23:30:00,25.6,62.1,normal
DEV019,temperature,愛知,2026-04-27 23:30:00,20.1,42.3,N/A
DEV020,humidity,大阪,2026-04-27 23:30:00,22.3,50.9,warning
DEV021,humidity,東京,2026-04-27 23:30:00,18.1,35.0,normal
DEV022,temperature,大阪,2026-04-27 23:30:00,28.8,56.0,normal
DEV023,temperature,東京,2026-04-27 23:30:00,25.4,N/A,normal
DEV024,humidity,東京,2026-04-27 23:30:00,28.0,53.9,normal
DEV025,humidity,大阪,2026-04-27 23:30:00,23.6,63.1,normal
DEV026,vibration,大阪,2026-04-27 23:30:00,29.1,57.0,normal
DEV027,temperature,愛知,2026-04-27 23:30:00,20.1,57.1,warning
DEV028,humidity,愛知,2026-04-27 23:30:00,19.1,43.9,normal
DEV029,temperature,大阪,2026-04-27 23:30:00,20.5,64.4,normal
DEV030,temperature,愛知,2026-04-27 23:30:00,23.4,33.9,normal
DEV001,vibration,東京,2026-04-27 23:35:00,25.3,62.0,N/A
DEV002,temperature,愛知,2026-04-27 23:35:00,22.5,68.8,N/A
DEV003,humidity,東京,2026-04-27 23:35:00,27.1,37.0,normal
DEV004,temperature,東京,2026-04-27 23:35:00,24.6,N/A,N/A
DEV005,vibration,東京,2026-04-27 23:35:00,26.6,49.7,normal
DEV006,vibration,愛知,2026-04-27 23:35:00,23.4,56.6,normal
DEV007,vibration,東京,2026-04-27 23:35:00,18.1,42.8,normal
DEV008,vibration,大阪,2026-04-27 23:35:00,19.9,66.3,normal
DEV009,temperature,東京,2026-04-27 23:35:00,19.1,48.1,normal
DEV010,temperature,東京,2026-04-27 23:35:00,24.9,63.1,normal
DEV011,temperature,愛知,2026-04-27 23:35:00,29.4,46.3,normal
DEV012,vibration,東京,2026-04-27 23:35:00,26.2,68.7,normal
DEV013,vibration,東京,2026-04-27 23:35:00,21.2,30.1,normal
DEV014,vibration,愛知,2026-04-27 23:35:00,,56.2,normal
DEV015,vibration,愛知,2026-04-27 23:35:00,26.3,46.8,normal
DEV016,humidity,東京,2026-04-27 23:35:00,23.5,35.6,warning
DEV017,humidity,愛知,2026-04-27 23:35:00,21.6,43.5,normal
DEV018,humidity,東京,2026-04-27 23:35:00,25.4,62.1,normal
DEV019,temperature,愛知,2026-04-27 23:35:00,18.7,65.6,normal
DEV020,humidity,大阪,2026-04-27 23:35:00,20.2,49.4,normal
DEV021,humidity,東京,2026-04-27 23:35:00,28.1,68.0,normal
DEV022,temperature,大阪,2026-04-27 23:35:00,28.0,63.5,normal
DEV023,temperature,東京,2026-04-27 23:35:00,27.3,36.6,N/A
DEV024,humidity,東京,2026-04-27 23:35:00,,51.1,normal
DEV025,humidity,大阪,2026-04-27 23:35:00,20.4,62.1,normal
DEV026,vibration,大阪,2026-04-27 23:35:00,28.4,64.3,normal
DEV027,temperature,愛知,2026-04-27 23:35:00,19.5,38.8,warning
DEV028,humidity,愛知,2026-04-27 23:35:00,24.9,34.8,N/A
DEV029,temperature,大阪,2026-04-27 23:35:00,26.2,47.2,normal
DEV030,temperature,愛知,2026-04-27 23:35:00,24.9,47.7,N/A
DEV001,vibration,東京,2026-04-27 23:40:00,22.6,,warning
DEV002,temperature,愛知,2026-04-27 23:40:00,23.0,35.9,N/A
DEV003,humidity,東京,2026-04-27 23:40:00,24.1,N/A,warning
DEV004,temperature,東京,2026-04-27 23:40:00,21.7,64.0,critical
DEV005,vibration,東京,2026-04-27 23:40:00,24.1,38.7,normal
DEV006,vibration,愛知,2026-04-27 23:40:00,29.8,51.5,normal
DEV007,vibration,東京,2026-04-27 23:40:00,23.4,50.1,normal
DEV008,vibration,大阪,2026-04-27 23:40:00,,31.4,warning
DEV009,temperature,東京,2026-04-27 23:40:00,21.9,43.3,normal
DEV010,temperature,東京,2026-04-27 23:40:00,,37.8,normal
DEV011,temperature,愛知,2026-04-27 23:40:00,28.3,33.5,normal
DEV012,vibration,東京,2026-04-27 23:40:00,27.2,32.6,normal
DEV013,vibration,東京,2026-04-27 23:40:00,28.9,41.8,normal
DEV014,vibration,愛知,2026-04-27 23:40:00,25.3,61.8,normal
DEV015,vibration,愛知,2026-04-27 23:40:00,23.4,43.0,N/A
DEV016,humidity,東京,2026-04-27 23:40:00,25.7,61.3,normal
DEV017,humidity,愛知,2026-04-27 23:40:00,24.8,48.8,critical
DEV018,humidity,東京,2026-04-27 23:40:00,20.7,63.2,normal
DEV019,temperature,愛知,2026-04-27 23:40:00,24.2,39.7,N/A
DEV020,humidity,大阪,2026-04-27 23:40:00,18.3,53.8,normal
DEV021,humidity,東京,2026-04-27 23:40:00,21.7,32.4,normal
DEV022,temperature,大阪,2026-04-27 23:40:00,24.6,54.2,normal
DEV023,temperature,東京,2026-04-27 23:40:00,28.9,52.6,normal
DEV024,humidity,東京,2026-04-27 23:40:00,26.4,54.9,normal
DEV025,humidity,大阪,2026-04-27 23:40:00,28.1,30.8,critical
DEV026,vibration,大阪,2026-04-27 23:40:00,23.1,55.6,critical
DEV027,temperature,愛知,2026-04-27 23:40:00,29.5,64.4,normal
DEV028,humidity,愛知,2026-04-27 23:40:00,23.1,33.8,warning
DEV029,temperature,大阪,2026-04-27 23:40:00,26.2,41.1,normal
DEV030,temperature,愛知,2026-04-27 23:40:00,28.4,68.8,normal
DEV001,vibration,東京,2026-04-27 23:45:00,26.9,36.1,normal
DEV002,temperature,愛知,2026-04-27 23:45:00,25.8,57.4,normal
DEV003,humidity,東京,2026-04-27 23:45:00,20.1,31.3,normal
DEV004,temperature,東京,2026-04-27 23:45:00,22.4,50.8,normal
DEV005,vibration,東京,2026-04-27 23:45:00,22.2,47.4,normal
DEV006,vibration,愛知,2026-04-27 23:45:00,25.3,48.7,normal
DEV007,vibration,東京,2026-04-27 23:45:00,19.2,68.6,normal
DEV008,vibration,大阪,2026-04-27 23:45:00,29.2,44.5,N/A
DEV009,temperature,東京,2026-04-27 23:45:00,19.0,64.4,normal
DEV010,temperature,東京,2026-04-27 23:45:00,21.1,35.4,normal
DEV011,temperature,愛知,2026-04-27 23:45:00,27.0,48.9,critical
DEV012,vibration,東京,2026-04-27 23:45:00,21.7,46.9,normal
DEV013,vibration,東京,2026-04-27 23:45:00,25.9,44.8,normal
DEV014,vibration,愛知,2026-04-27 23:45:00,21.1,33.7,critical
DEV015,vibration,愛知,2026-04-27 23:45:00,19.4,64.3,warning
DEV016,humidity,東京,2026-04-27 23:45:00,21.3,68.6,normal
DEV017,humidity,愛知,2026-04-27 23:45:00,24.5,69.3,normal
DEV018,humidity,東京,2026-04-27 23:45:00,29.2,30.6,normal
DEV019,temperature,愛知,2026-04-27 23:45:00,20.9,65.9,normal
DEV020,humidity,大阪,2026-04-27 23:45:00,29.8,41.2,normal
DEV021,humidity,東京,2026-04-27 23:45:00,19.2,44.0,warning
DEV022,temperature,大阪,2026-04-27 23:45:00,28.6,47.5,critical
DEV023,temperature,東京,2026-04-27 23:45:00,,38.9,normal
DEV024,humidity,東京,2026-04-27 23:45:00,,64.3,normal
DEV025,humidity,大阪,2026-04-27 23:45:00,26.6,,normal
DEV026,vibration,大阪,2026-04-27 23:45:00,20.0,31.7,critical
DEV027,temperature,愛知,2026-04-27 23:45:00,22.5,43.9,warning
DEV028,humidity,愛知,2026-04-27 23:45:00,24.9,60.0,normal
DEV029,temperature,大阪,2026-04-27 23:45:00,28.5,55.6,critical
DEV030,temperature,愛知,2026-04-27 23:45:00,26.7,50.9,normal
DEV001,vibration,東京,2026-04-27 23:50:00,19.6,46.7,normal
DEV002,temperature,愛知,2026-04-27 23:50:00,26.0,69.7,normal
DEV003,humidity,東京,2026-04-27 23:50:00,18.8,64.0,warning
DEV004,temperature,東京,2026-04-27 23:50:00,29.9,42.0,normal
DEV005,vibration,東京,2026-04-27 23:50:00,28.5,47.8,normal
DEV006,vibration,愛知,2026-04-27 23:50:00,28.2,57.9,normal
DEV007,vibration,東京,2026-04-27 23:50:00,23.9,47.6,N/A
DEV008,vibration,大阪,2026-04-27 23:50:00,23.7,64.5,normal
DEV009,temperature,東京,2026-04-27 23:50:00,20.2,52.0,normal
DEV010,temperature,東京,2026-04-27 23:50:00,26.5,61.1,N/A
DEV011,temperature,愛知,2026-04-27 23:50:00,27.9,59.9,normal
DEV012,vibration,東京,2026-04-27 23:50:00,23.8,40.8,normal
DEV013,vibration,東京,2026-04-27 23:50:00,19.9,45.3,normal
DEV014,vibration,愛知,2026-04-27 23:50:00,24.5,38.2,normal
DEV015,vibration,愛知,2026-04-27 23:50:00,28.0,62.0,normal
DEV016,humidity,東京,2026-04-27 23:50:00,26.2,38.4,normal
DEV017,humidity,愛知,2026-04-27 23:50:00,24.7,45.0,normal
DEV018,humidity,東京,2026-04-27 23:50:00,27.6,54.0,normal
DEV019,temperature,愛知,2026-04-27 23:50:00,29.4,51.2,critical
DEV020,humidity,大阪,2026-04-27 23:50:00,25.4,35.8,N/A
DEV021,humidity,東京,2026-04-27 23:50:00,26.8,N/A,normal
DEV022,temperature,大阪,2026-04-27 23:50:00,22.5,62.0,normal
DEV023,temperature,東京,2026-04-27 23:50:00,25.8,44.4,N/A
DEV024,humidity,東京,2026-04-27 23:50:00,29.4,66.5,normal
DEV025,humidity,大阪,2026-04-27 23:50:00,26.2,42.0,normal
DEV026,vibration,大阪,2026-04-27 23:50:00,20.0,54.6,normal
DEV027,temperature,愛知,2026-04-27 23:50:00,29.3,60.4,critical
DEV028,humidity,愛知,2026-04-27 23:50:00,27.2,33.7,normal
DEV029,temperature,大阪,2026-04-27 23:50:00,21.4,66.6,normal
DEV030,temperature,愛知,2026-04-27 23:50:00,18.3,46.6,normal
DEV001,vibration,東京,2026-04-27 23:55:00,22.0,50.2,normal
DEV002,temperature,愛知,2026-04-27 23:55:00,21.3,49.5,normal
DEV003,humidity,東京,2026-04-27 23:55:00,20.1,58.6,warning
DEV004,temperature,東京,2026-04-27 23:55:00,28.2,52.4,normal
DEV005,vibration,東京,2026-04-27 23:55:00,18.9,57.4,critical
DEV006,vibration,愛知,2026-04-27 23:55:00,21.7,41.9,normal
DEV007,vibration,東京,2026-04-27 23:55:00,999,48.8,warning
DEV008,vibration,大阪,2026-04-27 23:55:00,27.3,61.5,normal
DEV009,temperature,東京,2026-04-27 23:55:00,19.5,31.3,critical
DEV010,temperature,東京,2026-04-27 23:55:00,23.7,53.9,normal
DEV011,temperature,愛知,2026-04-27 23:55:00,19.9,54.8,warning
DEV012,vibration,東京,2026-04-27 23:55:00,18.1,57.4,normal
DEV013,vibration,東京,2026-04-27 23:55:00,23.9,61.5,normal
DEV014,vibration,愛知,2026-04-27 23:55:00,26.4,49.8,normal
DEV015,vibration,愛知,2026-04-27 23:55:00,24.6,51.3,N/A
DEV016,humidity,東京,2026-04-27 23:55:00,18.3,64.3,normal
DEV017,humidity,愛知,2026-04-27 23:55:00,19.6,65.1,normal
DEV018,humidity,東京,2026-04-27 23:55:00,24.8,N/A,normal
DEV019,temperature,愛知,2026-04-27 23:55:00,29.2,N/A,normal
DEV020,humidity,大阪,2026-04-27 23:55:00,25.9,43.0,normal
DEV021,humidity,東京,2026-04-27 23:55:00,25.6,51.7,normal
DEV022,temperature,大阪,2026-04-27 23:55:00,26.0,37.1,N/A
DEV023,temperature,東京,2026-04-27 23:55:00,24.7,63.3,normal
DEV024,humidity,東京,2026-04-27 23:55:00,,60.2,normal
DEV025,humidity,大阪,2026-04-27 23:55:00,19.0,62.6,normal
DEV026,vibration,大阪,2026-04-27 23:55:00,23.9,36.3,normal
DEV027,temperature,愛知,2026-04-27 23:55:00,26.4,52.1,normal
DEV028,humidity,愛知,2026-04-27 23:55:00,28.8,65.5,normal
DEV029,temperature,大阪,2026-04-27 23:55:00,29.5,34.5,normal
DEV030,temperature,愛知,2026-04-27 23:55:00,23.1,32.7,normal